#
# There is insufficient memory for the Java Runtime Environment to continue.
# Native memory allocation (mmap) failed to map 1048576 bytes. Error detail: G1 virtual space
# Possible reasons:
#   The system is out of physical RAM or swap space
#   This process is running with CompressedOops enabled, and the Java Heap may be blocking the growth of the native heap
# Possible solutions:
#   Reduce memory load on the system
#   Increase physical memory or swap space
#   Check if swap backing store is full
#   Decrease Java heap size (-Xmx/-Xms)
#   Decrease number of Java threads
#   Decrease Java thread stack sizes (-Xss)
#   Set larger code cache with -XX:ReservedCodeCacheSize=
#   JVM is running with Unscaled Compressed Oops mode in which the Java heap is
#     placed in the first 4GB address space. The Java Heap base address is the
#     maximum limit for the native heap growth. Please use -XX:HeapBaseMinAddress
#     to set the Java Heap base and to place the Java Heap above 4GB virtual address.
# This output file may be truncated or incomplete.
#
#  Out of Memory Error (os_windows.cpp:3898), pid=41320, tid=45564
#
# JRE version: OpenJDK Runtime Environment JBR-21.0.7+6-1038.58-jcef (21.0.7+6) (build 21.0.7+6-b1038.58)
# Java VM: OpenJDK 64-Bit Server VM JBR-21.0.7+6-1038.58-jcef (21.0.7+6-b1038.58, mixed mode, sharing, tiered, compressed oops, compressed class ptrs, g1 gc, windows-amd64)
# No core dump will be written. Minidumps are not enabled by default on client versions of Windows
#

---------------  S U M M A R Y ------------

Command Line: abort vfprintf -XX:ErrorFile=C:\Users\yeric\java_error_in_rider_%p.log -XX:HeapDumpPath=C:\Users\yeric\java_error_in_rider.hprof -Xms128m -Xmx2048m -XX:JbrShrinkingGcMaxHeapFreeRatio=40 -XX:ReservedCodeCacheSize=512m -XX:+HeapDumpOnOutOfMemoryError -XX:-OmitStackTraceInFastThrow -XX:CICompilerCount=2 -XX:+IgnoreUnrecognizedVMOptions -XX:+UnlockDiagnosticVMOptions -XX:TieredOldPercentage=100000 -ea -Dsun.io.useCanonCaches=false -Dsun.java2d.metal=true -Djbr.catch.SIGABRT=true -Djdk.http.auth.tunneling.disabledSchemes="" -Djdk.attach.allowAttachSelf=true -Djdk.module.illegalAccess.silent=true -Djdk.nio.maxCachedBufferSize=2097152 -Djava.util.zip.use.nio.for.zip.file.access=true -Dkotlinx.coroutines.debug=off -Djava.nio.file.spi.DefaultFileSystemProvider=com.intellij.platform.core.nio.fs.MultiRoutingFileSystemProvider -Dllm.show.ai.promotion.window.on.start=false -Xms128m -Xmx2048m -XX:ReservedCodeCacheSize=512m -XX:+IgnoreUnrecognizedVMOptions -XX:+UseG1GC -XX:SoftRefLRUPolicyMSPerMB=50 -XX:CICompilerCount=2 -XX:+HeapDumpOnOutOfMemoryError -XX:-OmitStackTraceInFastThrow -ea -Dsun.io.useCanonCaches=false -Djdk.http.auth.tunneling.disabledSchemes="" -Djdk.attach.allowAttachSelf=true -Djdk.module.illegalAccess.silent=true -Dkotlinx.coroutines.debug=off -XX:ErrorFile=$USER_HOME/java_error_in_idea_%p.log -XX:HeapDumpPath=$USER_HOME/java_error_in_idea.hprof --add-opens=java.base/jdk.internal.org.objectweb.asm=ALL-UNNAMED --add-opens=java.base/jdk.internal.org.objectweb.asm.tree=ALL-UNNAMED -javaagent:C:\ja-netfilter-all\ja-netfilter.jar=jetbrains -Djb.vmOptionsFile=C:\ja-netfilter-all\vmoptions\rider.vmoptions -Xbootclasspath/a:C:\Program Files\JetBrains\JetBrains Rider 2025.2\lib\nio-fs.jar -Djava.system.class.loader=com.intellij.util.lang.PathClassLoader -Didea.vendor.name=JetBrains -Didea.paths.selector=Rider2025.2 -Djna.boot.library.path=C:\Program Files\JetBrains\JetBrains Rider 2025.2/lib/jna/amd64 -Djna.nosys=true -Djna.noclasspath=true -Dpty4j.preferred.native.folder=C:\Program Files\JetBrains\JetBrains Rider 2025.2/lib/pty4j -Dio.netty.allocator.type=pooled -Dintellij.platform.runtime.repository.path=C:\Program Files\JetBrains\JetBrains Rider 2025.2/modules/module-descriptors.dat -Didea.platform.prefix=Rider -Dwsl.use.remote.agent.for.nio.filesystem=true -Djava.nio.file.spi.DefaultFileSystemProvider=com.intellij.platform.core.nio.fs.MultiRoutingFileSystemProvider -Dide.native.launcher=true -Didea.class.before.app=com.jetbrains.rider.protocol.EarlyBackendStarter -Didea.show.customize.ide.wizard=true -DFilePageCache.THROW_ERROR_ON_DUPLICATE_STORAGE_REGISTRATION=false -Dsplash=true -Daether.connector.resumeDownloads=false -Dcompose.swing.render.on.graphics=true --add-opens=java.base/java.io=ALL-UNNAMED --add-opens=java.base/java.lang=ALL-UNNAMED --add-opens=java.base/java.lang.ref=ALL-UNNAMED --add-opens=java.base/java.lang.reflect=ALL-UNNAMED --add-opens=java.base/java.net=ALL-UNNAMED --add-opens=java.base/java.nio=ALL-UNNAMED --add-opens=java.base/java.nio.charset=ALL-UNNAMED --add-opens=java.base/java.text=ALL-UNNAMED --add-opens=java.base/java.time=ALL-UNNAMED --add-opens=java.base/java.util=ALL-UNNAMED --add-opens=java.base/java.util.concurrent=ALL-UNNAMED --add-opens=java.base/java.util.concurrent.atomic=ALL-UNNAMED --add-opens=java.base/java.util.concurrent.locks=ALL-UNNAMED --add-opens=java.base/jdk.internal.vm=ALL-UNNAMED --add-opens=java.base/sun.net.dns=ALL-UNNAMED --add-opens=java.base/sun.nio.ch=ALL-UNNAMED --add-opens=java.base/sun.nio.fs=ALL-UNNAMED --add-opens=java.base/sun.security.ssl=ALL-UNNAMED --add-opens=java.base/sun.security.util=ALL-UNNAMED --add-opens=java.desktop/com.sun.java.swing=ALL-UNNAMED --add-opens=java.desktop/java.awt=ALL-UNNAMED --add-opens=java.desktop/java.awt.dnd.peer=ALL-UNNAMED --add-opens=java.desktop/java.awt.event=ALL-UNNAMED --add-opens=java.desktop/java.awt.font=ALL-UNNAMED --add-opens=java.desktop/java.awt.image=ALL-UNNAMED --add-opens=java.desktop/java.awt.peer=ALL-UNNAMED --add-opens=java.desktop/javax.swing=ALL-UNNAMED --add-opens=java.desktop/javax.swing.plaf.basic=ALL-UNNAMED --add-opens=java.desktop/javax.swing.text=ALL-UNNAMED --add-opens=java.desktop/javax.swing.text.html=ALL-UNNAMED --add-opens=java.desktop/javax.swing.text.html.parser=ALL-UNNAMED --add-opens=java.desktop/sun.awt=ALL-UNNAMED --add-opens=java.desktop/sun.awt.datatransfer=ALL-UNNAMED --add-opens=java.desktop/sun.awt.image=ALL-UNNAMED --add-opens=java.desktop/sun.awt.windows=ALL-UNNAMED --add-opens=java.desktop/sun.font=ALL-UNNAMED --add-opens=java.desktop/sun.java2d=ALL-UNNAMED --add-opens=java.desktop/sun.swing=ALL-UNNAMED --add-opens=java.management/sun.management=ALL-UNNAMED --add-opens=jdk.attach/sun.tools.attach=ALL-UNNAMED --add-opens=jdk.compiler/com.sun.tools.javac.api=ALL-UNNAMED --add-opens=jdk.internal.jvmstat/sun.jvmstat.monitor=ALL-UNNAMED --add-opens=jdk.jdi/com.sun.tools.jdi=ALL-UNNAMED -Dide.native.launcher=true -Djcef.sandbox.ptr=000001DF86898C10 -Djcef.sandbox.cefVersion=122.1.9+gd14e051+chromium-122.0.6261.94 com.intellij.idea.Main C:\Dekel\Tishel\Hafifot\Unity\Avishai\TheCubeMaster\TheCubeMaster.sln --line -1 --column -1 C:\Dekel\Tishel\Hafifot\Unity\Avishai\TheCubeMaster\Assets\Scripts\Factory\PickupFactory.cs

Host: 12th Gen Intel(R) Core(TM) i7-12700F, 20 cores, 15G,  Windows 11 , 64 bit Build 22621 (10.0.22621.5415)
Time: Tue Sep 30 11:38:55 2025 Jerusalem Daylight Time elapsed time: 93.662763 seconds (0d 0h 1m 33s)

---------------  T H R E A D  ---------------

Current thread (0x000001e026bf72b0):  WorkerThread "GC Thread#7"    [id=45564, stack(0x000000633a400000,0x000000633a500000) (1024K)]

Stack: [0x000000633a400000,0x000000633a500000]
Native frames: (J=compiled Java code, j=interpreted, Vv=VM code, C=native code)
V  [jvm.dll+0x6e7c19]
V  [jvm.dll+0x8c5f53]
V  [jvm.dll+0x8c84ae]
V  [jvm.dll+0x8c8b93]
V  [jvm.dll+0x2899e6]
V  [jvm.dll+0x6e4455]
V  [jvm.dll+0x6d7f1a]
V  [jvm.dll+0x3640db]
V  [jvm.dll+0x36bca6]
V  [jvm.dll+0x3bdd4b]
V  [jvm.dll+0x3be404]
V  [jvm.dll+0x3be4cd]
V  [jvm.dll+0x337fdc]
V  [jvm.dll+0x337d38]
V  [jvm.dll+0x326916]
V  [jvm.dll+0x3277aa]
V  [jvm.dll+0x327cd8]
V  [jvm.dll+0x32760e]
V  [jvm.dll+0x365f6a]
V  [jvm.dll+0x3662e6]
V  [jvm.dll+0x374b68]
V  [jvm.dll+0x6d2cb3]
V  [jvm.dll+0x6d3900]
V  [jvm.dll+0x320ffb]
V  [jvm.dll+0x3ff195]
V  [jvm.dll+0x86ddf6]
V  [jvm.dll+0x877d7f]
V  [jvm.dll+0x37524a]
V  [jvm.dll+0x3750e4]
V  [jvm.dll+0x37cbb4]
V  [jvm.dll+0x37cd2b]
V  [jvm.dll+0x8f3b94]
V  [jvm.dll+0x86dab8]
V  [jvm.dll+0x6e639d]
C  [ucrtbase.dll+0x29333]
C  [KERNEL32.DLL+0x1259d]
C  [ntdll.dll+0x5af78]

JavaThread 0x000001e026c76d60 (nid = 17028) was being processed
Java frames: (J=compiled Java code, j=interpreted, Vv=VM code)
J 1677  jdk.internal.misc.Unsafe.park(ZJ)V java.base@21.0.7 (0 bytes) @ 0x000001df9d3f4073 [0x000001df9d3f4020+0x0000000000000053]
J 33545 c2 java.util.concurrent.ThreadPoolExecutor.getTask()Ljava/lang/Runnable; java.base@21.0.7 (177 bytes) @ 0x000001df9dec4a58 [0x000001df9dec4260+0x00000000000007f8]
j  java.util.concurrent.ThreadPoolExecutor.runWorker(Ljava/util/concurrent/ThreadPoolExecutor$Worker;)V+26 java.base@21.0.7
j  java.util.concurrent.ThreadPoolExecutor$Worker.run()V+5 java.base@21.0.7
j  java.lang.Thread.runWith(Ljava/lang/Object;Ljava/lang/Runnable;)V+5 java.base@21.0.7
j  java.lang.Thread.run()V+19 java.base@21.0.7
v  ~StubRoutines::call_stub 0x000001df9cde100d

---------------  P R O C E S S  ---------------

Threads class SMR info:
_java_thread_list=0x000001e036798400, length=221, elements={
0x000001df868c1290, 0x000001dfb2a6aeb0, 0x000001dfb2a76830, 0x000001dfb2a78600,
0x000001dfb2a7b630, 0x000001dfb2a7c1c0, 0x000001dfb2a7cfd0, 0x000001dfb2a7da30,
0x000001dfb2a88910, 0x000001dfb2a8c9b0, 0x000001e02491cc50, 0x000001e024999860,
0x000001e024999ed0, 0x000001e0249ad000, 0x000001e024a8dc70, 0x000001e024ad0db0,
0x000001e024ad3510, 0x000001e024ad1440, 0x000001e024ad4230, 0x000001e024ad1ad0,
0x000001e024ad2160, 0x000001e024ad27f0, 0x000001e024ad2e80, 0x000001e024ad3ba0,
0x000001e024d8c030, 0x000001e024d901d0, 0x000001e024d92930, 0x000001e024d8f4b0,
0x000001e024d8fb40, 0x000001e024d8d3e0, 0x000001e024d8cd50, 0x000001e024d8e100,
0x000001e024d922a0, 0x000001e0255ee050, 0x000001e0255ed9c0, 0x000001e0255efa90,
0x000001e0255f07b0, 0x000001e0255eb8f0, 0x000001e0255ec610, 0x000001e026c74c90,
0x000001e026c76d60, 0x000001e027513bb0, 0x000001e027514240, 0x000001e0275155f0,
0x000001e0275148d0, 0x000001e027515c80, 0x000001e027516310, 0x000001e026c7bc20,
0x000001e0277a8d70, 0x000001e0277adc30, 0x000001e0277abb60, 0x000001e0277aa7b0,
0x000001e0277ac880, 0x000001e0277a9400, 0x000001e0277a9a90, 0x000001e0277a86e0,
0x000001e0277aa120, 0x000001e0277acf10, 0x000001e0277ad5a0, 0x000001e0277ae2c0,
0x000001e0277ae950, 0x000001e0277aae40, 0x000001e0277ab4d0, 0x000001e0277ac1f0,
0x000001e0277aefe0, 0x000001e0277a8050, 0x000001e0277af670, 0x000001e027838810,
0x000001e027835a20, 0x000001e027839530, 0x000001e027834d00, 0x000001e027838ea0,
0x000001e027839bc0, 0x000001e0278360b0, 0x000001e027837460, 0x000001e02783a250,
0x000001e02783a8e0, 0x000001e027837af0, 0x000001e02783af70, 0x000001e027838180,
0x000001e027836740, 0x000001e05613d3a0, 0x000001e05613da30, 0x000001e0ae0bb9c0,
0x000001e0adf093d0, 0x000001e0adf0a780, 0x000001e0adf07990, 0x000001e0bf7abd50,
0x000001e0c99f9a40, 0x000001e0c99f5f30, 0x000001e0c9a044e0, 0x000001e0c9a01060,
0x000001e0c9a00340, 0x000001e0c99fe900, 0x000001e0c9a009d0, 0x000001e0c9a01d80,
0x000001e0bf7a12b0, 0x000001e0bf7a6e90, 0x000001e0dd2819a0, 0x000001e0dd7471e0,
0x000001e0e1cc76f0, 0x000001e0e6eda8d0, 0x000001e0feb0b440, 0x000001e0feb0e230,
0x000001e0feb12a60, 0x000001e0feb10300, 0x000001e0feb0dba0, 0x000001e0feb0bad0,
0x000001e0feb0f5e0, 0x000001e0feb0ce80, 0x000001e0feb11d40, 0x000001e0feb151c0,
0x000001e0feb16c00, 0x000001e0e1cd5610, 0x000001e1056fcdb0, 0x000001e105700f50,
0x000001e1056fba00, 0x000001e1056fa650, 0x000001e1057043d0, 0x000001e1057015e0,
0x000001e105701c70, 0x000001e105724a40, 0x000001e1057064a0, 0x000001e10570c710,
0x000001e105703020, 0x000001e105702300, 0x000001e10570d430, 0x000001e105713010,
0x000001e10570fb90, 0x000001e105710f40, 0x000001e105705e10, 0x000001e101a13480,
0x000001e1019fb7e0, 0x000001e1019fdf40, 0x000001e101a03490, 0x000001e105721c50,
0x000001e105729f90, 0x000001e10572c6f0, 0x000001e105729270, 0x000001e10572acb0,
0x000001e105729900, 0x000001e10572b9d0, 0x000001e10572b340, 0x000001e10572a620,
0x000001e10572daa0, 0x000001e10572c060, 0x000001e10572d410, 0x000001e10572cd80,
0x000001e10572e130, 0x000001e10572ee50, 0x000001e105733d10, 0x000001e10572f4e0,
0x000001e1057343a0, 0x000001e10572fb70, 0x000001e105730200, 0x000001e105730f20,
0x000001e105733680, 0x000001e1057315b0, 0x000001e105734a30, 0x000001e1057322d0,
0x000001e105735750, 0x000001e10572e7c0, 0x000001e105732960, 0x000001e105735de0,
0x000001e105736b00, 0x000001e105738540, 0x000001e0e6ee9ba0, 0x000001e10ea2f3e0,
0x000001e10ea36a00, 0x000001e10ea35650, 0x000001e10ea30790, 0x000001e10ea37db0,
0x000001e10ea38440, 0x000001e10ea38ad0, 0x000001e10ea397f0, 0x000001e10e9ffaa0,
0x000001e10ea00e50, 0x000001e10ea135a0, 0x000001e10ea17740, 0x000001e10ea15d00,
0x000001e10ea19180, 0x000001e10ea170b0, 0x000001e10ea15670, 0x000001e02dd9d300,
0x000001e02c0c72c0, 0x000001e02d7ca710, 0x000001e02e287e60, 0x000001e02e2877d0,
0x000001e117267d80, 0x000001e02de4cf70, 0x000001e02f0fac60, 0x000001e02c4fcdd0,
0x000001e02e376210, 0x000001e02e374140, 0x000001e02f385f60, 0x000001e02de4c8e0,
0x000001e030076080, 0x000001e02f0f9f40, 0x000001e0ff526800, 0x000001e02e375b80,
0x000001e02e28b7f0, 0x000001e02de4bbc0, 0x000001e1172676f0, 0x000001e0304aecc0,
0x000001e0300023e0, 0x000001e02e23a610, 0x000001e02deb79e0, 0x000001e101854e60,
0x000001e02fe70df0, 0x000001e0308be5d0, 0x000001e0308bdf40, 0x000001e0308bf980,
0x000001e02ffff5f0, 0x000001e02c7884b0, 0x000001e02c78be30, 0x000001e02dc29c30,
0x000001e02dc2a2c0, 0x000001e101892dd0, 0x000001e02dbe9030, 0x000001e036dd1000,
0x000001e0300016c0
}
_to_delete_list=0x000001e02ed9cc30
Skipping _to_delete_list fields and contents for safety.

Java Threads: ( => current thread )
  0x000001df868c1290 JavaThread "main"                              [_thread_blocked, id=36924, stack(0x0000006337000000,0x0000006337200000) (2048K)]
  0x000001dfb2a6aeb0 JavaThread "Common-Cleaner"             daemon [_thread_blocked, id=41636, stack(0x0000006337900000,0x0000006337a00000) (1024K)]
  0x000001dfb2a76830 JavaThread "Reference Handler"          daemon [_thread_blocked, id=23744, stack(0x0000006337a00000,0x0000006337b00000) (1024K)]
  0x000001dfb2a78600 JavaThread "Finalizer"                  daemon [_thread_blocked, id=12428, stack(0x0000006337b00000,0x0000006337c00000) (1024K)]
  0x000001dfb2a7b630 JavaThread "Signal Dispatcher"          daemon [_thread_blocked, id=16056, stack(0x0000006337c00000,0x0000006337d00000) (1024K)]
  0x000001dfb2a7c1c0 JavaThread "Attach Listener"            daemon [_thread_blocked, id=1300, stack(0x0000006337d00000,0x0000006337e00000) (1024K)]
  0x000001dfb2a7cfd0 JavaThread "Service Thread"             daemon [_thread_blocked, id=13792, stack(0x0000006337e00000,0x0000006337f00000) (1024K)]
  0x000001dfb2a7da30 JavaThread "Monitor Deflation Thread"   daemon [_thread_blocked, id=45256, stack(0x0000006337f00000,0x0000006338000000) (1024K)]
  0x000001dfb2a88910 JavaThread "C2 CompilerThread0"         daemon [_thread_blocked, id=6588, stack(0x0000006338000000,0x0000006338100000) (1024K)]
  0x000001dfb2a8c9b0 JavaThread "C1 CompilerThread0"         daemon [_thread_blocked, id=45096, stack(0x0000006338100000,0x0000006338200000) (1024K)]
  0x000001e02491cc50 JavaThread "Notification Thread"        daemon [_thread_blocked, id=49176, stack(0x0000006338200000,0x0000006338300000) (1024K)]
  0x000001e024999860 JavaThread "DefaultDispatcher-worker-1" daemon [_thread_blocked, id=31132, stack(0x0000006338900000,0x0000006338a00000) (1024K)]
  0x000001e024999ed0 JavaThread "DefaultDispatcher-worker-2" daemon [_thread_blocked, id=9160, stack(0x0000006338a00000,0x0000006338b00000) (1024K)]
  0x000001e0249ad000 JavaThread "DefaultDispatcher-worker-3" daemon [_thread_blocked, id=42912, stack(0x0000006338b00000,0x0000006338c00000) (1024K)]
  0x000001e024a8dc70 JavaThread "DefaultDispatcher-worker-4" daemon [_thread_blocked, id=7468, stack(0x0000006338c00000,0x0000006338d00000) (1024K)]
  0x000001e024ad0db0 JavaThread "DefaultDispatcher-worker-5" daemon [_thread_blocked, id=16676, stack(0x0000006338d00000,0x0000006338e00000) (1024K)]
  0x000001e024ad3510 JavaThread "DefaultDispatcher-worker-6" daemon [_thread_blocked, id=50804, stack(0x0000006338e00000,0x0000006338f00000) (1024K)]
  0x000001e024ad1440 JavaThread "DefaultDispatcher-worker-7" daemon [_thread_blocked, id=40204, stack(0x0000006338f00000,0x0000006339000000) (1024K)]
  0x000001e024ad4230 JavaThread "DefaultDispatcher-worker-8" daemon [_thread_blocked, id=18836, stack(0x0000006339000000,0x0000006339100000) (1024K)]
  0x000001e024ad1ad0 JavaThread "DefaultDispatcher-worker-9" daemon [_thread_blocked, id=19632, stack(0x0000006339100000,0x0000006339200000) (1024K)]
  0x000001e024ad2160 JavaThread "DefaultDispatcher-worker-10" daemon [_thread_blocked, id=45752, stack(0x0000006339200000,0x0000006339300000) (1024K)]
  0x000001e024ad27f0 JavaThread "DefaultDispatcher-worker-11" daemon [_thread_blocked, id=31608, stack(0x0000006339300000,0x0000006339400000) (1024K)]
  0x000001e024ad2e80 JavaThread "DefaultDispatcher-worker-12" daemon [_thread_blocked, id=16424, stack(0x0000006339400000,0x0000006339500000) (1024K)]
  0x000001e024ad3ba0 JavaThread "DefaultDispatcher-worker-13" daemon [_thread_blocked, id=40740, stack(0x0000006339500000,0x0000006339600000) (1024K)]
  0x000001e024d8c030 JavaThread "DefaultDispatcher-worker-14" daemon [_thread_blocked, id=38544, stack(0x0000006339600000,0x0000006339700000) (1024K)]
  0x000001e024d901d0 JavaThread "DefaultDispatcher-worker-15" daemon [_thread_blocked, id=39276, stack(0x0000006339700000,0x0000006339800000) (1024K)]
  0x000001e024d92930 JavaThread "DefaultDispatcher-worker-16" daemon [_thread_in_native, id=25392, stack(0x0000006339800000,0x0000006339900000) (1024K)]
  0x000001e024d8f4b0 JavaThread "DefaultDispatcher-worker-17" daemon [_thread_blocked, id=42300, stack(0x0000006339900000,0x0000006339a00000) (1024K)]
  0x000001e024d8fb40 JavaThread "DefaultDispatcher-worker-18" daemon [_thread_blocked, id=43768, stack(0x0000006339a00000,0x0000006339b00000) (1024K)]
  0x000001e024d8d3e0 JavaThread "DefaultDispatcher-worker-19" daemon [_thread_blocked, id=13848, stack(0x0000006339b00000,0x0000006339c00000) (1024K)]
  0x000001e024d8cd50 JavaThread "DefaultDispatcher-worker-20" daemon [_thread_blocked, id=49948, stack(0x0000006339c00000,0x0000006339d00000) (1024K)]
  0x000001e024d8e100 JavaThread "Java2D Disposer"            daemon [_thread_blocked, id=48304, stack(0x0000006339d00000,0x0000006339e00000) (1024K)]
  0x000001e024d922a0 JavaThread "AWT-Shutdown"                      [_thread_blocked, id=15512, stack(0x0000006339e00000,0x0000006339f00000) (1024K)]
  0x000001e0255ee050 JavaThread "AWT-Windows"                daemon [_thread_blocked, id=10216, stack(0x0000006339f00000,0x000000633a000000) (1024K)]
  0x000001e0255ed9c0 JavaThread "External Command Listener"  daemon [_thread_in_native, id=42476, stack(0x000000633a000000,0x000000633a100000) (1024K)]
  0x000001e0255efa90 JavaThread "kotlinx.coroutines.DefaultExecutor" daemon [_thread_blocked, id=44648, stack(0x000000633a100000,0x000000633a200000) (1024K)]
  0x000001e0255f07b0 JavaThread "AWT-EventQueue-0"                  [_thread_blocked, id=50116, stack(0x000000633a200000,0x000000633a300000) (1024K)]
  0x000001e0255eb8f0 JavaThread "EarlyStartServerWire/Sender" daemon [_thread_blocked, id=49264, stack(0x000000633a300000,0x000000633a400000) (1024K)]
  0x000001e0255ec610 JavaThread "Kernel event loop thread op0dt27g8gdotvcimmj0" daemon [_thread_blocked, id=17776, stack(0x000000633af00000,0x000000633b000000) (1024K)]
  0x000001e026c74c90 JavaThread "EarlyStartServerWire"       daemon [_thread_blocked, id=21752, stack(0x000000633b000000,0x000000633b100000) (1024K)]
  0x000001e026c76d60 JavaThread "SerializersBackgroundRegistrar" daemon [_thread_blocked, id=17028, stack(0x000000633b100000,0x000000633b200000) (1024K)]
  0x000001e027513bb0 JavaThread "Program"                           [_thread_in_native, id=15192, stack(0x000000633b200000,0x000000633b300000) (1024K)]
  0x000001e027514240 JavaThread "BaseDataReader: output stream of Program"        [_thread_in_native, id=34244, stack(0x000000633b300000,0x000000633b400000) (1024K)]
  0x000001e0275155f0 JavaThread "BaseDataReader: error stream of Program"        [_thread_in_native, id=44852, stack(0x000000633b400000,0x000000633b500000) (1024K)]
  0x000001e0275148d0 JavaThread "DefaultDispatcher-worker-21" daemon [_thread_blocked, id=28500, stack(0x000000633b500000,0x000000633b600000) (1024K)]
  0x000001e027515c80 JavaThread "DefaultDispatcher-worker-22" daemon [_thread_blocked, id=28160, stack(0x000000633b600000,0x000000633b700000) (1024K)]
  0x000001e027516310 JavaThread "DefaultDispatcher-worker-23" daemon [_thread_blocked, id=9512, stack(0x000000633b700000,0x000000633b800000) (1024K)]
  0x000001e026c7bc20 JavaThread "DefaultDispatcher-worker-24" daemon [_thread_blocked, id=35412, stack(0x000000633b800000,0x000000633b900000) (1024K)]
  0x000001e0277a8d70 JavaThread "DefaultDispatcher-worker-25" daemon [_thread_blocked, id=51048, stack(0x000000633b900000,0x000000633ba00000) (1024K)]
  0x000001e0277adc30 JavaThread "DefaultDispatcher-worker-27" daemon [_thread_blocked, id=9068, stack(0x000000633ba00000,0x000000633bb00000) (1024K)]
  0x000001e0277abb60 JavaThread "DefaultDispatcher-worker-28" daemon [_thread_blocked, id=42420, stack(0x000000633bb00000,0x000000633bc00000) (1024K)]
  0x000001e0277aa7b0 JavaThread "DefaultDispatcher-worker-29" daemon [_thread_in_native, id=48136, stack(0x000000633bc00000,0x000000633bd00000) (1024K)]
  0x000001e0277ac880 JavaThread "DefaultDispatcher-worker-26" daemon [_thread_blocked, id=37484, stack(0x000000633bd00000,0x000000633be00000) (1024K)]
  0x000001e0277a9400 JavaThread "DefaultDispatcher-worker-30" daemon [_thread_blocked, id=34152, stack(0x000000633be00000,0x000000633bf00000) (1024K)]
  0x000001e0277a9a90 JavaThread "DefaultDispatcher-worker-31" daemon [_thread_blocked, id=50568, stack(0x000000633bf00000,0x000000633c000000) (1024K)]
  0x000001e0277a86e0 JavaThread "DefaultDispatcher-worker-32" daemon [_thread_blocked, id=12792, stack(0x000000633c000000,0x000000633c100000) (1024K)]
  0x000001e0277aa120 JavaThread "DefaultDispatcher-worker-33" daemon [_thread_blocked, id=32060, stack(0x000000633c100000,0x000000633c200000) (1024K)]
  0x000001e0277acf10 JavaThread "DefaultDispatcher-worker-34" daemon [_thread_blocked, id=26696, stack(0x000000633c200000,0x000000633c300000) (1024K)]
  0x000001e0277ad5a0 JavaThread "DefaultDispatcher-worker-35" daemon [_thread_blocked, id=372, stack(0x000000633c300000,0x000000633c400000) (1024K)]
  0x000001e0277ae2c0 JavaThread "DefaultDispatcher-worker-36" daemon [_thread_blocked, id=22816, stack(0x000000633c400000,0x000000633c500000) (1024K)]
  0x000001e0277ae950 JavaThread "DefaultDispatcher-worker-37" daemon [_thread_blocked, id=35912, stack(0x000000633c500000,0x000000633c600000) (1024K)]
  0x000001e0277aae40 JavaThread "DefaultDispatcher-worker-38" daemon [_thread_blocked, id=5260, stack(0x000000633c600000,0x000000633c700000) (1024K)]
  0x000001e0277ab4d0 JavaThread "DefaultDispatcher-worker-39" daemon [_thread_blocked, id=5588, stack(0x000000633c700000,0x000000633c800000) (1024K)]
  0x000001e0277ac1f0 JavaThread "DefaultDispatcher-worker-40" daemon [_thread_blocked, id=34884, stack(0x000000633c800000,0x000000633c900000) (1024K)]
  0x000001e0277aefe0 JavaThread "DefaultDispatcher-worker-42" daemon [_thread_blocked, id=1784, stack(0x000000633c900000,0x000000633ca00000) (1024K)]
  0x000001e0277a8050 JavaThread "DefaultDispatcher-worker-41" daemon [_thread_blocked, id=32364, stack(0x000000633ca00000,0x000000633cb00000) (1024K)]
  0x000001e0277af670 JavaThread "DefaultDispatcher-worker-43" daemon [_thread_blocked, id=27092, stack(0x000000633cb00000,0x000000633cc00000) (1024K)]
  0x000001e027838810 JavaThread "DefaultDispatcher-worker-44" daemon [_thread_blocked, id=21876, stack(0x000000633cc00000,0x000000633cd00000) (1024K)]
  0x000001e027835a20 JavaThread "DefaultDispatcher-worker-45" daemon [_thread_blocked, id=16096, stack(0x000000633cd00000,0x000000633ce00000) (1024K)]
  0x000001e027839530 JavaThread "DefaultDispatcher-worker-46" daemon [_thread_blocked, id=35752, stack(0x000000633ce00000,0x000000633cf00000) (1024K)]
  0x000001e027834d00 JavaThread "DefaultDispatcher-worker-47" daemon [_thread_blocked, id=32936, stack(0x000000633cf00000,0x000000633d000000) (1024K)]
  0x000001e027838ea0 JavaThread "DefaultDispatcher-worker-48" daemon [_thread_blocked, id=42012, stack(0x000000633d000000,0x000000633d100000) (1024K)]
  0x000001e027839bc0 JavaThread "DefaultDispatcher-worker-49" daemon [_thread_blocked, id=9924, stack(0x000000633d100000,0x000000633d200000) (1024K)]
  0x000001e0278360b0 JavaThread "DefaultDispatcher-worker-50" daemon [_thread_blocked, id=20036, stack(0x000000633d200000,0x000000633d300000) (1024K)]
  0x000001e027837460 JavaThread "DefaultDispatcher-worker-51" daemon [_thread_blocked, id=21276, stack(0x000000633d300000,0x000000633d400000) (1024K)]
  0x000001e02783a250 JavaThread "DefaultDispatcher-worker-52" daemon [_thread_blocked, id=45160, stack(0x000000633d400000,0x000000633d500000) (1024K)]
  0x000001e02783a8e0 JavaThread "DefaultDispatcher-worker-53" daemon [_thread_blocked, id=32356, stack(0x000000633d500000,0x000000633d600000) (1024K)]
  0x000001e027837af0 JavaThread "DefaultDispatcher-worker-54" daemon [_thread_blocked, id=13212, stack(0x000000633d600000,0x000000633d700000) (1024K)]
  0x000001e02783af70 JavaThread "DefaultDispatcher-worker-55" daemon [_thread_blocked, id=15492, stack(0x000000633d700000,0x000000633d800000) (1024K)]
  0x000001e027838180 JavaThread "DefaultDispatcher-worker-56" daemon [_thread_blocked, id=36204, stack(0x000000633d800000,0x000000633d900000) (1024K)]
  0x000001e027836740 JavaThread "DefaultDispatcher-worker-57" daemon [_thread_blocked, id=39724, stack(0x000000633d900000,0x000000633da00000) (1024K)]
  0x000001e05613d3a0 JavaThread "PeriodicMetricReader"       daemon [_thread_blocked, id=45540, stack(0x000000633db00000,0x000000633dc00000) (1024K)]
  0x000001e05613da30 JavaThread "Coroutines Debugger Cleaner" daemon [_thread_blocked, id=29516, stack(0x000000633dc00000,0x000000633dd00000) (1024K)]
  0x000001e0ae0bb9c0 JavaThread "pool-4-thread-1"                   [_thread_blocked, id=49280, stack(0x000000633dd00000,0x000000633de00000) (1024K)]
  0x000001e0adf093d0 JavaThread "Periodic tasks thread"      daemon [_thread_blocked, id=2192, stack(0x000000633de00000,0x000000633df00000) (1024K)]
  0x000001e0adf0a780 JavaThread "ApplicationImpl pooled thread 1"        [_thread_blocked, id=41492, stack(0x000000633df00000,0x000000633e000000) (1024K)]
  0x000001e0adf07990 JavaThread "JNA Cleaner"                daemon [_thread_blocked, id=9608, stack(0x000000633e000000,0x000000633e100000) (1024K)]
  0x000001e0bf7abd50 JavaThread "pool-7-thread-1"                   [_thread_blocked, id=6440, stack(0x000000633e100000,0x000000633e200000) (1024K)]
  0x000001e0c99f9a40 JavaThread "Windows Shell integration"  daemon [_thread_blocked, id=25152, stack(0x000000633e300000,0x000000633e400000) (1024K)]
  0x000001e0c99f5f30 JavaThread "Netty Builtin Server 1"     daemon [_thread_blocked, id=29684, stack(0x000000633e400000,0x000000633e500000) (1024K)]
  0x000001e0c9a044e0 JavaThread "ApplicationImpl pooled thread 2"        [_thread_blocked, id=16404, stack(0x000000633e500000,0x000000633e600000) (1024K)]
  0x000001e0c9a01060 JavaThread "fsnotifier.exe"                    [_thread_in_native, id=45556, stack(0x000000633e600000,0x000000633e700000) (1024K)]
  0x000001e0c9a00340 JavaThread "ApplicationImpl pooled thread 3"        [_thread_blocked, id=36904, stack(0x000000633e700000,0x000000633e800000) (1024K)]
  0x000001e0c99fe900 JavaThread "BackgroundScheduler"        daemon [_thread_blocked, id=49392, stack(0x000000633e800000,0x000000633e900000) (1024K)]
  0x000001e0c9a009d0 JavaThread "BaseDataReader: output stream of fsnotifier.exe"        [_thread_blocked, id=36016, stack(0x000000633e900000,0x000000633ea00000) (1024K)]
  0x000001e0c9a01d80 JavaThread "BaseDataReader: error stream of fsnotifier.exe"        [_thread_in_native, id=1596, stack(0x000000633ea00000,0x000000633eb00000) (1024K)]
  0x000001e0bf7a12b0 JavaThread "BaseDataReader: error stream of language_server_windows_x64.exe"        [_thread_in_native, id=5508, stack(0x000000633ed00000,0x000000633ee00000) (1024K)]
  0x000001e0bf7a6e90 JavaThread "Netty Station Client 1-1"   daemon [_thread_blocked, id=1792, stack(0x000000633f000000,0x000000633f100000) (1024K)]
  0x000001e0dd2819a0 JavaThread "HttpClient-1-SelectorManager" daemon [_thread_in_native, id=38012, stack(0x000000633f200000,0x000000633f300000) (1024K)]
  0x000001e0dd7471e0 JavaThread "TimerQueue"                 daemon [_thread_blocked, id=51204, stack(0x000000633f300000,0x000000633f400000) (1024K)]
  0x000001e0e1cc76f0 JavaThread "Jndi-Dns-address-change-listener" daemon [_thread_in_native, id=50680, stack(0x000000633f500000,0x000000633f600000) (1024K)]
  0x000001e0e6eda8d0 JavaThread "Netty Station Client 1-2"   daemon [_thread_blocked, id=15904, stack(0x000000633da00000,0x000000633db00000) (1024K)]
  0x000001e0feb0b440 JavaThread "process reaper (pid 37116)" daemon [_thread_in_native, id=10512, stack(0x0000006336920000,0x0000006336940000) (128K)]
  0x000001e0feb0e230 JavaThread "RenderDocClient::-7094498134808549761/Sender" daemon [_thread_blocked, id=39320, stack(0x000000633f600000,0x000000633f700000) (1024K)]
  0x000001e0feb12a60 JavaThread "RenderDocClient::-7094498134808549761" daemon [_thread_in_native, id=20416, stack(0x000000633f800000,0x000000633f900000) (1024K)]
  0x000001e0feb10300 JavaThread "RenderDocPanel"             daemon [_thread_blocked, id=46908, stack(0x000000633fa00000,0x000000633fb00000) (1024K)]
  0x000001e0feb0dba0 JavaThread "pool-8-thread-1"                   [_thread_blocked, id=46228, stack(0x000000633fb00000,0x000000633fc00000) (1024K)]
  0x000001e0feb0bad0 JavaThread "Timer-2"                           [_thread_blocked, id=51580, stack(0x000000633f700000,0x000000633f800000) (1024K)]
  0x000001e0feb0f5e0 JavaThread "JetBrains.DPA.Protocol.Backend_Server/Sender" daemon [_thread_blocked, id=43792, stack(0x000000633fc00000,0x000000633fd00000) (1024K)]
  0x000001e0feb0ce80 JavaThread "JetBrains.DPA.Protocol.Backend_Server" daemon [_thread_in_native, id=29192, stack(0x000000633fd00000,0x000000633fe00000) (1024K)]
  0x000001e0feb11d40 JavaThread "JetBrains.DPA.Protocol.Backend_Render_Server/Sender" daemon [_thread_blocked, id=14564, stack(0x000000633fe00000,0x000000633ff00000) (1024K)]
  0x000001e0feb151c0 JavaThread "JetBrains.DPA.Protocol.Backend_Render_Server" daemon [_thread_in_native, id=33252, stack(0x000000633ff00000,0x0000006340000000) (1024K)]
  0x000001e0feb16c00 JavaThread "WorkspaceModelUpdater"      daemon [_thread_blocked, id=3712, stack(0x0000006340100000,0x0000006340200000) (1024K)]
  0x000001e0e1cd5610 JavaThread "Cleaner-0"                  daemon [_thread_blocked, id=36568, stack(0x0000006340200000,0x0000006340300000) (1024K)]
  0x000001e1056fcdb0 JavaThread "unleash-api-executor"       daemon [_thread_blocked, id=31664, stack(0x0000006340300000,0x0000006340400000) (1024K)]
  0x000001e105700f50 JavaThread "SentryExecutorServiceThreadFactory-0" daemon [_thread_blocked, id=28956, stack(0x0000006340400000,0x0000006340500000) (1024K)]
  0x000001e1056fba00 JavaThread "JobScheduler FJ pool 1/19"  daemon [_thread_blocked, id=31792, stack(0x0000006340500000,0x0000006340600000) (1024K)]
  0x000001e1056fa650 JavaThread "ApplicationImpl pooled thread 4"        [_thread_blocked, id=18788, stack(0x0000006340600000,0x0000006340700000) (1024K)]
  0x000001e1057043d0 JavaThread "BaseDataReader: output stream of language_server_windows_x64.exe"        [_thread_in_native, id=7488, stack(0x0000006340700000,0x0000006340800000) (1024K)]
  0x000001e1057015e0 JavaThread "I/O pool 9"                        [_thread_blocked, id=42832, stack(0x0000006340800000,0x0000006340900000) (1024K)]
  0x000001e105701c70 JavaThread "I/O pool 10"                       [_thread_blocked, id=5528, stack(0x0000006340900000,0x0000006340a00000) (1024K)]
  0x000001e105724a40 JavaThread "I/O pool 11"                       [_thread_blocked, id=6468, stack(0x0000006340a00000,0x0000006340b00000) (1024K)]
  0x000001e1057064a0 JavaThread "language_server_windows_x64.exe"        [_thread_in_native, id=23232, stack(0x0000006340c00000,0x0000006340d00000) (1024K)]
  0x000001e10570c710 JavaThread "I/O pool 13"                       [_thread_blocked, id=1828, stack(0x0000006340d00000,0x0000006340e00000) (1024K)]
  0x000001e105703020 JavaThread "ApplicationImpl pooled thread 5"        [_thread_blocked, id=27272, stack(0x0000006340e00000,0x0000006340f00000) (1024K)]
  0x000001e105702300 JavaThread "ApplicationImpl pooled thread 6"        [_thread_blocked, id=43532, stack(0x0000006340f00000,0x0000006341000000) (1024K)]
  0x000001e10570d430 JavaThread "I/O pool 14"                       [_thread_blocked, id=40504, stack(0x0000006341100000,0x0000006341200000) (1024K)]
  0x000001e105713010 JavaThread "I/O pool 15"                       [_thread_blocked, id=20860, stack(0x0000006341200000,0x0000006341300000) (1024K)]
  0x000001e10570fb90 JavaThread "HttpClient-5-SelectorManager" daemon [_thread_in_native, id=14304, stack(0x0000006341300000,0x0000006341400000) (1024K)]
  0x000001e105710f40 JavaThread "I/O pool 16"                       [_thread_blocked, id=27180, stack(0x0000006341400000,0x0000006341500000) (1024K)]
  0x000001e105705e10 JavaThread "Timer-3"                           [_thread_blocked, id=1976, stack(0x0000006341000000,0x0000006341100000) (1024K)]
  0x000001e101a13480 JavaThread "unleash-api-executor"       daemon [_thread_blocked, id=4736, stack(0x0000006341600000,0x0000006341700000) (1024K)]
  0x000001e1019fb7e0 JavaThread "Netty Station Server 1-1"   daemon [_thread_blocked, id=26664, stack(0x0000006341700000,0x0000006341800000) (1024K)]
  0x000001e1019fdf40 JavaThread "JVMResponsivenessMonitor"   daemon [_thread_blocked, id=34180, stack(0x0000006341800000,0x0000006341900000) (1024K)]
  0x000001e101a03490 JavaThread "eventLoopGroupProxy-1-1"    daemon [_thread_in_native, id=11624, stack(0x0000006341900000,0x0000006341a00000) (1024K)]
  0x000001e105721c50 JavaThread "DefaultDispatcher-worker-58" daemon [_thread_blocked, id=51092, stack(0x0000006341a00000,0x0000006341b00000) (1024K)]
  0x000001e105729f90 JavaThread "DefaultDispatcher-worker-59" daemon [_thread_blocked, id=21408, stack(0x0000006341b00000,0x0000006341c00000) (1024K)]
  0x000001e10572c6f0 JavaThread "DefaultDispatcher-worker-60" daemon [_thread_blocked, id=22756, stack(0x0000006341c00000,0x0000006341d00000) (1024K)]
  0x000001e105729270 JavaThread "DefaultDispatcher-worker-61" daemon [_thread_blocked, id=40140, stack(0x0000006341d00000,0x0000006341e00000) (1024K)]
  0x000001e10572acb0 JavaThread "DefaultDispatcher-worker-62" daemon [_thread_blocked, id=51096, stack(0x0000006341e00000,0x0000006341f00000) (1024K)]
  0x000001e105729900 JavaThread "DefaultDispatcher-worker-63" daemon [_thread_blocked, id=16992, stack(0x0000006341f00000,0x0000006342000000) (1024K)]
  0x000001e10572b9d0 JavaThread "DefaultDispatcher-worker-64" daemon [_thread_blocked, id=30564, stack(0x0000006342000000,0x0000006342100000) (1024K)]
  0x000001e10572b340 JavaThread "DefaultDispatcher-worker-65" daemon [_thread_blocked, id=39252, stack(0x0000006342100000,0x0000006342200000) (1024K)]
  0x000001e10572a620 JavaThread "DefaultDispatcher-worker-66" daemon [_thread_blocked, id=40336, stack(0x0000006342200000,0x0000006342300000) (1024K)]
  0x000001e10572daa0 JavaThread "DefaultDispatcher-worker-67" daemon [_thread_blocked, id=18604, stack(0x0000006342300000,0x0000006342400000) (1024K)]
  0x000001e10572c060 JavaThread "DefaultDispatcher-worker-68" daemon [_thread_blocked, id=37232, stack(0x0000006342400000,0x0000006342500000) (1024K)] _threads_hazard_ptr=0x000001e036798400
  0x000001e10572d410 JavaThread "DefaultDispatcher-worker-69" daemon [_thread_blocked, id=9920, stack(0x0000006342500000,0x0000006342600000) (1024K)]
  0x000001e10572cd80 JavaThread "DefaultDispatcher-worker-70" daemon [_thread_blocked, id=720, stack(0x0000006342600000,0x0000006342700000) (1024K)]
  0x000001e10572e130 JavaThread "DefaultDispatcher-worker-71" daemon [_thread_blocked, id=18048, stack(0x0000006342700000,0x0000006342800000) (1024K)]
  0x000001e10572ee50 JavaThread "DefaultDispatcher-worker-73" daemon [_thread_blocked, id=13984, stack(0x0000006342800000,0x0000006342900000) (1024K)]
  0x000001e105733d10 JavaThread "DefaultDispatcher-worker-72" daemon [_thread_blocked, id=20912, stack(0x0000006342900000,0x0000006342a00000) (1024K)]
  0x000001e10572f4e0 JavaThread "DefaultDispatcher-worker-75" daemon [_thread_blocked, id=15160, stack(0x0000006342a00000,0x0000006342b00000) (1024K)]
  0x000001e1057343a0 JavaThread "DefaultDispatcher-worker-74" daemon [_thread_blocked, id=4912, stack(0x0000006342b00000,0x0000006342c00000) (1024K)]
  0x000001e10572fb70 JavaThread "DefaultDispatcher-worker-76" daemon [_thread_blocked, id=40872, stack(0x0000006342c00000,0x0000006342d00000) (1024K)]
  0x000001e105730200 JavaThread "DefaultDispatcher-worker-77" daemon [_thread_blocked, id=5624, stack(0x0000006342d00000,0x0000006342e00000) (1024K)]
  0x000001e105730f20 JavaThread "DefaultDispatcher-worker-78" daemon [_thread_blocked, id=35868, stack(0x0000006342e00000,0x0000006342f00000) (1024K)]
  0x000001e105733680 JavaThread "DefaultDispatcher-worker-79" daemon [_thread_blocked, id=26432, stack(0x0000006342f00000,0x0000006343000000) (1024K)]
  0x000001e1057315b0 JavaThread "DefaultDispatcher-worker-81" daemon [_thread_blocked, id=18688, stack(0x0000006343000000,0x0000006343100000) (1024K)]
  0x000001e105734a30 JavaThread "DefaultDispatcher-worker-82" daemon [_thread_blocked, id=27880, stack(0x0000006343100000,0x0000006343200000) (1024K)]
  0x000001e1057322d0 JavaThread "DefaultDispatcher-worker-83" daemon [_thread_blocked, id=696, stack(0x0000006343200000,0x0000006343300000) (1024K)]
  0x000001e105735750 JavaThread "DefaultDispatcher-worker-80" daemon [_thread_blocked, id=1776, stack(0x0000006343300000,0x0000006343400000) (1024K)]
  0x000001e10572e7c0 JavaThread "DefaultDispatcher-worker-84" daemon [_thread_blocked, id=11664, stack(0x0000006343400000,0x0000006343500000) (1024K)]
  0x000001e105732960 JavaThread "DefaultDispatcher-worker-86" daemon [_thread_blocked, id=50612, stack(0x0000006343500000,0x0000006343600000) (1024K)]
  0x000001e105735de0 JavaThread "DefaultDispatcher-worker-85" daemon [_thread_blocked, id=15472, stack(0x0000006343600000,0x0000006343700000) (1024K)]
  0x000001e105736b00 JavaThread "DefaultDispatcher-worker-87" daemon [_thread_blocked, id=17452, stack(0x0000006343700000,0x0000006343800000) (1024K)]
  0x000001e105738540 JavaThread "DefaultDispatcher-worker-88" daemon [_thread_blocked, id=16660, stack(0x0000006343800000,0x0000006343900000) (1024K)]
  0x000001e0e6ee9ba0 JavaThread "ApplicationImpl pooled thread 8"        [_thread_blocked, id=15580, stack(0x0000006343a00000,0x0000006343b00000) (1024K)]
  0x000001e10ea2f3e0 JavaThread "Timer-4"                           [_thread_blocked, id=36928, stack(0x0000006343b00000,0x0000006343c00000) (1024K)]
  0x000001e10ea36a00 JavaThread "eventLoopGroupProxy-3-1"    daemon [_thread_in_native, id=11312, stack(0x0000006343c00000,0x0000006343d00000) (1024K)]
  0x000001e10ea35650 JavaThread "grpc-nio-worker-ELG-1-1"    daemon [_thread_in_native, id=35996, stack(0x0000006343d00000,0x0000006343e00000) (1024K)]
  0x000001e10ea30790 JavaThread "eventLoopGroupProxy-3-2"    daemon [_thread_in_native, id=13404, stack(0x0000006344100000,0x0000006344200000) (1024K)]
  0x000001e10ea37db0 JavaThread "grpc-default-executor-3"    daemon [_thread_blocked, id=49080, stack(0x0000006344200000,0x0000006344300000) (1024K)]
  0x000001e10ea38440 JavaThread "grpc-default-executor-4"    daemon [_thread_blocked, id=8532, stack(0x0000006344300000,0x0000006344400000) (1024K)]
  0x000001e10ea38ad0 JavaThread "eventLoopGroupProxy-4-1"    daemon [_thread_in_native, id=50120, stack(0x0000006344400000,0x0000006344500000) (1024K)]
  0x000001e10ea397f0 JavaThread "eventLoopGroupProxy-4-2"    daemon [_thread_in_native, id=33860, stack(0x0000006344500000,0x0000006344600000) (1024K)]
  0x000001e10e9ffaa0 JavaThread "grpc-nio-worker-ELG-1-2"    daemon [_thread_in_native, id=39392, stack(0x0000006344600000,0x0000006344700000) (1024K)]
  0x000001e10ea00e50 JavaThread "CefBgThread"                daemon [_thread_blocked, id=43084, stack(0x0000006344700000,0x0000006344800000) (1024K)]
  0x000001e10ea135a0 JavaThread "grpc-nio-worker-ELG-1-3"    daemon [_thread_in_native, id=18408, stack(0x0000006344900000,0x0000006344a00000) (1024K)]
  0x000001e10ea17740 JavaThread "grpc-nio-worker-ELG-1-4"    daemon [_thread_in_native, id=6816, stack(0x0000006344a00000,0x0000006344b00000) (1024K)]
  0x000001e10ea15d00 JavaThread "CefHandlers-listening"      daemon [_thread_in_native, id=12268, stack(0x0000006344b00000,0x0000006344c00000) (1024K)]
  0x000001e10ea19180 JavaThread "CefHandlers-execution-0"    daemon [_thread_in_native, id=28348, stack(0x0000006344c00000,0x0000006344d00000) (1024K)]
  0x000001e10ea170b0 JavaThread "CefHandlers-execution-1"    daemon [_thread_in_native, id=18312, stack(0x0000006344d00000,0x0000006344e00000) (1024K)]
  0x000001e10ea15670 JavaThread "CefHandlers-execution-2"    daemon [_thread_in_native, id=31072, stack(0x0000006344e00000,0x0000006344f00000) (1024K)]
  0x000001e02dd9d300 JavaThread "I/O pool 17"                       [_thread_blocked, id=7556, stack(0x000000633f900000,0x000000633fa00000) (1024K)]
  0x000001e02c0c72c0 JavaThread "JobScheduler FJ pool 0/19"  daemon [_thread_blocked, id=16376, stack(0x0000006340000000,0x0000006340100000) (1024K)]
  0x000001e02d7ca710 JavaThread "JobScheduler FJ pool 2/19"  daemon [_thread_blocked, id=7016, stack(0x0000006340b00000,0x0000006340c00000) (1024K)]
  0x000001e02e287e60 JavaThread "JobScheduler FJ pool 3/19"  daemon [_thread_blocked, id=50056, stack(0x0000006341500000,0x0000006341600000) (1024K)]
  0x000001e02e2877d0 JavaThread "JobScheduler FJ pool 4/19"  daemon [_thread_blocked, id=13636, stack(0x0000006344800000,0x0000006344900000) (1024K)]
  0x000001e117267d80 JavaThread "JobScheduler FJ pool 5/19"  daemon [_thread_blocked, id=18744, stack(0x0000006344f00000,0x0000006345000000) (1024K)]
  0x000001e02de4cf70 JavaThread "JobScheduler FJ pool 6/19"  daemon [_thread_blocked, id=29016, stack(0x0000006345000000,0x0000006345100000) (1024K)]
  0x000001e02f0fac60 JavaThread "JobScheduler FJ pool 7/19"  daemon [_thread_blocked, id=18368, stack(0x0000006345100000,0x0000006345200000) (1024K)]
  0x000001e02c4fcdd0 JavaThread "JobScheduler FJ pool 8/19"  daemon [_thread_blocked, id=35100, stack(0x0000006345200000,0x0000006345300000) (1024K)]
  0x000001e02e376210 JavaThread "JobScheduler FJ pool 9/19"  daemon [_thread_blocked, id=37428, stack(0x0000006345300000,0x0000006345400000) (1024K)]
  0x000001e02e374140 JavaThread "JobScheduler FJ pool 10/19" daemon [_thread_blocked, id=5468, stack(0x0000006345400000,0x0000006345500000) (1024K)]
  0x000001e02f385f60 JavaThread "JobScheduler FJ pool 11/19" daemon [_thread_blocked, id=16492, stack(0x0000006345500000,0x0000006345600000) (1024K)]
  0x000001e02de4c8e0 JavaThread "JobScheduler FJ pool 12/19" daemon [_thread_blocked, id=40260, stack(0x0000006345600000,0x0000006345700000) (1024K)]
  0x000001e030076080 JavaThread "JobScheduler FJ pool 13/19" daemon [_thread_blocked, id=16700, stack(0x0000006345700000,0x0000006345800000) (1024K)]
  0x000001e02f0f9f40 JavaThread "JobScheduler FJ pool 14/19" daemon [_thread_blocked, id=33720, stack(0x0000006345800000,0x0000006345900000) (1024K)]
  0x000001e0ff526800 JavaThread "JobScheduler FJ pool 15/19" daemon [_thread_blocked, id=30360, stack(0x0000006345900000,0x0000006345a00000) (1024K)]
  0x000001e02e375b80 JavaThread "JobScheduler FJ pool 16/19" daemon [_thread_blocked, id=10956, stack(0x0000006345a00000,0x0000006345b00000) (1024K)]
  0x000001e02e28b7f0 JavaThread "JobScheduler FJ pool 17/19" daemon [_thread_blocked, id=11692, stack(0x0000006345b00000,0x0000006345c00000) (1024K)]
  0x000001e02de4bbc0 JavaThread "JobScheduler FJ pool 18/19" daemon [_thread_blocked, id=41460, stack(0x0000006345c00000,0x0000006345d00000) (1024K)]
  0x000001e1172676f0 JavaThread "ProtocolInstanceWatcher"           [_thread_blocked, id=35188, stack(0x0000006345d00000,0x0000006345e00000) (1024K)]
  0x000001e0304aecc0 JavaThread "FileSystemWatchService"     daemon [_thread_in_native, id=51756, stack(0x0000006345e00000,0x0000006345f00000) (1024K)]
  0x000001e0300023e0 JavaThread "I/O pool 18"                       [_thread_blocked, id=26356, stack(0x000000633ee00000,0x000000633ef00000) (1024K)]
  0x000001e02e23a610 JavaThread "I/O pool 19"                       [_thread_blocked, id=17784, stack(0x0000006345f00000,0x0000006346000000) (1024K)]
  0x000001e02deb79e0 JavaThread "I/O pool 20"                       [_thread_blocked, id=27484, stack(0x0000006336d00000,0x0000006336e00000) (1024K)]
  0x000001e101854e60 JavaThread "I/O pool 21"                       [_thread_blocked, id=38800, stack(0x0000006336e00000,0x0000006336f00000) (1024K)]
  0x000001e02fe70df0 JavaThread "I/O pool 22"                       [_thread_blocked, id=31240, stack(0x0000006336f00000,0x0000006337000000) (1024K)]
  0x000001e0308be5d0 JavaThread "I/O pool 23"                       [_thread_blocked, id=44748, stack(0x0000006346000000,0x0000006346100000) (1024K)]
  0x000001e0308bdf40 JavaThread "I/O pool 24"                       [_thread_blocked, id=36944, stack(0x0000006346100000,0x0000006346200000) (1024K)]
  0x000001e0308bf980 JavaThread "I/O pool 25"                       [_thread_blocked, id=13292, stack(0x0000006346200000,0x0000006346300000) (1024K)]
  0x000001e02ffff5f0 JavaThread "pool-9-thread-1"                   [_thread_blocked, id=34572, stack(0x0000006346300000,0x0000006346400000) (1024K)]
  0x000001e02c7884b0 JavaThread "pool-10-thread-1"                  [_thread_blocked, id=40648, stack(0x0000006346400000,0x0000006346500000) (1024K)]
  0x000001e02c78be30 JavaThread "Keep-Alive-Timer"           daemon [_thread_blocked, id=264, stack(0x0000006346500000,0x0000006346600000) (1024K)]
  0x000001e02dc29c30 JavaThread "IdIndex Writer #1"          daemon [_thread_blocked, id=5104, stack(0x0000006343900000,0x0000006343a00000) (1024K)]
  0x000001e02dc2a2c0 JavaThread "Trigram.Index Writer #3"    daemon [_thread_blocked, id=40980, stack(0x0000006343e00000,0x0000006343f00000) (1024K)]
  0x000001e101892dd0 JavaThread "Aux Index Writer #1"        daemon [_thread_blocked, id=22620, stack(0x0000006343f00000,0x0000006344000000) (1024K)]
  0x000001e02dbe9030 JavaThread "IdIndex Writer #0"          daemon [_thread_blocked, id=18068, stack(0x0000006344000000,0x0000006344100000) (1024K)]
  0x000001e036dd1000 JavaThread "Trigram.Index Writer #2"    daemon [_thread_blocked, id=35472, stack(0x0000006346600000,0x0000006346700000) (1024K)]
  0x000001e0300016c0 JavaThread "Stubs Writer #4"            daemon [_thread_blocked, id=7672, stack(0x0000006346700000,0x0000006346800000) (1024K)]
Total: 221

Other Threads:
  0x000001dfb2a63e90 VMThread "VM Thread"                           [id=16964, stack(0x0000006337800000,0x0000006337900000) (1024K)]
  0x000001dfb2a56bc0 WatcherThread "VM Periodic Task Thread"        [id=23940, stack(0x0000006337700000,0x0000006337800000) (1024K)]
  0x000001df89116580 WorkerThread "GC Thread#0"                     [id=40348, stack(0x0000006337200000,0x0000006337300000) (1024K)]
  0x000001e02411da40 WorkerThread "GC Thread#1"                     [id=38008, stack(0x0000006338300000,0x0000006338400000) (1024K)]
  0x000001e024123350 WorkerThread "GC Thread#2"                     [id=45552, stack(0x0000006338400000,0x0000006338500000) (1024K)]
  0x000001e02471bc50 WorkerThread "GC Thread#3"                     [id=43236, stack(0x0000006338500000,0x0000006338600000) (1024K)]
  0x000001e02471bff0 WorkerThread "GC Thread#4"                     [id=8368, stack(0x0000006338600000,0x0000006338700000) (1024K)]
  0x000001e02471c390 WorkerThread "GC Thread#5"                     [id=31060, stack(0x0000006338700000,0x0000006338800000) (1024K)]
  0x000001e02471d350 WorkerThread "GC Thread#6"                     [id=29300, stack(0x0000006338800000,0x0000006338900000) (1024K)]
=>0x000001e026bf72b0 WorkerThread "GC Thread#7"                     [id=45564, stack(0x000000633a400000,0x000000633a500000) (1024K)]
  0x000001e026bf38b0 WorkerThread "GC Thread#8"                     [id=28604, stack(0x000000633a500000,0x000000633a600000) (1024K)]
  0x000001e026bf3ff0 WorkerThread "GC Thread#9"                     [id=17300, stack(0x000000633a600000,0x000000633a700000) (1024K)]
  0x000001e026bf4390 WorkerThread "GC Thread#10"                    [id=11328, stack(0x000000633a700000,0x000000633a800000) (1024K)]
  0x000001e026bf4730 WorkerThread "GC Thread#11"                    [id=23608, stack(0x000000633a800000,0x000000633a900000) (1024K)]
  0x000001e026bf4ad0 WorkerThread "GC Thread#12"                    [id=37020, stack(0x000000633a900000,0x000000633aa00000) (1024K)]
  0x000001e026bf55b0 WorkerThread "GC Thread#13"                    [id=20404, stack(0x000000633aa00000,0x000000633ab00000) (1024K)]
  0x000001e026bf4e70 WorkerThread "GC Thread#14"                    [id=30524, stack(0x000000633ab00000,0x000000633ac00000) (1024K)]
  0x000001df89127470 ConcurrentGCThread "G1 Main Marker"            [id=33980, stack(0x0000006337300000,0x0000006337400000) (1024K)]
  0x000001df89127e80 WorkerThread "G1 Conc#0"                       [id=27660, stack(0x0000006337400000,0x0000006337500000) (1024K)]
  0x000001e026bf6b70 WorkerThread "G1 Conc#1"                       [id=6472, stack(0x000000633ac00000,0x000000633ad00000) (1024K)]
  0x000001e026bf5210 WorkerThread "G1 Conc#2"                       [id=30780, stack(0x000000633ad00000,0x000000633ae00000) (1024K)]
  0x000001e026bf5950 WorkerThread "G1 Conc#3"                       [id=47692, stack(0x000000633ae00000,0x000000633af00000) (1024K)]
  0x000001dfb2993c00 ConcurrentGCThread "G1 Refine#0"               [id=38680, stack(0x0000006337500000,0x0000006337600000) (1024K)]
  0x000001dfb2994680 ConcurrentGCThread "G1 Service"                [id=45808, stack(0x0000006337600000,0x0000006337700000) (1024K)]
Total: 24

Threads with active compile tasks:
C2 CompilerThread0  93715 51793       4       com.intellij.lang.impl.PsiBuilderImpl::eof (33 bytes)
Total: 1

VM state: at safepoint (normal execution)

VM Mutex/Monitor currently owned by a thread:  ([mutex/lock_event])
[0x00007ffcb3a2f448] FreeList_lock - owner thread: 0x000001e026bf72b0
[0x00007ffcb3a31ac8] Threads_lock - owner thread: 0x000001dfb2a63e90
[0x00007ffcb3a31bc8] Heap_lock - owner thread: 0x000001e0249ad000

Heap address: 0x0000000080000000, size: 2048 MB, Compressed Oops mode: 32-bit

CDS archive(s) mapped at: [0x000001dfb4000000-0x000001dfb5bf0000-0x000001dfb5bf0000), size 29294592, SharedBaseAddress: 0x000001dfb4000000, ArchiveRelocationMode: 1.
Compressed class space mapped at: 0x000001dfb6000000-0x000001dff6000000, reserved size: 1073741824
Narrow klass base: 0x000001dfb4000000, Narrow klass shift: 0, Narrow klass range: 0x100000000

GC Precious Log:
 CardTable entry size: 512
 Card Set container configuration: InlinePtr #cards 5 size 8 Array Of Cards #cards 12 size 40 Howl #buckets 4 coarsen threshold 1843 Howl Bitmap #cards 512 size 80 coarsen threshold 460 Card regions per heap region 1 cards per card region 2048
 CPUs: 20 total, 20 available
 Memory: 16227M
 Large Page Support: Disabled
 NUMA Support: Disabled
 Compressed Oops: Enabled (32-bit)
 Heap Region Size: 1M
 Heap Min Capacity: 128M
 Heap Initial Capacity: 128M
 Heap Max Capacity: 2G
 Pre-touch: Disabled
 Parallel Workers: 15
 Concurrent Workers: 4
 Concurrent Refinement Workers: 15
 Periodic GC: Disabled

Heap:
 garbage-first heap   total 1707008K, used 1702860K [0x0000000080000000, 0x0000000100000000)
  region size 1024K, 799 young (818176K), 3 survivors (3072K)
 Metaspace       used 400560K, committed 406656K, reserved 1441792K
  class space    used 49688K, committed 52416K, reserved 1048576K

Heap Regions: E=young(eden), S=young(survivor), O=old, HS=humongous(starts), HC=humongous(continues), CS=collection set, F=free, TAMS=top-at-mark-start, PB=parsable bottom
|   0|0x0000000080000000, 0x0000000080100000, 0x0000000080100000|100%|HS|  |TAMS 0x0000000080000000| PB 0x0000000080000000| Complete 
|   1|0x0000000080100000, 0x0000000080200000, 0x0000000080200000|100%|HS|  |TAMS 0x0000000080100000| PB 0x0000000080100000| Complete 
|   2|0x0000000080200000, 0x0000000080300000, 0x0000000080300000|100%| O|  |TAMS 0x0000000080200000| PB 0x0000000080200000| Untracked 
|   3|0x0000000080300000, 0x0000000080400000, 0x0000000080400000|100%|HS|  |TAMS 0x0000000080300000| PB 0x0000000080300000| Complete 
|   4|0x0000000080400000, 0x0000000080500000, 0x0000000080500000|100%|HC|  |TAMS 0x0000000080400000| PB 0x0000000080400000| Complete 
|   5|0x0000000080500000, 0x0000000080600000, 0x0000000080600000|100%|HS|  |TAMS 0x0000000080500000| PB 0x0000000080500000| Complete 
|   6|0x0000000080600000, 0x0000000080700000, 0x0000000080700000|100%|HC|  |TAMS 0x0000000080600000| PB 0x0000000080600000| Complete 
|   7|0x0000000080700000, 0x0000000080800000, 0x0000000080800000|100%|HS|  |TAMS 0x0000000080700000| PB 0x0000000080700000| Complete 
|   8|0x0000000080800000, 0x0000000080900000, 0x0000000080900000|100%|HS|  |TAMS 0x0000000080800000| PB 0x0000000080800000| Complete 
|   9|0x0000000080900000, 0x0000000080a00000, 0x0000000080a00000|100%| O|  |TAMS 0x0000000080900000| PB 0x0000000080900000| Untracked 
|  10|0x0000000080a00000, 0x0000000080b00000, 0x0000000080b00000|100%| O|  |TAMS 0x0000000080a00000| PB 0x0000000080a00000| Untracked 
|  11|0x0000000080b00000, 0x0000000080c00000, 0x0000000080c00000|100%| O|  |TAMS 0x0000000080b00000| PB 0x0000000080b00000| Untracked 
|  12|0x0000000080c00000, 0x0000000080d00000, 0x0000000080d00000|100%| O|  |TAMS 0x0000000080c00000| PB 0x0000000080c00000| Untracked 
|  13|0x0000000080d00000, 0x0000000080e00000, 0x0000000080e00000|100%| O|  |TAMS 0x0000000080d00000| PB 0x0000000080d00000| Untracked 
|  14|0x0000000080e00000, 0x0000000080f00000, 0x0000000080f00000|100%| O|  |TAMS 0x0000000080e00000| PB 0x0000000080e00000| Untracked 
|  15|0x0000000080f00000, 0x0000000081000000, 0x0000000081000000|100%| O|  |TAMS 0x0000000080f00000| PB 0x0000000080f00000| Untracked 
|  16|0x0000000081000000, 0x0000000081100000, 0x0000000081100000|100%| O|  |TAMS 0x0000000081000000| PB 0x0000000081000000| Untracked 
|  17|0x0000000081100000, 0x0000000081200000, 0x0000000081200000|100%| O|  |TAMS 0x0000000081100000| PB 0x0000000081100000| Untracked 
|  18|0x0000000081200000, 0x0000000081300000, 0x0000000081300000|100%| O|  |TAMS 0x0000000081200000| PB 0x0000000081200000| Untracked 
|  19|0x0000000081300000, 0x0000000081400000, 0x0000000081400000|100%| O|  |TAMS 0x0000000081300000| PB 0x0000000081300000| Untracked 
|  20|0x0000000081400000, 0x0000000081500000, 0x0000000081500000|100%| O|  |TAMS 0x0000000081400000| PB 0x0000000081400000| Untracked 
|  21|0x0000000081500000, 0x0000000081600000, 0x0000000081600000|100%| O|  |TAMS 0x0000000081500000| PB 0x0000000081500000| Untracked 
|  22|0x0000000081600000, 0x0000000081700000, 0x0000000081700000|100%| O|  |TAMS 0x0000000081600000| PB 0x0000000081600000| Untracked 
|  23|0x0000000081700000, 0x0000000081800000, 0x0000000081800000|100%| O|  |TAMS 0x0000000081700000| PB 0x0000000081700000| Untracked 
|  24|0x0000000081800000, 0x0000000081900000, 0x0000000081900000|100%| O|  |TAMS 0x0000000081800000| PB 0x0000000081800000| Untracked 
|  25|0x0000000081900000, 0x0000000081a00000, 0x0000000081a00000|100%| O|Cm|TAMS 0x0000000081900000| PB 0x0000000081900000| Complete 
|  26|0x0000000081a00000, 0x0000000081b00000, 0x0000000081b00000|100%| O|  |TAMS 0x0000000081a00000| PB 0x0000000081a00000| Untracked 
|  27|0x0000000081b00000, 0x0000000081c00000, 0x0000000081c00000|100%| O|  |TAMS 0x0000000081b00000| PB 0x0000000081b00000| Untracked 
|  28|0x0000000081c00000, 0x0000000081d00000, 0x0000000081d00000|100%| O|  |TAMS 0x0000000081c00000| PB 0x0000000081c00000| Untracked 
|  29|0x0000000081d00000, 0x0000000081e00000, 0x0000000081e00000|100%| O|  |TAMS 0x0000000081d00000| PB 0x0000000081d00000| Untracked 
|  30|0x0000000081e00000, 0x0000000081f00000, 0x0000000081f00000|100%| O|  |TAMS 0x0000000081e00000| PB 0x0000000081e00000| Untracked 
|  31|0x0000000081f00000, 0x0000000082000000, 0x0000000082000000|100%| O|  |TAMS 0x0000000081f00000| PB 0x0000000081f00000| Untracked 
|  32|0x0000000082000000, 0x0000000082100000, 0x0000000082100000|100%| O|  |TAMS 0x0000000082000000| PB 0x0000000082000000| Untracked 
|  33|0x0000000082100000, 0x0000000082200000, 0x0000000082200000|100%| O|  |TAMS 0x0000000082100000| PB 0x0000000082100000| Untracked 
|  34|0x0000000082200000, 0x0000000082300000, 0x0000000082300000|100%|HS|  |TAMS 0x0000000082200000| PB 0x0000000082200000| Complete 
|  35|0x0000000082300000, 0x0000000082400000, 0x0000000082400000|100%| O|  |TAMS 0x0000000082300000| PB 0x0000000082300000| Untracked 
|  36|0x0000000082400000, 0x0000000082500000, 0x0000000082500000|100%| O|  |TAMS 0x0000000082400000| PB 0x0000000082400000| Untracked 
|  37|0x0000000082500000, 0x0000000082600000, 0x0000000082600000|100%| O|  |TAMS 0x0000000082500000| PB 0x0000000082500000| Untracked 
|  38|0x0000000082600000, 0x0000000082700000, 0x0000000082700000|100%| O|  |TAMS 0x0000000082600000| PB 0x0000000082600000| Untracked 
|  39|0x0000000082700000, 0x0000000082800000, 0x0000000082800000|100%| O|  |TAMS 0x0000000082700000| PB 0x0000000082700000| Untracked 
|  40|0x0000000082800000, 0x0000000082900000, 0x0000000082900000|100%| O|  |TAMS 0x0000000082800000| PB 0x0000000082800000| Untracked 
|  41|0x0000000082900000, 0x0000000082a00000, 0x0000000082a00000|100%| O|  |TAMS 0x0000000082900000| PB 0x0000000082900000| Untracked 
|  42|0x0000000082a00000, 0x0000000082b00000, 0x0000000082b00000|100%| O|  |TAMS 0x0000000082a00000| PB 0x0000000082a00000| Untracked 
|  43|0x0000000082b00000, 0x0000000082c00000, 0x0000000082c00000|100%| O|  |TAMS 0x0000000082b00000| PB 0x0000000082b00000| Untracked 
|  44|0x0000000082c00000, 0x0000000082d00000, 0x0000000082d00000|100%| O|  |TAMS 0x0000000082c00000| PB 0x0000000082c00000| Untracked 
|  45|0x0000000082d00000, 0x0000000082e00000, 0x0000000082e00000|100%| O|Cm|TAMS 0x0000000082d00000| PB 0x0000000082d00000| Complete 
|  46|0x0000000082e00000, 0x0000000082f00000, 0x0000000082f00000|100%| O|  |TAMS 0x0000000082e00000| PB 0x0000000082e00000| Untracked 
|  47|0x0000000082f00000, 0x0000000083000000, 0x0000000083000000|100%| O|  |TAMS 0x0000000082f00000| PB 0x0000000082f00000| Untracked 
|  48|0x0000000083000000, 0x0000000083100000, 0x0000000083100000|100%| O|  |TAMS 0x0000000083000000| PB 0x0000000083000000| Untracked 
|  49|0x0000000083100000, 0x0000000083200000, 0x0000000083200000|100%| O|  |TAMS 0x0000000083100000| PB 0x0000000083100000| Untracked 
|  50|0x0000000083200000, 0x0000000083300000, 0x0000000083300000|100%| O|  |TAMS 0x0000000083200000| PB 0x0000000083200000| Untracked 
|  51|0x0000000083300000, 0x0000000083400000, 0x0000000083400000|100%| O|  |TAMS 0x0000000083300000| PB 0x0000000083300000| Untracked 
|  52|0x0000000083400000, 0x0000000083500000, 0x0000000083500000|100%| O|  |TAMS 0x0000000083400000| PB 0x0000000083400000| Untracked 
|  53|0x0000000083500000, 0x0000000083600000, 0x0000000083600000|100%| O|  |TAMS 0x0000000083500000| PB 0x0000000083500000| Untracked 
|  54|0x0000000083600000, 0x0000000083700000, 0x0000000083700000|100%| O|  |TAMS 0x0000000083600000| PB 0x0000000083600000| Untracked 
|  55|0x0000000083700000, 0x0000000083773100, 0x0000000083800000| 44%| O|Cm|TAMS 0x0000000083700000| PB 0x0000000083700000| Complete 
|  56|0x0000000083800000, 0x0000000083900000, 0x0000000083900000|100%| O|  |TAMS 0x0000000083800000| PB 0x0000000083800000| Untracked 
|  57|0x0000000083900000, 0x0000000083a00000, 0x0000000083a00000|100%| O|  |TAMS 0x0000000083900000| PB 0x0000000083900000| Untracked 
|  58|0x0000000083a00000, 0x0000000083b00000, 0x0000000083b00000|100%| O|  |TAMS 0x0000000083a00000| PB 0x0000000083a00000| Untracked 
|  59|0x0000000083b00000, 0x0000000083c00000, 0x0000000083c00000|100%| O|  |TAMS 0x0000000083b00000| PB 0x0000000083b00000| Untracked 
|  60|0x0000000083c00000, 0x0000000083d00000, 0x0000000083d00000|100%| O|  |TAMS 0x0000000083c00000| PB 0x0000000083c00000| Untracked 
|  61|0x0000000083d00000, 0x0000000083e00000, 0x0000000083e00000|100%|HS|  |TAMS 0x0000000083d00000| PB 0x0000000083d00000| Complete 
|  62|0x0000000083e00000, 0x0000000083f00000, 0x0000000083f00000|100%|HS|  |TAMS 0x0000000083e00000| PB 0x0000000083e00000| Complete 
|  63|0x0000000083f00000, 0x0000000084000000, 0x0000000084000000|100%| O|  |TAMS 0x0000000083f00000| PB 0x0000000083f00000| Untracked 
|  64|0x0000000084000000, 0x0000000084100000, 0x0000000084100000|100%| O|  |TAMS 0x0000000084000000| PB 0x0000000084000000| Untracked 
|  65|0x0000000084100000, 0x0000000084200000, 0x0000000084200000|100%| O|  |TAMS 0x0000000084100000| PB 0x0000000084100000| Untracked 
|  66|0x0000000084200000, 0x0000000084300000, 0x0000000084300000|100%| O|  |TAMS 0x0000000084200000| PB 0x0000000084200000| Untracked 
|  67|0x0000000084300000, 0x0000000084400000, 0x0000000084400000|100%| O|  |TAMS 0x0000000084300000| PB 0x0000000084300000| Untracked 
|  68|0x0000000084400000, 0x0000000084500000, 0x0000000084500000|100%|HS|  |TAMS 0x0000000084400000| PB 0x0000000084400000| Complete 
|  69|0x0000000084500000, 0x0000000084600000, 0x0000000084600000|100%| O|Cm|TAMS 0x0000000084500000| PB 0x0000000084500000| Complete 
|  70|0x0000000084600000, 0x0000000084700000, 0x0000000084700000|100%| O|  |TAMS 0x0000000084600000| PB 0x0000000084600000| Untracked 
|  71|0x0000000084700000, 0x0000000084800000, 0x0000000084800000|100%| O|  |TAMS 0x0000000084700000| PB 0x0000000084700000| Untracked 
|  72|0x0000000084800000, 0x0000000084900000, 0x0000000084900000|100%| O|  |TAMS 0x0000000084800000| PB 0x0000000084800000| Untracked 
|  73|0x0000000084900000, 0x0000000084a00000, 0x0000000084a00000|100%|HS|  |TAMS 0x0000000084900000| PB 0x0000000084900000| Complete 
|  74|0x0000000084a00000, 0x0000000084b00000, 0x0000000084b00000|100%|HC|  |TAMS 0x0000000084a00000| PB 0x0000000084a00000| Complete 
|  75|0x0000000084b00000, 0x0000000084c00000, 0x0000000084c00000|100%|HS|  |TAMS 0x0000000084b00000| PB 0x0000000084b00000| Complete 
|  76|0x0000000084c00000, 0x0000000084d00000, 0x0000000084d00000|100%|HC|  |TAMS 0x0000000084c00000| PB 0x0000000084c00000| Complete 
|  77|0x0000000084d00000, 0x0000000084e00000, 0x0000000084e00000|100%| O|  |TAMS 0x0000000084d00000| PB 0x0000000084d00000| Untracked 
|  78|0x0000000084e00000, 0x0000000084f00000, 0x0000000084f00000|100%| O|  |TAMS 0x0000000084e00000| PB 0x0000000084e00000| Untracked 
|  79|0x0000000084f00000, 0x0000000085000000, 0x0000000085000000|100%|HS|  |TAMS 0x0000000084f00000| PB 0x0000000084f00000| Complete 
|  80|0x0000000085000000, 0x0000000085100000, 0x0000000085100000|100%| O|  |TAMS 0x0000000085000000| PB 0x0000000085000000| Untracked 
|  81|0x0000000085100000, 0x0000000085200000, 0x0000000085200000|100%| O|  |TAMS 0x0000000085100000| PB 0x0000000085100000| Untracked 
|  82|0x0000000085200000, 0x0000000085300000, 0x0000000085300000|100%| O|  |TAMS 0x0000000085200000| PB 0x0000000085200000| Untracked 
|  83|0x0000000085300000, 0x0000000085400000, 0x0000000085400000|100%| O|  |TAMS 0x0000000085300000| PB 0x0000000085300000| Untracked 
|  84|0x0000000085400000, 0x0000000085500000, 0x0000000085500000|100%| O|  |TAMS 0x0000000085400000| PB 0x0000000085400000| Untracked 
|  85|0x0000000085500000, 0x0000000085600000, 0x0000000085600000|100%| O|  |TAMS 0x0000000085500000| PB 0x0000000085500000| Untracked 
|  86|0x0000000085600000, 0x0000000085700000, 0x0000000085700000|100%| O|  |TAMS 0x0000000085600000| PB 0x0000000085600000| Untracked 
|  87|0x0000000085700000, 0x0000000085800000, 0x0000000085800000|100%| O|  |TAMS 0x0000000085700000| PB 0x0000000085700000| Untracked 
|  88|0x0000000085800000, 0x0000000085900000, 0x0000000085900000|100%| O|  |TAMS 0x0000000085800000| PB 0x0000000085800000| Untracked 
|  89|0x0000000085900000, 0x0000000085a00000, 0x0000000085a00000|100%| O|  |TAMS 0x0000000085900000| PB 0x0000000085900000| Untracked 
|  90|0x0000000085a00000, 0x0000000085b00000, 0x0000000085b00000|100%| O|  |TAMS 0x0000000085a00000| PB 0x0000000085a00000| Untracked 
|  91|0x0000000085b00000, 0x0000000085c00000, 0x0000000085c00000|100%| O|  |TAMS 0x0000000085b00000| PB 0x0000000085b00000| Untracked 
|  92|0x0000000085c00000, 0x0000000085d00000, 0x0000000085d00000|100%| O|  |TAMS 0x0000000085c00000| PB 0x0000000085c00000| Untracked 
|  93|0x0000000085d00000, 0x0000000085e00000, 0x0000000085e00000|100%| O|  |TAMS 0x0000000085d00000| PB 0x0000000085d00000| Untracked 
|  94|0x0000000085e00000, 0x0000000085f00000, 0x0000000085f00000|100%| O|  |TAMS 0x0000000085e00000| PB 0x0000000085e00000| Untracked 
|  95|0x0000000085f00000, 0x0000000086000000, 0x0000000086000000|100%|HS|  |TAMS 0x0000000085f00000| PB 0x0000000085f00000| Complete 
|  96|0x0000000086000000, 0x0000000086100000, 0x0000000086100000|100%|HC|  |TAMS 0x0000000086000000| PB 0x0000000086000000| Complete 
|  97|0x0000000086100000, 0x0000000086200000, 0x0000000086200000|100%|HC|  |TAMS 0x0000000086100000| PB 0x0000000086100000| Complete 
|  98|0x0000000086200000, 0x0000000086300000, 0x0000000086300000|100%|HC|  |TAMS 0x0000000086200000| PB 0x0000000086200000| Complete 
|  99|0x0000000086300000, 0x0000000086400000, 0x0000000086400000|100%|HC|  |TAMS 0x0000000086300000| PB 0x0000000086300000| Complete 
| 100|0x0000000086400000, 0x0000000086500000, 0x0000000086500000|100%|HC|  |TAMS 0x0000000086400000| PB 0x0000000086400000| Complete 
| 101|0x0000000086500000, 0x0000000086600000, 0x0000000086600000|100%|HC|  |TAMS 0x0000000086500000| PB 0x0000000086500000| Complete 
| 102|0x0000000086600000, 0x0000000086700000, 0x0000000086700000|100%|HC|  |TAMS 0x0000000086600000| PB 0x0000000086600000| Complete 
| 103|0x0000000086700000, 0x0000000086800000, 0x0000000086800000|100%|HC|  |TAMS 0x0000000086700000| PB 0x0000000086700000| Complete 
| 104|0x0000000086800000, 0x0000000086900000, 0x0000000086900000|100%| O|  |TAMS 0x0000000086800000| PB 0x0000000086800000| Untracked 
| 105|0x0000000086900000, 0x0000000086a00000, 0x0000000086a00000|100%|HS|  |TAMS 0x0000000086900000| PB 0x0000000086900000| Complete 
| 106|0x0000000086a00000, 0x0000000086b00000, 0x0000000086b00000|100%|HC|  |TAMS 0x0000000086a00000| PB 0x0000000086a00000| Complete 
| 107|0x0000000086b00000, 0x0000000086c00000, 0x0000000086c00000|100%|HS|  |TAMS 0x0000000086b00000| PB 0x0000000086b00000| Complete 
| 108|0x0000000086c00000, 0x0000000086d00000, 0x0000000086d00000|100%| O|Cm|TAMS 0x0000000086c00000| PB 0x0000000086c00000| Complete 
| 109|0x0000000086d00000, 0x0000000086e00000, 0x0000000086e00000|100%|HS|  |TAMS 0x0000000086d00000| PB 0x0000000086d00000| Complete 
| 110|0x0000000086e00000, 0x0000000086f00000, 0x0000000086f00000|100%| O|  |TAMS 0x0000000086e00000| PB 0x0000000086e00000| Untracked 
| 111|0x0000000086f00000, 0x0000000087000000, 0x0000000087000000|100%| O|  |TAMS 0x0000000086f00000| PB 0x0000000086f00000| Untracked 
| 112|0x0000000087000000, 0x0000000087100000, 0x0000000087100000|100%| O|  |TAMS 0x0000000087000000| PB 0x0000000087000000| Untracked 
| 113|0x0000000087100000, 0x0000000087200000, 0x0000000087200000|100%| O|  |TAMS 0x0000000087100000| PB 0x0000000087100000| Untracked 
| 114|0x0000000087200000, 0x0000000087300000, 0x0000000087300000|100%|HS|  |TAMS 0x0000000087200000| PB 0x0000000087200000| Complete 
| 115|0x0000000087300000, 0x0000000087400000, 0x0000000087400000|100%| O|Cm|TAMS 0x0000000087300000| PB 0x0000000087300000| Complete 
| 116|0x0000000087400000, 0x0000000087500000, 0x0000000087500000|100%|HS|  |TAMS 0x0000000087400000| PB 0x0000000087400000| Complete 
| 117|0x0000000087500000, 0x0000000087600000, 0x0000000087600000|100%| O|Cm|TAMS 0x0000000087500000| PB 0x0000000087500000| Complete 
| 118|0x0000000087600000, 0x0000000087700000, 0x0000000087700000|100%| O|  |TAMS 0x0000000087600000| PB 0x0000000087600000| Untracked 
| 119|0x0000000087700000, 0x0000000087800000, 0x0000000087800000|100%| O|  |TAMS 0x0000000087700000| PB 0x0000000087700000| Untracked 
| 120|0x0000000087800000, 0x0000000087900000, 0x0000000087900000|100%| O|  |TAMS 0x0000000087800000| PB 0x0000000087800000| Untracked 
| 121|0x0000000087900000, 0x0000000087a00000, 0x0000000087a00000|100%| O|  |TAMS 0x0000000087900000| PB 0x0000000087900000| Untracked 
| 122|0x0000000087a00000, 0x0000000087b00000, 0x0000000087b00000|100%| O|  |TAMS 0x0000000087a00000| PB 0x0000000087a00000| Untracked 
| 123|0x0000000087b00000, 0x0000000087c00000, 0x0000000087c00000|100%| O|  |TAMS 0x0000000087b00000| PB 0x0000000087b00000| Untracked 
| 124|0x0000000087c00000, 0x0000000087d00000, 0x0000000087d00000|100%| O|  |TAMS 0x0000000087c00000| PB 0x0000000087c00000| Untracked 
| 125|0x0000000087d00000, 0x0000000087e00000, 0x0000000087e00000|100%| O|  |TAMS 0x0000000087d00000| PB 0x0000000087d00000| Untracked 
| 126|0x0000000087e00000, 0x0000000087f00000, 0x0000000087f00000|100%| O|  |TAMS 0x0000000087e00000| PB 0x0000000087e00000| Untracked 
| 127|0x0000000087f00000, 0x0000000088000000, 0x0000000088000000|100%| O|  |TAMS 0x0000000087f00000| PB 0x0000000087f00000| Untracked 
| 128|0x0000000088000000, 0x0000000088100000, 0x0000000088100000|100%| O|  |TAMS 0x0000000088000000| PB 0x0000000088000000| Untracked 
| 129|0x0000000088100000, 0x0000000088200000, 0x0000000088200000|100%| O|  |TAMS 0x0000000088100000| PB 0x0000000088100000| Untracked 
| 130|0x0000000088200000, 0x0000000088300000, 0x0000000088300000|100%| O|  |TAMS 0x0000000088200000| PB 0x0000000088200000| Untracked 
| 131|0x0000000088300000, 0x0000000088400000, 0x0000000088400000|100%| O|  |TAMS 0x0000000088300000| PB 0x0000000088300000| Untracked 
| 132|0x0000000088400000, 0x0000000088500000, 0x0000000088500000|100%| O|  |TAMS 0x0000000088400000| PB 0x0000000088400000| Untracked 
| 133|0x0000000088500000, 0x0000000088600000, 0x0000000088600000|100%| O|  |TAMS 0x0000000088500000| PB 0x0000000088500000| Untracked 
| 134|0x0000000088600000, 0x0000000088700000, 0x0000000088700000|100%| O|  |TAMS 0x0000000088600000| PB 0x0000000088600000| Untracked 
| 135|0x0000000088700000, 0x0000000088800000, 0x0000000088800000|100%| O|  |TAMS 0x0000000088700000| PB 0x0000000088700000| Untracked 
| 136|0x0000000088800000, 0x0000000088900000, 0x0000000088900000|100%| O|  |TAMS 0x0000000088800000| PB 0x0000000088800000| Untracked 
| 137|0x0000000088900000, 0x0000000088a00000, 0x0000000088a00000|100%| O|  |TAMS 0x0000000088900000| PB 0x0000000088900000| Untracked 
| 138|0x0000000088a00000, 0x0000000088b00000, 0x0000000088b00000|100%| O|  |TAMS 0x0000000088a00000| PB 0x0000000088a00000| Untracked 
| 139|0x0000000088b00000, 0x0000000088c00000, 0x0000000088c00000|100%| O|  |TAMS 0x0000000088b00000| PB 0x0000000088b00000| Untracked 
| 140|0x0000000088c00000, 0x0000000088d00000, 0x0000000088d00000|100%| O|  |TAMS 0x0000000088c00000| PB 0x0000000088c00000| Untracked 
| 141|0x0000000088d00000, 0x0000000088e00000, 0x0000000088e00000|100%| O|  |TAMS 0x0000000088d00000| PB 0x0000000088d00000| Untracked 
| 142|0x0000000088e00000, 0x0000000088f00000, 0x0000000088f00000|100%|HS|  |TAMS 0x0000000088e00000| PB 0x0000000088e00000| Complete 
| 143|0x0000000088f00000, 0x0000000089000000, 0x0000000089000000|100%| O|  |TAMS 0x0000000088f00000| PB 0x0000000088f00000| Untracked 
| 144|0x0000000089000000, 0x0000000089100000, 0x0000000089100000|100%| O|  |TAMS 0x0000000089000000| PB 0x0000000089000000| Untracked 
| 145|0x0000000089100000, 0x0000000089200000, 0x0000000089200000|100%| O|  |TAMS 0x0000000089100000| PB 0x0000000089100000| Untracked 
| 146|0x0000000089200000, 0x0000000089300000, 0x0000000089300000|100%| O|  |TAMS 0x0000000089200000| PB 0x0000000089200000| Untracked 
| 147|0x0000000089300000, 0x0000000089400000, 0x0000000089400000|100%| O|  |TAMS 0x0000000089300000| PB 0x0000000089300000| Untracked 
| 148|0x0000000089400000, 0x0000000089500000, 0x0000000089500000|100%| O|  |TAMS 0x0000000089400000| PB 0x0000000089400000| Untracked 
| 149|0x0000000089500000, 0x0000000089600000, 0x0000000089600000|100%| O|  |TAMS 0x0000000089500000| PB 0x0000000089500000| Untracked 
| 150|0x0000000089600000, 0x0000000089700000, 0x0000000089700000|100%|HS|  |TAMS 0x0000000089600000| PB 0x0000000089600000| Complete 
| 151|0x0000000089700000, 0x0000000089800000, 0x0000000089800000|100%| O|  |TAMS 0x0000000089700000| PB 0x0000000089700000| Untracked 
| 152|0x0000000089800000, 0x0000000089900000, 0x0000000089900000|100%| O|  |TAMS 0x0000000089800000| PB 0x0000000089800000| Untracked 
| 153|0x0000000089900000, 0x0000000089a00000, 0x0000000089a00000|100%| O|  |TAMS 0x0000000089900000| PB 0x0000000089900000| Untracked 
| 154|0x0000000089a00000, 0x0000000089b00000, 0x0000000089b00000|100%| O|  |TAMS 0x0000000089a00000| PB 0x0000000089a00000| Untracked 
| 155|0x0000000089b00000, 0x0000000089c00000, 0x0000000089c00000|100%| O|  |TAMS 0x0000000089b00000| PB 0x0000000089b00000| Untracked 
| 156|0x0000000089c00000, 0x0000000089d00000, 0x0000000089d00000|100%|HS|  |TAMS 0x0000000089c00000| PB 0x0000000089c00000| Complete 
| 157|0x0000000089d00000, 0x0000000089e00000, 0x0000000089e00000|100%| O|Cm|TAMS 0x0000000089d00000| PB 0x0000000089d00000| Complete 
| 158|0x0000000089e00000, 0x0000000089f00000, 0x0000000089f00000|100%|HS|  |TAMS 0x0000000089e00000| PB 0x0000000089e00000| Complete 
| 159|0x0000000089f00000, 0x000000008a000000, 0x000000008a000000|100%| O|  |TAMS 0x0000000089f00000| PB 0x0000000089f00000| Untracked 
| 160|0x000000008a000000, 0x000000008a100000, 0x000000008a100000|100%| O|  |TAMS 0x000000008a000000| PB 0x000000008a000000| Untracked 
| 161|0x000000008a100000, 0x000000008a200000, 0x000000008a200000|100%| O|  |TAMS 0x000000008a100000| PB 0x000000008a100000| Untracked 
| 162|0x000000008a200000, 0x000000008a300000, 0x000000008a300000|100%| O|  |TAMS 0x000000008a200000| PB 0x000000008a200000| Untracked 
| 163|0x000000008a300000, 0x000000008a400000, 0x000000008a400000|100%|HS|  |TAMS 0x000000008a300000| PB 0x000000008a300000| Complete 
| 164|0x000000008a400000, 0x000000008a500000, 0x000000008a500000|100%| O|  |TAMS 0x000000008a400000| PB 0x000000008a400000| Untracked 
| 165|0x000000008a500000, 0x000000008a600000, 0x000000008a600000|100%| O|  |TAMS 0x000000008a500000| PB 0x000000008a500000| Untracked 
| 166|0x000000008a600000, 0x000000008a700000, 0x000000008a700000|100%| O|  |TAMS 0x000000008a600000| PB 0x000000008a600000| Untracked 
| 167|0x000000008a700000, 0x000000008a800000, 0x000000008a800000|100%| O|  |TAMS 0x000000008a700000| PB 0x000000008a700000| Untracked 
| 168|0x000000008a800000, 0x000000008a900000, 0x000000008a900000|100%| O|  |TAMS 0x000000008a800000| PB 0x000000008a800000| Untracked 
| 169|0x000000008a900000, 0x000000008aa00000, 0x000000008aa00000|100%| O|Cm|TAMS 0x000000008a900000| PB 0x000000008a900000| Complete 
| 170|0x000000008aa00000, 0x000000008ab00000, 0x000000008ab00000|100%| O|  |TAMS 0x000000008aa00000| PB 0x000000008aa00000| Untracked 
| 171|0x000000008ab00000, 0x000000008ac00000, 0x000000008ac00000|100%| O|  |TAMS 0x000000008ab00000| PB 0x000000008ab00000| Untracked 
| 172|0x000000008ac00000, 0x000000008ad00000, 0x000000008ad00000|100%| O|  |TAMS 0x000000008ac00000| PB 0x000000008ac00000| Untracked 
| 173|0x000000008ad00000, 0x000000008ae00000, 0x000000008ae00000|100%| O|  |TAMS 0x000000008ad00000| PB 0x000000008ad00000| Untracked 
| 174|0x000000008ae00000, 0x000000008af00000, 0x000000008af00000|100%| O|  |TAMS 0x000000008ae00000| PB 0x000000008ae00000| Untracked 
| 175|0x000000008af00000, 0x000000008b000000, 0x000000008b000000|100%| O|  |TAMS 0x000000008af00000| PB 0x000000008af00000| Untracked 
| 176|0x000000008b000000, 0x000000008b100000, 0x000000008b100000|100%| O|  |TAMS 0x000000008b000000| PB 0x000000008b000000| Untracked 
| 177|0x000000008b100000, 0x000000008b200000, 0x000000008b200000|100%| O|  |TAMS 0x000000008b100000| PB 0x000000008b100000| Untracked 
| 178|0x000000008b200000, 0x000000008b300000, 0x000000008b300000|100%| O|  |TAMS 0x000000008b200000| PB 0x000000008b200000| Untracked 
| 179|0x000000008b300000, 0x000000008b400000, 0x000000008b400000|100%|HS|  |TAMS 0x000000008b300000| PB 0x000000008b300000| Complete 
| 180|0x000000008b400000, 0x000000008b500000, 0x000000008b500000|100%| O|  |TAMS 0x000000008b400000| PB 0x000000008b400000| Untracked 
| 181|0x000000008b500000, 0x000000008b600000, 0x000000008b600000|100%| O|  |TAMS 0x000000008b500000| PB 0x000000008b500000| Untracked 
| 182|0x000000008b600000, 0x000000008b700000, 0x000000008b700000|100%|HS|  |TAMS 0x000000008b600000| PB 0x000000008b600000| Complete 
| 183|0x000000008b700000, 0x000000008b800000, 0x000000008b800000|100%| O|  |TAMS 0x000000008b700000| PB 0x000000008b700000| Untracked 
| 184|0x000000008b800000, 0x000000008b900000, 0x000000008b900000|100%| O|  |TAMS 0x000000008b800000| PB 0x000000008b800000| Untracked 
| 185|0x000000008b900000, 0x000000008ba00000, 0x000000008ba00000|100%| O|  |TAMS 0x000000008b900000| PB 0x000000008b900000| Untracked 
| 186|0x000000008ba00000, 0x000000008bb00000, 0x000000008bb00000|100%| O|  |TAMS 0x000000008ba00000| PB 0x000000008ba00000| Untracked 
| 187|0x000000008bb00000, 0x000000008bc00000, 0x000000008bc00000|100%| O|  |TAMS 0x000000008bb00000| PB 0x000000008bb00000| Untracked 
| 188|0x000000008bc00000, 0x000000008bd00000, 0x000000008bd00000|100%| O|  |TAMS 0x000000008bc00000| PB 0x000000008bc00000| Untracked 
| 189|0x000000008bd00000, 0x000000008be00000, 0x000000008be00000|100%| O|  |TAMS 0x000000008bd00000| PB 0x000000008bd00000| Untracked 
| 190|0x000000008be00000, 0x000000008bf00000, 0x000000008bf00000|100%|HS|  |TAMS 0x000000008be00000| PB 0x000000008be00000| Complete 
| 191|0x000000008bf00000, 0x000000008c000000, 0x000000008c000000|100%|HC|  |TAMS 0x000000008bf00000| PB 0x000000008bf00000| Complete 
| 192|0x000000008c000000, 0x000000008c100000, 0x000000008c100000|100%|HC|  |TAMS 0x000000008c000000| PB 0x000000008c000000| Complete 
| 193|0x000000008c100000, 0x000000008c200000, 0x000000008c200000|100%|HS|  |TAMS 0x000000008c100000| PB 0x000000008c100000| Complete 
| 194|0x000000008c200000, 0x000000008c300000, 0x000000008c300000|100%|HC|  |TAMS 0x000000008c200000| PB 0x000000008c200000| Complete 
| 195|0x000000008c300000, 0x000000008c400000, 0x000000008c400000|100%| O|  |TAMS 0x000000008c300000| PB 0x000000008c300000| Untracked 
| 196|0x000000008c400000, 0x000000008c500000, 0x000000008c500000|100%| O|  |TAMS 0x000000008c400000| PB 0x000000008c400000| Untracked 
| 197|0x000000008c500000, 0x000000008c600000, 0x000000008c600000|100%| O|  |TAMS 0x000000008c500000| PB 0x000000008c500000| Untracked 
| 198|0x000000008c600000, 0x000000008c700000, 0x000000008c700000|100%|HS|  |TAMS 0x000000008c600000| PB 0x000000008c600000| Complete 
| 199|0x000000008c700000, 0x000000008c800000, 0x000000008c800000|100%|HS|  |TAMS 0x000000008c700000| PB 0x000000008c700000| Complete 
| 200|0x000000008c800000, 0x000000008c900000, 0x000000008c900000|100%|HS|  |TAMS 0x000000008c800000| PB 0x000000008c800000| Complete 
| 201|0x000000008c900000, 0x000000008ca00000, 0x000000008ca00000|100%|HC|  |TAMS 0x000000008c900000| PB 0x000000008c900000| Complete 
| 202|0x000000008ca00000, 0x000000008cb00000, 0x000000008cb00000|100%|HC|  |TAMS 0x000000008ca00000| PB 0x000000008ca00000| Complete 
| 203|0x000000008cb00000, 0x000000008cc00000, 0x000000008cc00000|100%|HC|  |TAMS 0x000000008cb00000| PB 0x000000008cb00000| Complete 
| 204|0x000000008cc00000, 0x000000008cd00000, 0x000000008cd00000|100%|HC|  |TAMS 0x000000008cc00000| PB 0x000000008cc00000| Complete 
| 205|0x000000008cd00000, 0x000000008ce00000, 0x000000008ce00000|100%|HS|  |TAMS 0x000000008cd00000| PB 0x000000008cd00000| Complete 
| 206|0x000000008ce00000, 0x000000008cf00000, 0x000000008cf00000|100%| O|  |TAMS 0x000000008ce00000| PB 0x000000008ce00000| Untracked 
| 207|0x000000008cf00000, 0x000000008d000000, 0x000000008d000000|100%| O|  |TAMS 0x000000008cf00000| PB 0x000000008cf00000| Untracked 
| 208|0x000000008d000000, 0x000000008d100000, 0x000000008d100000|100%|HS|  |TAMS 0x000000008d000000| PB 0x000000008d000000| Complete 
| 209|0x000000008d100000, 0x000000008d200000, 0x000000008d200000|100%| O|  |TAMS 0x000000008d100000| PB 0x000000008d100000| Untracked 
| 210|0x000000008d200000, 0x000000008d300000, 0x000000008d300000|100%| O|  |TAMS 0x000000008d200000| PB 0x000000008d200000| Untracked 
| 211|0x000000008d300000, 0x000000008d400000, 0x000000008d400000|100%| O|  |TAMS 0x000000008d300000| PB 0x000000008d300000| Untracked 
| 212|0x000000008d400000, 0x000000008d500000, 0x000000008d500000|100%| O|  |TAMS 0x000000008d400000| PB 0x000000008d400000| Untracked 
| 213|0x000000008d500000, 0x000000008d600000, 0x000000008d600000|100%|HS|  |TAMS 0x000000008d500000| PB 0x000000008d500000| Complete 
| 214|0x000000008d600000, 0x000000008d700000, 0x000000008d700000|100%| O|  |TAMS 0x000000008d600000| PB 0x000000008d600000| Untracked 
| 215|0x000000008d700000, 0x000000008d800000, 0x000000008d800000|100%|HS|  |TAMS 0x000000008d700000| PB 0x000000008d700000| Complete 
| 216|0x000000008d800000, 0x000000008d900000, 0x000000008d900000|100%| O|  |TAMS 0x000000008d800000| PB 0x000000008d800000| Untracked 
| 217|0x000000008d900000, 0x000000008da00000, 0x000000008da00000|100%| O|  |TAMS 0x000000008d900000| PB 0x000000008d900000| Untracked 
| 218|0x000000008da00000, 0x000000008db00000, 0x000000008db00000|100%| O|  |TAMS 0x000000008da00000| PB 0x000000008da00000| Untracked 
| 219|0x000000008db00000, 0x000000008dc00000, 0x000000008dc00000|100%| O|  |TAMS 0x000000008db00000| PB 0x000000008db00000| Untracked 
| 220|0x000000008dc00000, 0x000000008dd00000, 0x000000008dd00000|100%| O|  |TAMS 0x000000008dc00000| PB 0x000000008dc00000| Untracked 
| 221|0x000000008dd00000, 0x000000008de00000, 0x000000008de00000|100%| O|  |TAMS 0x000000008dd00000| PB 0x000000008dd00000| Untracked 
| 222|0x000000008de00000, 0x000000008df00000, 0x000000008df00000|100%| O|  |TAMS 0x000000008de00000| PB 0x000000008de00000| Untracked 
| 223|0x000000008df00000, 0x000000008e000000, 0x000000008e000000|100%|HS|  |TAMS 0x000000008df00000| PB 0x000000008df00000| Complete 
| 224|0x000000008e000000, 0x000000008e100000, 0x000000008e100000|100%|HC|  |TAMS 0x000000008e000000| PB 0x000000008e000000| Complete 
| 225|0x000000008e100000, 0x000000008e200000, 0x000000008e200000|100%|HC|  |TAMS 0x000000008e100000| PB 0x000000008e100000| Complete 
| 226|0x000000008e200000, 0x000000008e300000, 0x000000008e300000|100%|HC|  |TAMS 0x000000008e200000| PB 0x000000008e200000| Complete 
| 227|0x000000008e300000, 0x000000008e400000, 0x000000008e400000|100%|HS|  |TAMS 0x000000008e300000| PB 0x000000008e300000| Complete 
| 228|0x000000008e400000, 0x000000008e500000, 0x000000008e500000|100%|HC|  |TAMS 0x000000008e400000| PB 0x000000008e400000| Complete 
| 229|0x000000008e500000, 0x000000008e600000, 0x000000008e600000|100%|HC|  |TAMS 0x000000008e500000| PB 0x000000008e500000| Complete 
| 230|0x000000008e600000, 0x000000008e700000, 0x000000008e700000|100%|HS|  |TAMS 0x000000008e600000| PB 0x000000008e600000| Complete 
| 231|0x000000008e700000, 0x000000008e800000, 0x000000008e800000|100%|HC|  |TAMS 0x000000008e700000| PB 0x000000008e700000| Complete 
| 232|0x000000008e800000, 0x000000008e900000, 0x000000008e900000|100%|HC|  |TAMS 0x000000008e800000| PB 0x000000008e800000| Complete 
| 233|0x000000008e900000, 0x000000008ea00000, 0x000000008ea00000|100%|HC|  |TAMS 0x000000008e900000| PB 0x000000008e900000| Complete 
| 234|0x000000008ea00000, 0x000000008eb00000, 0x000000008eb00000|100%|HS|  |TAMS 0x000000008ea00000| PB 0x000000008ea00000| Complete 
| 235|0x000000008eb00000, 0x000000008ec00000, 0x000000008ec00000|100%|HC|  |TAMS 0x000000008eb00000| PB 0x000000008eb00000| Complete 
| 236|0x000000008ec00000, 0x000000008ed00000, 0x000000008ed00000|100%|HS|  |TAMS 0x000000008ec00000| PB 0x000000008ec00000| Complete 
| 237|0x000000008ed00000, 0x000000008ee00000, 0x000000008ee00000|100%| O|  |TAMS 0x000000008ed00000| PB 0x000000008ed00000| Untracked 
| 238|0x000000008ee00000, 0x000000008ef00000, 0x000000008ef00000|100%| O|  |TAMS 0x000000008ee00000| PB 0x000000008ee00000| Untracked 
| 239|0x000000008ef00000, 0x000000008f000000, 0x000000008f000000|100%| O|  |TAMS 0x000000008ef00000| PB 0x000000008ef00000| Untracked 
| 240|0x000000008f000000, 0x000000008f100000, 0x000000008f100000|100%| O|  |TAMS 0x000000008f000000| PB 0x000000008f000000| Untracked 
| 241|0x000000008f100000, 0x000000008f200000, 0x000000008f200000|100%| O|  |TAMS 0x000000008f100000| PB 0x000000008f100000| Untracked 
| 242|0x000000008f200000, 0x000000008f300000, 0x000000008f300000|100%| O|  |TAMS 0x000000008f200000| PB 0x000000008f200000| Untracked 
| 243|0x000000008f300000, 0x000000008f400000, 0x000000008f400000|100%| O|  |TAMS 0x000000008f300000| PB 0x000000008f300000| Untracked 
| 244|0x000000008f400000, 0x000000008f500000, 0x000000008f500000|100%| O|Cm|TAMS 0x000000008f400000| PB 0x000000008f400000| Complete 
| 245|0x000000008f500000, 0x000000008f600000, 0x000000008f600000|100%|HS|  |TAMS 0x000000008f500000| PB 0x000000008f500000| Complete 
| 246|0x000000008f600000, 0x000000008f700000, 0x000000008f700000|100%|HC|  |TAMS 0x000000008f600000| PB 0x000000008f600000| Complete 
| 247|0x000000008f700000, 0x000000008f800000, 0x000000008f800000|100%|HS|  |TAMS 0x000000008f700000| PB 0x000000008f700000| Complete 
| 248|0x000000008f800000, 0x000000008f900000, 0x000000008f900000|100%|HC|  |TAMS 0x000000008f800000| PB 0x000000008f800000| Complete 
| 249|0x000000008f900000, 0x000000008fa00000, 0x000000008fa00000|100%|HS|  |TAMS 0x000000008f900000| PB 0x000000008f900000| Complete 
| 250|0x000000008fa00000, 0x000000008fb00000, 0x000000008fb00000|100%|HC|  |TAMS 0x000000008fa00000| PB 0x000000008fa00000| Complete 
| 251|0x000000008fb00000, 0x000000008fc00000, 0x000000008fc00000|100%| O|  |TAMS 0x000000008fb00000| PB 0x000000008fb00000| Untracked 
| 252|0x000000008fc00000, 0x000000008fd00000, 0x000000008fd00000|100%| O|Cm|TAMS 0x000000008fc00000| PB 0x000000008fc00000| Complete 
| 253|0x000000008fd00000, 0x000000008fe00000, 0x000000008fe00000|100%| O|  |TAMS 0x000000008fd00000| PB 0x000000008fd00000| Untracked 
| 254|0x000000008fe00000, 0x000000008ff00000, 0x000000008ff00000|100%| O|  |TAMS 0x000000008fe00000| PB 0x000000008fe00000| Untracked 
| 255|0x000000008ff00000, 0x0000000090000000, 0x0000000090000000|100%| O|  |TAMS 0x000000008ff00000| PB 0x000000008ff00000| Untracked 
| 256|0x0000000090000000, 0x0000000090100000, 0x0000000090100000|100%|HS|  |TAMS 0x0000000090000000| PB 0x0000000090000000| Complete 
| 257|0x0000000090100000, 0x0000000090200000, 0x0000000090200000|100%|HC|  |TAMS 0x0000000090100000| PB 0x0000000090100000| Complete 
| 258|0x0000000090200000, 0x0000000090300000, 0x0000000090300000|100%|HC|  |TAMS 0x0000000090200000| PB 0x0000000090200000| Complete 
| 259|0x0000000090300000, 0x0000000090400000, 0x0000000090400000|100%|HC|  |TAMS 0x0000000090300000| PB 0x0000000090300000| Complete 
| 260|0x0000000090400000, 0x0000000090500000, 0x0000000090500000|100%| E|CS|TAMS 0x0000000090400000| PB 0x0000000090400000| Complete 
| 261|0x0000000090500000, 0x0000000090600000, 0x0000000090600000|100%|HS|  |TAMS 0x0000000090500000| PB 0x0000000090500000| Complete 
| 262|0x0000000090600000, 0x0000000090700000, 0x0000000090700000|100%|HC|  |TAMS 0x0000000090600000| PB 0x0000000090600000| Complete 
| 263|0x0000000090700000, 0x0000000090800000, 0x0000000090800000|100%|HC|  |TAMS 0x0000000090700000| PB 0x0000000090700000| Complete 
| 264|0x0000000090800000, 0x0000000090900000, 0x0000000090900000|100%|HC|  |TAMS 0x0000000090800000| PB 0x0000000090800000| Complete 
| 265|0x0000000090900000, 0x0000000090a00000, 0x0000000090a00000|100%|HC|  |TAMS 0x0000000090900000| PB 0x0000000090900000| Complete 
| 266|0x0000000090a00000, 0x0000000090b00000, 0x0000000090b00000|100%|HC|  |TAMS 0x0000000090a00000| PB 0x0000000090a00000| Complete 
| 267|0x0000000090b00000, 0x0000000090c00000, 0x0000000090c00000|100%|HC|  |TAMS 0x0000000090b00000| PB 0x0000000090b00000| Complete 
| 268|0x0000000090c00000, 0x0000000090d00000, 0x0000000090d00000|100%|HC|  |TAMS 0x0000000090c00000| PB 0x0000000090c00000| Complete 
| 269|0x0000000090d00000, 0x0000000090e00000, 0x0000000090e00000|100%|HC|  |TAMS 0x0000000090d00000| PB 0x0000000090d00000| Complete 
| 270|0x0000000090e00000, 0x0000000090f00000, 0x0000000090f00000|100%|HS|  |TAMS 0x0000000090e00000| PB 0x0000000090e00000| Complete 
| 271|0x0000000090f00000, 0x0000000091000000, 0x0000000091000000|100%|HC|  |TAMS 0x0000000090f00000| PB 0x0000000090f00000| Complete 
| 272|0x0000000091000000, 0x0000000091100000, 0x0000000091100000|100%|HC|  |TAMS 0x0000000091000000| PB 0x0000000091000000| Complete 
| 273|0x0000000091100000, 0x0000000091200000, 0x0000000091200000|100%|HC|  |TAMS 0x0000000091100000| PB 0x0000000091100000| Complete 
| 274|0x0000000091200000, 0x0000000091300000, 0x0000000091300000|100%|HS|  |TAMS 0x0000000091200000| PB 0x0000000091200000| Complete 
| 275|0x0000000091300000, 0x0000000091400000, 0x0000000091400000|100%|HC|  |TAMS 0x0000000091300000| PB 0x0000000091300000| Complete 
| 276|0x0000000091400000, 0x0000000091500000, 0x0000000091500000|100%|HC|  |TAMS 0x0000000091400000| PB 0x0000000091400000| Complete 
| 277|0x0000000091500000, 0x0000000091600000, 0x0000000091600000|100%|HS|  |TAMS 0x0000000091500000| PB 0x0000000091500000| Complete 
| 278|0x0000000091600000, 0x0000000091700000, 0x0000000091700000|100%|HC|  |TAMS 0x0000000091600000| PB 0x0000000091600000| Complete 
| 279|0x0000000091700000, 0x0000000091800000, 0x0000000091800000|100%|HC|  |TAMS 0x0000000091700000| PB 0x0000000091700000| Complete 
| 280|0x0000000091800000, 0x0000000091900000, 0x0000000091900000|100%|HC|  |TAMS 0x0000000091800000| PB 0x0000000091800000| Complete 
| 281|0x0000000091900000, 0x0000000091a00000, 0x0000000091a00000|100%|HC|  |TAMS 0x0000000091900000| PB 0x0000000091900000| Complete 
| 282|0x0000000091a00000, 0x0000000091b00000, 0x0000000091b00000|100%|HS|  |TAMS 0x0000000091a00000| PB 0x0000000091a00000| Complete 
| 283|0x0000000091b00000, 0x0000000091c00000, 0x0000000091c00000|100%|HC|  |TAMS 0x0000000091b00000| PB 0x0000000091b00000| Complete 
| 284|0x0000000091c00000, 0x0000000091d00000, 0x0000000091d00000|100%|HC|  |TAMS 0x0000000091c00000| PB 0x0000000091c00000| Complete 
| 285|0x0000000091d00000, 0x0000000091e00000, 0x0000000091e00000|100%|HC|  |TAMS 0x0000000091d00000| PB 0x0000000091d00000| Complete 
| 286|0x0000000091e00000, 0x0000000091f00000, 0x0000000091f00000|100%|HC|  |TAMS 0x0000000091e00000| PB 0x0000000091e00000| Complete 
| 287|0x0000000091f00000, 0x0000000092000000, 0x0000000092000000|100%|HC|  |TAMS 0x0000000091f00000| PB 0x0000000091f00000| Complete 
| 288|0x0000000092000000, 0x0000000092100000, 0x0000000092100000|100%|HS|  |TAMS 0x0000000092000000| PB 0x0000000092000000| Complete 
| 289|0x0000000092100000, 0x0000000092200000, 0x0000000092200000|100%|HC|  |TAMS 0x0000000092100000| PB 0x0000000092100000| Complete 
| 290|0x0000000092200000, 0x0000000092300000, 0x0000000092300000|100%|HC|  |TAMS 0x0000000092200000| PB 0x0000000092200000| Complete 
| 291|0x0000000092300000, 0x0000000092400000, 0x0000000092400000|100%|HC|  |TAMS 0x0000000092300000| PB 0x0000000092300000| Complete 
| 292|0x0000000092400000, 0x0000000092500000, 0x0000000092500000|100%|HS|  |TAMS 0x0000000092400000| PB 0x0000000092400000| Complete 
| 293|0x0000000092500000, 0x0000000092600000, 0x0000000092600000|100%|HC|  |TAMS 0x0000000092500000| PB 0x0000000092500000| Complete 
| 294|0x0000000092600000, 0x0000000092700000, 0x0000000092700000|100%|HC|  |TAMS 0x0000000092600000| PB 0x0000000092600000| Complete 
| 295|0x0000000092700000, 0x0000000092800000, 0x0000000092800000|100%|HC|  |TAMS 0x0000000092700000| PB 0x0000000092700000| Complete 
| 296|0x0000000092800000, 0x0000000092900000, 0x0000000092900000|100%|HS|  |TAMS 0x0000000092800000| PB 0x0000000092800000| Complete 
| 297|0x0000000092900000, 0x0000000092a00000, 0x0000000092a00000|100%|HC|  |TAMS 0x0000000092900000| PB 0x0000000092900000| Complete 
| 298|0x0000000092a00000, 0x0000000092b00000, 0x0000000092b00000|100%|HC|  |TAMS 0x0000000092a00000| PB 0x0000000092a00000| Complete 
| 299|0x0000000092b00000, 0x0000000092c00000, 0x0000000092c00000|100%|HC|  |TAMS 0x0000000092b00000| PB 0x0000000092b00000| Complete 
| 300|0x0000000092c00000, 0x0000000092d00000, 0x0000000092d00000|100%|HS|  |TAMS 0x0000000092c00000| PB 0x0000000092c00000| Complete 
| 301|0x0000000092d00000, 0x0000000092e00000, 0x0000000092e00000|100%|HC|  |TAMS 0x0000000092d00000| PB 0x0000000092d00000| Complete 
| 302|0x0000000092e00000, 0x0000000092f00000, 0x0000000092f00000|100%|HC|  |TAMS 0x0000000092e00000| PB 0x0000000092e00000| Complete 
| 303|0x0000000092f00000, 0x0000000093000000, 0x0000000093000000|100%|HC|  |TAMS 0x0000000092f00000| PB 0x0000000092f00000| Complete 
| 304|0x0000000093000000, 0x0000000093100000, 0x0000000093100000|100%|HS|  |TAMS 0x0000000093000000| PB 0x0000000093000000| Complete 
| 305|0x0000000093100000, 0x0000000093200000, 0x0000000093200000|100%|HC|  |TAMS 0x0000000093100000| PB 0x0000000093100000| Complete 
| 306|0x0000000093200000, 0x0000000093300000, 0x0000000093300000|100%|HS|  |TAMS 0x0000000093200000| PB 0x0000000093200000| Complete 
| 307|0x0000000093300000, 0x0000000093400000, 0x0000000093400000|100%|HC|  |TAMS 0x0000000093300000| PB 0x0000000093300000| Complete 
| 308|0x0000000093400000, 0x0000000093500000, 0x0000000093500000|100%|HS|  |TAMS 0x0000000093400000| PB 0x0000000093400000| Complete 
| 309|0x0000000093500000, 0x0000000093600000, 0x0000000093600000|100%|HC|  |TAMS 0x0000000093500000| PB 0x0000000093500000| Complete 
| 310|0x0000000093600000, 0x0000000093700000, 0x0000000093700000|100%|HC|  |TAMS 0x0000000093600000| PB 0x0000000093600000| Complete 
| 311|0x0000000093700000, 0x0000000093800000, 0x0000000093800000|100%|HS|  |TAMS 0x0000000093700000| PB 0x0000000093700000| Complete 
| 312|0x0000000093800000, 0x0000000093900000, 0x0000000093900000|100%|HC|  |TAMS 0x0000000093800000| PB 0x0000000093800000| Complete 
| 313|0x0000000093900000, 0x0000000093a00000, 0x0000000093a00000|100%|HC|  |TAMS 0x0000000093900000| PB 0x0000000093900000| Complete 
| 314|0x0000000093a00000, 0x0000000093b00000, 0x0000000093b00000|100%|HC|  |TAMS 0x0000000093a00000| PB 0x0000000093a00000| Complete 
| 315|0x0000000093b00000, 0x0000000093c00000, 0x0000000093c00000|100%|HC|  |TAMS 0x0000000093b00000| PB 0x0000000093b00000| Complete 
| 316|0x0000000093c00000, 0x0000000093d00000, 0x0000000093d00000|100%|HS|  |TAMS 0x0000000093c00000| PB 0x0000000093c00000| Complete 
| 317|0x0000000093d00000, 0x0000000093e00000, 0x0000000093e00000|100%|HC|  |TAMS 0x0000000093d00000| PB 0x0000000093d00000| Complete 
| 318|0x0000000093e00000, 0x0000000093f00000, 0x0000000093f00000|100%|HC|  |TAMS 0x0000000093e00000| PB 0x0000000093e00000| Complete 
| 319|0x0000000093f00000, 0x0000000094000000, 0x0000000094000000|100%|HC|  |TAMS 0x0000000093f00000| PB 0x0000000093f00000| Complete 
| 320|0x0000000094000000, 0x0000000094100000, 0x0000000094100000|100%|HS|  |TAMS 0x0000000094000000| PB 0x0000000094000000| Complete 
| 321|0x0000000094100000, 0x0000000094200000, 0x0000000094200000|100%|HC|  |TAMS 0x0000000094100000| PB 0x0000000094100000| Complete 
| 322|0x0000000094200000, 0x0000000094300000, 0x0000000094300000|100%|HC|  |TAMS 0x0000000094200000| PB 0x0000000094200000| Complete 
| 323|0x0000000094300000, 0x0000000094400000, 0x0000000094400000|100%|HC|  |TAMS 0x0000000094300000| PB 0x0000000094300000| Complete 
| 324|0x0000000094400000, 0x0000000094500000, 0x0000000094500000|100%|HS|  |TAMS 0x0000000094400000| PB 0x0000000094400000| Complete 
| 325|0x0000000094500000, 0x0000000094600000, 0x0000000094600000|100%|HC|  |TAMS 0x0000000094500000| PB 0x0000000094500000| Complete 
| 326|0x0000000094600000, 0x0000000094700000, 0x0000000094700000|100%|HC|  |TAMS 0x0000000094600000| PB 0x0000000094600000| Complete 
| 327|0x0000000094700000, 0x0000000094800000, 0x0000000094800000|100%|HC|  |TAMS 0x0000000094700000| PB 0x0000000094700000| Complete 
| 328|0x0000000094800000, 0x0000000094900000, 0x0000000094900000|100%|HS|  |TAMS 0x0000000094800000| PB 0x0000000094800000| Complete 
| 329|0x0000000094900000, 0x0000000094a00000, 0x0000000094a00000|100%|HC|  |TAMS 0x0000000094900000| PB 0x0000000094900000| Complete 
| 330|0x0000000094a00000, 0x0000000094b00000, 0x0000000094b00000|100%|HC|  |TAMS 0x0000000094a00000| PB 0x0000000094a00000| Complete 
| 331|0x0000000094b00000, 0x0000000094c00000, 0x0000000094c00000|100%|HC|  |TAMS 0x0000000094b00000| PB 0x0000000094b00000| Complete 
| 332|0x0000000094c00000, 0x0000000094d00000, 0x0000000094d00000|100%|HS|  |TAMS 0x0000000094c00000| PB 0x0000000094c00000| Complete 
| 333|0x0000000094d00000, 0x0000000094e00000, 0x0000000094e00000|100%|HC|  |TAMS 0x0000000094d00000| PB 0x0000000094d00000| Complete 
| 334|0x0000000094e00000, 0x0000000094f00000, 0x0000000094f00000|100%| O|  |TAMS 0x0000000094e00000| PB 0x0000000094e00000| Untracked 
| 335|0x0000000094f00000, 0x0000000095000000, 0x0000000095000000|100%|HS|  |TAMS 0x0000000094f00000| PB 0x0000000094f00000| Complete 
| 336|0x0000000095000000, 0x0000000095100000, 0x0000000095100000|100%|HC|  |TAMS 0x0000000095000000| PB 0x0000000095000000| Complete 
| 337|0x0000000095100000, 0x0000000095200000, 0x0000000095200000|100%|HS|  |TAMS 0x0000000095100000| PB 0x0000000095100000| Complete 
| 338|0x0000000095200000, 0x0000000095300000, 0x0000000095300000|100%|HC|  |TAMS 0x0000000095200000| PB 0x0000000095200000| Complete 
| 339|0x0000000095300000, 0x0000000095400000, 0x0000000095400000|100%|HC|  |TAMS 0x0000000095300000| PB 0x0000000095300000| Complete 
| 340|0x0000000095400000, 0x0000000095500000, 0x0000000095500000|100%|HC|  |TAMS 0x0000000095400000| PB 0x0000000095400000| Complete 
| 341|0x0000000095500000, 0x0000000095600000, 0x0000000095600000|100%|HC|  |TAMS 0x0000000095500000| PB 0x0000000095500000| Complete 
| 342|0x0000000095600000, 0x0000000095700000, 0x0000000095700000|100%|HC|  |TAMS 0x0000000095600000| PB 0x0000000095600000| Complete 
| 343|0x0000000095700000, 0x0000000095800000, 0x0000000095800000|100%|HC|  |TAMS 0x0000000095700000| PB 0x0000000095700000| Complete 
| 344|0x0000000095800000, 0x0000000095900000, 0x0000000095900000|100%|HC|  |TAMS 0x0000000095800000| PB 0x0000000095800000| Complete 
| 345|0x0000000095900000, 0x0000000095a00000, 0x0000000095a00000|100%|HS|  |TAMS 0x0000000095900000| PB 0x0000000095900000| Complete 
| 346|0x0000000095a00000, 0x0000000095b00000, 0x0000000095b00000|100%|HC|  |TAMS 0x0000000095a00000| PB 0x0000000095a00000| Complete 
| 347|0x0000000095b00000, 0x0000000095c00000, 0x0000000095c00000|100%|HC|  |TAMS 0x0000000095b00000| PB 0x0000000095b00000| Complete 
| 348|0x0000000095c00000, 0x0000000095d00000, 0x0000000095d00000|100%|HS|  |TAMS 0x0000000095c00000| PB 0x0000000095c00000| Complete 
| 349|0x0000000095d00000, 0x0000000095e00000, 0x0000000095e00000|100%|HC|  |TAMS 0x0000000095d00000| PB 0x0000000095d00000| Complete 
| 350|0x0000000095e00000, 0x0000000095f00000, 0x0000000095f00000|100%|HC|  |TAMS 0x0000000095e00000| PB 0x0000000095e00000| Complete 
| 351|0x0000000095f00000, 0x0000000096000000, 0x0000000096000000|100%|HC|  |TAMS 0x0000000095f00000| PB 0x0000000095f00000| Complete 
| 352|0x0000000096000000, 0x0000000096100000, 0x0000000096100000|100%|HC|  |TAMS 0x0000000096000000| PB 0x0000000096000000| Complete 
| 353|0x0000000096100000, 0x0000000096200000, 0x0000000096200000|100%|HS|  |TAMS 0x0000000096100000| PB 0x0000000096100000| Complete 
| 354|0x0000000096200000, 0x0000000096300000, 0x0000000096300000|100%|HC|  |TAMS 0x0000000096200000| PB 0x0000000096200000| Complete 
| 355|0x0000000096300000, 0x0000000096400000, 0x0000000096400000|100%|HC|  |TAMS 0x0000000096300000| PB 0x0000000096300000| Complete 
| 356|0x0000000096400000, 0x0000000096500000, 0x0000000096500000|100%|HC|  |TAMS 0x0000000096400000| PB 0x0000000096400000| Complete 
| 357|0x0000000096500000, 0x0000000096600000, 0x0000000096600000|100%|HS|  |TAMS 0x0000000096500000| PB 0x0000000096500000| Complete 
| 358|0x0000000096600000, 0x0000000096700000, 0x0000000096700000|100%|HC|  |TAMS 0x0000000096600000| PB 0x0000000096600000| Complete 
| 359|0x0000000096700000, 0x0000000096800000, 0x0000000096800000|100%|HC|  |TAMS 0x0000000096700000| PB 0x0000000096700000| Complete 
| 360|0x0000000096800000, 0x0000000096900000, 0x0000000096900000|100%|HC|  |TAMS 0x0000000096800000| PB 0x0000000096800000| Complete 
| 361|0x0000000096900000, 0x0000000096a00000, 0x0000000096a00000|100%|HS|  |TAMS 0x0000000096900000| PB 0x0000000096900000| Complete 
| 362|0x0000000096a00000, 0x0000000096b00000, 0x0000000096b00000|100%|HC|  |TAMS 0x0000000096a00000| PB 0x0000000096a00000| Complete 
| 363|0x0000000096b00000, 0x0000000096c00000, 0x0000000096c00000|100%|HC|  |TAMS 0x0000000096b00000| PB 0x0000000096b00000| Complete 
| 364|0x0000000096c00000, 0x0000000096d00000, 0x0000000096d00000|100%|HC|  |TAMS 0x0000000096c00000| PB 0x0000000096c00000| Complete 
| 365|0x0000000096d00000, 0x0000000096e00000, 0x0000000096e00000|100%|HS|  |TAMS 0x0000000096d00000| PB 0x0000000096d00000| Complete 
| 366|0x0000000096e00000, 0x0000000096f00000, 0x0000000096f00000|100%|HC|  |TAMS 0x0000000096e00000| PB 0x0000000096e00000| Complete 
| 367|0x0000000096f00000, 0x0000000097000000, 0x0000000097000000|100%|HC|  |TAMS 0x0000000096f00000| PB 0x0000000096f00000| Complete 
| 368|0x0000000097000000, 0x0000000097100000, 0x0000000097100000|100%|HC|  |TAMS 0x0000000097000000| PB 0x0000000097000000| Complete 
| 369|0x0000000097100000, 0x0000000097200000, 0x0000000097200000|100%|HS|  |TAMS 0x0000000097100000| PB 0x0000000097100000| Complete 
| 370|0x0000000097200000, 0x0000000097300000, 0x0000000097300000|100%|HC|  |TAMS 0x0000000097200000| PB 0x0000000097200000| Complete 
| 371|0x0000000097300000, 0x0000000097400000, 0x0000000097400000|100%| E|CS|TAMS 0x0000000097300000| PB 0x0000000097300000| Complete 
| 372|0x0000000097400000, 0x0000000097500000, 0x0000000097500000|100%| O|  |TAMS 0x0000000097400000| PB 0x0000000097400000| Untracked 
| 373|0x0000000097500000, 0x0000000097600000, 0x0000000097600000|100%|HS|  |TAMS 0x0000000097500000| PB 0x0000000097500000| Complete 
| 374|0x0000000097600000, 0x0000000097700000, 0x0000000097700000|100%|HC|  |TAMS 0x0000000097600000| PB 0x0000000097600000| Complete 
| 375|0x0000000097700000, 0x0000000097800000, 0x0000000097800000|100%|HC|  |TAMS 0x0000000097700000| PB 0x0000000097700000| Complete 
| 376|0x0000000097800000, 0x0000000097900000, 0x0000000097900000|100%|HS|  |TAMS 0x0000000097800000| PB 0x0000000097800000| Complete 
| 377|0x0000000097900000, 0x0000000097a00000, 0x0000000097a00000|100%|HC|  |TAMS 0x0000000097900000| PB 0x0000000097900000| Complete 
| 378|0x0000000097a00000, 0x0000000097b00000, 0x0000000097b00000|100%|HC|  |TAMS 0x0000000097a00000| PB 0x0000000097a00000| Complete 
| 379|0x0000000097b00000, 0x0000000097c00000, 0x0000000097c00000|100%|HC|  |TAMS 0x0000000097b00000| PB 0x0000000097b00000| Complete 
| 380|0x0000000097c00000, 0x0000000097d00000, 0x0000000097d00000|100%|HC|  |TAMS 0x0000000097c00000| PB 0x0000000097c00000| Complete 
| 381|0x0000000097d00000, 0x0000000097e00000, 0x0000000097e00000|100%|HS|  |TAMS 0x0000000097d00000| PB 0x0000000097d00000| Complete 
| 382|0x0000000097e00000, 0x0000000097f00000, 0x0000000097f00000|100%|HC|  |TAMS 0x0000000097e00000| PB 0x0000000097e00000| Complete 
| 383|0x0000000097f00000, 0x0000000098000000, 0x0000000098000000|100%|HC|  |TAMS 0x0000000097f00000| PB 0x0000000097f00000| Complete 
| 384|0x0000000098000000, 0x0000000098100000, 0x0000000098100000|100%|HC|  |TAMS 0x0000000098000000| PB 0x0000000098000000| Complete 
| 385|0x0000000098100000, 0x0000000098200000, 0x0000000098200000|100%| E|CS|TAMS 0x0000000098100000| PB 0x0000000098100000| Complete 
| 386|0x0000000098200000, 0x0000000098300000, 0x0000000098300000|100%| O|  |TAMS 0x0000000098200000| PB 0x0000000098200000| Untracked 
| 387|0x0000000098300000, 0x0000000098400000, 0x0000000098400000|100%|HS|  |TAMS 0x0000000098300000| PB 0x0000000098300000| Complete 
| 388|0x0000000098400000, 0x0000000098500000, 0x0000000098500000|100%|HC|  |TAMS 0x0000000098400000| PB 0x0000000098400000| Complete 
| 389|0x0000000098500000, 0x0000000098600000, 0x0000000098600000|100%|HS|  |TAMS 0x0000000098500000| PB 0x0000000098500000| Complete 
| 390|0x0000000098600000, 0x0000000098700000, 0x0000000098700000|100%|HC|  |TAMS 0x0000000098600000| PB 0x0000000098600000| Complete 
| 391|0x0000000098700000, 0x0000000098800000, 0x0000000098800000|100%|HC|  |TAMS 0x0000000098700000| PB 0x0000000098700000| Complete 
| 392|0x0000000098800000, 0x0000000098900000, 0x0000000098900000|100%|HC|  |TAMS 0x0000000098800000| PB 0x0000000098800000| Complete 
| 393|0x0000000098900000, 0x0000000098a00000, 0x0000000098a00000|100%|HS|  |TAMS 0x0000000098900000| PB 0x0000000098900000| Complete 
| 394|0x0000000098a00000, 0x0000000098b00000, 0x0000000098b00000|100%|HC|  |TAMS 0x0000000098a00000| PB 0x0000000098a00000| Complete 
| 395|0x0000000098b00000, 0x0000000098c00000, 0x0000000098c00000|100%|HC|  |TAMS 0x0000000098b00000| PB 0x0000000098b00000| Complete 
| 396|0x0000000098c00000, 0x0000000098d00000, 0x0000000098d00000|100%|HC|  |TAMS 0x0000000098c00000| PB 0x0000000098c00000| Complete 
| 397|0x0000000098d00000, 0x0000000098e00000, 0x0000000098e00000|100%|HS|  |TAMS 0x0000000098d00000| PB 0x0000000098d00000| Complete 
| 398|0x0000000098e00000, 0x0000000098f00000, 0x0000000098f00000|100%|HC|  |TAMS 0x0000000098e00000| PB 0x0000000098e00000| Complete 
| 399|0x0000000098f00000, 0x0000000099000000, 0x0000000099000000|100%|HC|  |TAMS 0x0000000098f00000| PB 0x0000000098f00000| Complete 
| 400|0x0000000099000000, 0x0000000099100000, 0x0000000099100000|100%|HC|  |TAMS 0x0000000099000000| PB 0x0000000099000000| Complete 
| 401|0x0000000099100000, 0x0000000099200000, 0x0000000099200000|100%| E|CS|TAMS 0x0000000099100000| PB 0x0000000099100000| Complete 
| 402|0x0000000099200000, 0x0000000099300000, 0x0000000099300000|100%| O|  |TAMS 0x0000000099200000| PB 0x0000000099200000| Untracked 
| 403|0x0000000099300000, 0x0000000099400000, 0x0000000099400000|100%| O|  |TAMS 0x0000000099300000| PB 0x0000000099300000| Untracked 
| 404|0x0000000099400000, 0x0000000099500000, 0x0000000099500000|100%| O|  |TAMS 0x0000000099400000| PB 0x0000000099400000| Untracked 
| 405|0x0000000099500000, 0x0000000099600000, 0x0000000099600000|100%|HS|  |TAMS 0x0000000099500000| PB 0x0000000099500000| Complete 
| 406|0x0000000099600000, 0x0000000099700000, 0x0000000099700000|100%|HC|  |TAMS 0x0000000099600000| PB 0x0000000099600000| Complete 
| 407|0x0000000099700000, 0x0000000099800000, 0x0000000099800000|100%|HS|  |TAMS 0x0000000099700000| PB 0x0000000099700000| Complete 
| 408|0x0000000099800000, 0x0000000099900000, 0x0000000099900000|100%|HC|  |TAMS 0x0000000099800000| PB 0x0000000099800000| Complete 
| 409|0x0000000099900000, 0x0000000099a00000, 0x0000000099a00000|100%|HC|  |TAMS 0x0000000099900000| PB 0x0000000099900000| Complete 
| 410|0x0000000099a00000, 0x0000000099b00000, 0x0000000099b00000|100%|HS|  |TAMS 0x0000000099a00000| PB 0x0000000099a00000| Complete 
| 411|0x0000000099b00000, 0x0000000099c00000, 0x0000000099c00000|100%|HC|  |TAMS 0x0000000099b00000| PB 0x0000000099b00000| Complete 
| 412|0x0000000099c00000, 0x0000000099d00000, 0x0000000099d00000|100%|HC|  |TAMS 0x0000000099c00000| PB 0x0000000099c00000| Complete 
| 413|0x0000000099d00000, 0x0000000099e00000, 0x0000000099e00000|100%|HC|  |TAMS 0x0000000099d00000| PB 0x0000000099d00000| Complete 
| 414|0x0000000099e00000, 0x0000000099f00000, 0x0000000099f00000|100%|HC|  |TAMS 0x0000000099e00000| PB 0x0000000099e00000| Complete 
| 415|0x0000000099f00000, 0x000000009a000000, 0x000000009a000000|100%|HS|  |TAMS 0x0000000099f00000| PB 0x0000000099f00000| Complete 
| 416|0x000000009a000000, 0x000000009a100000, 0x000000009a100000|100%|HC|  |TAMS 0x000000009a000000| PB 0x000000009a000000| Complete 
| 417|0x000000009a100000, 0x000000009a200000, 0x000000009a200000|100%|HC|  |TAMS 0x000000009a100000| PB 0x000000009a100000| Complete 
| 418|0x000000009a200000, 0x000000009a300000, 0x000000009a300000|100%|HC|  |TAMS 0x000000009a200000| PB 0x000000009a200000| Complete 
| 419|0x000000009a300000, 0x000000009a400000, 0x000000009a400000|100%|HS|  |TAMS 0x000000009a300000| PB 0x000000009a300000| Complete 
| 420|0x000000009a400000, 0x000000009a500000, 0x000000009a500000|100%|HC|  |TAMS 0x000000009a400000| PB 0x000000009a400000| Complete 
| 421|0x000000009a500000, 0x000000009a600000, 0x000000009a600000|100%|HS|  |TAMS 0x000000009a500000| PB 0x000000009a500000| Complete 
| 422|0x000000009a600000, 0x000000009a700000, 0x000000009a700000|100%|HC|  |TAMS 0x000000009a600000| PB 0x000000009a600000| Complete 
| 423|0x000000009a700000, 0x000000009a800000, 0x000000009a800000|100%|HC|  |TAMS 0x000000009a700000| PB 0x000000009a700000| Complete 
| 424|0x000000009a800000, 0x000000009a900000, 0x000000009a900000|100%|HC|  |TAMS 0x000000009a800000| PB 0x000000009a800000| Complete 
| 425|0x000000009a900000, 0x000000009aa00000, 0x000000009aa00000|100%|HS|  |TAMS 0x000000009a900000| PB 0x000000009a900000| Complete 
| 426|0x000000009aa00000, 0x000000009ab00000, 0x000000009ab00000|100%|HC|  |TAMS 0x000000009aa00000| PB 0x000000009aa00000| Complete 
| 427|0x000000009ab00000, 0x000000009ac00000, 0x000000009ac00000|100%|HC|  |TAMS 0x000000009ab00000| PB 0x000000009ab00000| Complete 
| 428|0x000000009ac00000, 0x000000009ad00000, 0x000000009ad00000|100%|HC|  |TAMS 0x000000009ac00000| PB 0x000000009ac00000| Complete 
| 429|0x000000009ad00000, 0x000000009ae00000, 0x000000009ae00000|100%| E|CS|TAMS 0x000000009ad00000| PB 0x000000009ad00000| Complete 
| 430|0x000000009ae00000, 0x000000009af00000, 0x000000009af00000|100%|HS|  |TAMS 0x000000009ae00000| PB 0x000000009ae00000| Complete 
| 431|0x000000009af00000, 0x000000009b000000, 0x000000009b000000|100%|HS|  |TAMS 0x000000009af00000| PB 0x000000009af00000| Untracked 
| 432|0x000000009b000000, 0x000000009b100000, 0x000000009b100000|100%|HS|  |TAMS 0x000000009b000000| PB 0x000000009b000000| Complete 
| 433|0x000000009b100000, 0x000000009b200000, 0x000000009b200000|100%|HC|  |TAMS 0x000000009b100000| PB 0x000000009b100000| Complete 
| 434|0x000000009b200000, 0x000000009b300000, 0x000000009b300000|100%|HC|  |TAMS 0x000000009b200000| PB 0x000000009b200000| Complete 
| 435|0x000000009b300000, 0x000000009b400000, 0x000000009b400000|100%|HC|  |TAMS 0x000000009b300000| PB 0x000000009b300000| Complete 
| 436|0x000000009b400000, 0x000000009b500000, 0x000000009b500000|100%|HS|  |TAMS 0x000000009b400000| PB 0x000000009b400000| Complete 
| 437|0x000000009b500000, 0x000000009b600000, 0x000000009b600000|100%|HC|  |TAMS 0x000000009b500000| PB 0x000000009b500000| Complete 
| 438|0x000000009b600000, 0x000000009b700000, 0x000000009b700000|100%|HS|  |TAMS 0x000000009b600000| PB 0x000000009b600000| Complete 
| 439|0x000000009b700000, 0x000000009b800000, 0x000000009b800000|100%|HC|  |TAMS 0x000000009b700000| PB 0x000000009b700000| Complete 
| 440|0x000000009b800000, 0x000000009b900000, 0x000000009b900000|100%|HC|  |TAMS 0x000000009b800000| PB 0x000000009b800000| Complete 
| 441|0x000000009b900000, 0x000000009ba00000, 0x000000009ba00000|100%|HS|  |TAMS 0x000000009b900000| PB 0x000000009b900000| Complete 
| 442|0x000000009ba00000, 0x000000009bb00000, 0x000000009bb00000|100%|HS|  |TAMS 0x000000009ba00000| PB 0x000000009ba00000| Complete 
| 443|0x000000009bb00000, 0x000000009bc00000, 0x000000009bc00000|100%|HC|  |TAMS 0x000000009bb00000| PB 0x000000009bb00000| Complete 
| 444|0x000000009bc00000, 0x000000009bd00000, 0x000000009bd00000|100%|HC|  |TAMS 0x000000009bc00000| PB 0x000000009bc00000| Complete 
| 445|0x000000009bd00000, 0x000000009be00000, 0x000000009be00000|100%|HC|  |TAMS 0x000000009bd00000| PB 0x000000009bd00000| Complete 
| 446|0x000000009be00000, 0x000000009bf00000, 0x000000009bf00000|100%|HC|  |TAMS 0x000000009be00000| PB 0x000000009be00000| Complete 
| 447|0x000000009bf00000, 0x000000009c000000, 0x000000009c000000|100%|HS|  |TAMS 0x000000009bf00000| PB 0x000000009bf00000| Complete 
| 448|0x000000009c000000, 0x000000009c100000, 0x000000009c100000|100%|HC|  |TAMS 0x000000009c000000| PB 0x000000009c000000| Complete 
| 449|0x000000009c100000, 0x000000009c200000, 0x000000009c200000|100%|HC|  |TAMS 0x000000009c100000| PB 0x000000009c100000| Complete 
| 450|0x000000009c200000, 0x000000009c300000, 0x000000009c300000|100%|HC|  |TAMS 0x000000009c200000| PB 0x000000009c200000| Complete 
| 451|0x000000009c300000, 0x000000009c400000, 0x000000009c400000|100%|HS|  |TAMS 0x000000009c300000| PB 0x000000009c300000| Complete 
| 452|0x000000009c400000, 0x000000009c500000, 0x000000009c500000|100%|HC|  |TAMS 0x000000009c400000| PB 0x000000009c400000| Complete 
| 453|0x000000009c500000, 0x000000009c600000, 0x000000009c600000|100%|HS|  |TAMS 0x000000009c500000| PB 0x000000009c500000| Complete 
| 454|0x000000009c600000, 0x000000009c700000, 0x000000009c700000|100%|HC|  |TAMS 0x000000009c600000| PB 0x000000009c600000| Complete 
| 455|0x000000009c700000, 0x000000009c800000, 0x000000009c800000|100%| E|CS|TAMS 0x000000009c700000| PB 0x000000009c700000| Complete 
| 456|0x000000009c800000, 0x000000009c900000, 0x000000009c900000|100%| O|  |TAMS 0x000000009c800000| PB 0x000000009c800000| Untracked 
| 457|0x000000009c900000, 0x000000009ca00000, 0x000000009ca00000|100%|HS|  |TAMS 0x000000009c900000| PB 0x000000009c900000| Complete 
| 458|0x000000009ca00000, 0x000000009cb00000, 0x000000009cb00000|100%|HC|  |TAMS 0x000000009ca00000| PB 0x000000009ca00000| Complete 
| 459|0x000000009cb00000, 0x000000009cc00000, 0x000000009cc00000|100%|HC|  |TAMS 0x000000009cb00000| PB 0x000000009cb00000| Complete 
| 460|0x000000009cc00000, 0x000000009cd00000, 0x000000009cd00000|100%|HC|  |TAMS 0x000000009cc00000| PB 0x000000009cc00000| Complete 
| 461|0x000000009cd00000, 0x000000009ce00000, 0x000000009ce00000|100%|HS|  |TAMS 0x000000009cd00000| PB 0x000000009cd00000| Complete 
| 462|0x000000009ce00000, 0x000000009cf00000, 0x000000009cf00000|100%|HC|  |TAMS 0x000000009ce00000| PB 0x000000009ce00000| Complete 
| 463|0x000000009cf00000, 0x000000009d000000, 0x000000009d000000|100%|HC|  |TAMS 0x000000009cf00000| PB 0x000000009cf00000| Complete 
| 464|0x000000009d000000, 0x000000009d100000, 0x000000009d100000|100%|HC|  |TAMS 0x000000009d000000| PB 0x000000009d000000| Complete 
| 465|0x000000009d100000, 0x000000009d200000, 0x000000009d200000|100%|HS|  |TAMS 0x000000009d100000| PB 0x000000009d100000| Complete 
| 466|0x000000009d200000, 0x000000009d300000, 0x000000009d300000|100%|HC|  |TAMS 0x000000009d200000| PB 0x000000009d200000| Complete 
| 467|0x000000009d300000, 0x000000009d400000, 0x000000009d400000|100%|HC|  |TAMS 0x000000009d300000| PB 0x000000009d300000| Complete 
| 468|0x000000009d400000, 0x000000009d500000, 0x000000009d500000|100%|HC|  |TAMS 0x000000009d400000| PB 0x000000009d400000| Complete 
| 469|0x000000009d500000, 0x000000009d600000, 0x000000009d600000|100%|HS|  |TAMS 0x000000009d500000| PB 0x000000009d500000| Complete 
| 470|0x000000009d600000, 0x000000009d700000, 0x000000009d700000|100%|HC|  |TAMS 0x000000009d600000| PB 0x000000009d600000| Complete 
| 471|0x000000009d700000, 0x000000009d800000, 0x000000009d800000|100%|HC|  |TAMS 0x000000009d700000| PB 0x000000009d700000| Complete 
| 472|0x000000009d800000, 0x000000009d900000, 0x000000009d900000|100%|HS|  |TAMS 0x000000009d800000| PB 0x000000009d800000| Complete 
| 473|0x000000009d900000, 0x000000009da00000, 0x000000009da00000|100%|HC|  |TAMS 0x000000009d900000| PB 0x000000009d900000| Complete 
| 474|0x000000009da00000, 0x000000009db00000, 0x000000009db00000|100%|HC|  |TAMS 0x000000009da00000| PB 0x000000009da00000| Complete 
| 475|0x000000009db00000, 0x000000009dc00000, 0x000000009dc00000|100%|HC|  |TAMS 0x000000009db00000| PB 0x000000009db00000| Complete 
| 476|0x000000009dc00000, 0x000000009dd00000, 0x000000009dd00000|100%|HC|  |TAMS 0x000000009dc00000| PB 0x000000009dc00000| Complete 
| 477|0x000000009dd00000, 0x000000009de00000, 0x000000009de00000|100%|HS|  |TAMS 0x000000009dd00000| PB 0x000000009dd00000| Complete 
| 478|0x000000009de00000, 0x000000009df00000, 0x000000009df00000|100%|HC|  |TAMS 0x000000009de00000| PB 0x000000009de00000| Complete 
| 479|0x000000009df00000, 0x000000009e000000, 0x000000009e000000|100%|HC|  |TAMS 0x000000009df00000| PB 0x000000009df00000| Complete 
| 480|0x000000009e000000, 0x000000009e100000, 0x000000009e100000|100%|HC|  |TAMS 0x000000009e000000| PB 0x000000009e000000| Complete 
| 481|0x000000009e100000, 0x000000009e200000, 0x000000009e200000|100%|HS|  |TAMS 0x000000009e100000| PB 0x000000009e100000| Complete 
| 482|0x000000009e200000, 0x000000009e300000, 0x000000009e300000|100%|HC|  |TAMS 0x000000009e200000| PB 0x000000009e200000| Complete 
| 483|0x000000009e300000, 0x000000009e400000, 0x000000009e400000|100%|HS|  |TAMS 0x000000009e300000| PB 0x000000009e300000| Complete 
| 484|0x000000009e400000, 0x000000009e500000, 0x000000009e500000|100%|HC|  |TAMS 0x000000009e400000| PB 0x000000009e400000| Complete 
| 485|0x000000009e500000, 0x000000009e600000, 0x000000009e600000|100%|HC|  |TAMS 0x000000009e500000| PB 0x000000009e500000| Complete 
| 486|0x000000009e600000, 0x000000009e700000, 0x000000009e700000|100%|HC|  |TAMS 0x000000009e600000| PB 0x000000009e600000| Complete 
| 487|0x000000009e700000, 0x000000009e800000, 0x000000009e800000|100%|HS|  |TAMS 0x000000009e700000| PB 0x000000009e700000| Complete 
| 488|0x000000009e800000, 0x000000009e900000, 0x000000009e900000|100%|HC|  |TAMS 0x000000009e800000| PB 0x000000009e800000| Complete 
| 489|0x000000009e900000, 0x000000009ea00000, 0x000000009ea00000|100%|HC|  |TAMS 0x000000009e900000| PB 0x000000009e900000| Complete 
| 490|0x000000009ea00000, 0x000000009eb00000, 0x000000009eb00000|100%|HC|  |TAMS 0x000000009ea00000| PB 0x000000009ea00000| Complete 
| 491|0x000000009eb00000, 0x000000009ec00000, 0x000000009ec00000|100%|HS|  |TAMS 0x000000009eb00000| PB 0x000000009eb00000| Complete 
| 492|0x000000009ec00000, 0x000000009ed00000, 0x000000009ed00000|100%|HC|  |TAMS 0x000000009ec00000| PB 0x000000009ec00000| Complete 
| 493|0x000000009ed00000, 0x000000009ee00000, 0x000000009ee00000|100%|HC|  |TAMS 0x000000009ed00000| PB 0x000000009ed00000| Complete 
| 494|0x000000009ee00000, 0x000000009ef00000, 0x000000009ef00000|100%|HC|  |TAMS 0x000000009ee00000| PB 0x000000009ee00000| Complete 
| 495|0x000000009ef00000, 0x000000009f000000, 0x000000009f000000|100%|HS|  |TAMS 0x000000009ef00000| PB 0x000000009ef00000| Complete 
| 496|0x000000009f000000, 0x000000009f100000, 0x000000009f100000|100%|HC|  |TAMS 0x000000009f000000| PB 0x000000009f000000| Complete 
| 497|0x000000009f100000, 0x000000009f200000, 0x000000009f200000|100%|HS|  |TAMS 0x000000009f100000| PB 0x000000009f100000| Complete 
| 498|0x000000009f200000, 0x000000009f300000, 0x000000009f300000|100%|HC|  |TAMS 0x000000009f200000| PB 0x000000009f200000| Complete 
| 499|0x000000009f300000, 0x000000009f400000, 0x000000009f400000|100%|HC|  |TAMS 0x000000009f300000| PB 0x000000009f300000| Complete 
| 500|0x000000009f400000, 0x000000009f500000, 0x000000009f500000|100%|HS|  |TAMS 0x000000009f400000| PB 0x000000009f400000| Complete 
| 501|0x000000009f500000, 0x000000009f600000, 0x000000009f600000|100%|HC|  |TAMS 0x000000009f500000| PB 0x000000009f500000| Complete 
| 502|0x000000009f600000, 0x000000009f700000, 0x000000009f700000|100%|HC|  |TAMS 0x000000009f600000| PB 0x000000009f600000| Complete 
| 503|0x000000009f700000, 0x000000009f800000, 0x000000009f800000|100%|HC|  |TAMS 0x000000009f700000| PB 0x000000009f700000| Complete 
| 504|0x000000009f800000, 0x000000009f900000, 0x000000009f900000|100%|HC|  |TAMS 0x000000009f800000| PB 0x000000009f800000| Complete 
| 505|0x000000009f900000, 0x000000009fa00000, 0x000000009fa00000|100%|HS|  |TAMS 0x000000009f900000| PB 0x000000009f900000| Complete 
| 506|0x000000009fa00000, 0x000000009fb00000, 0x000000009fb00000|100%|HC|  |TAMS 0x000000009fa00000| PB 0x000000009fa00000| Complete 
| 507|0x000000009fb00000, 0x000000009fc00000, 0x000000009fc00000|100%|HC|  |TAMS 0x000000009fb00000| PB 0x000000009fb00000| Complete 
| 508|0x000000009fc00000, 0x000000009fd00000, 0x000000009fd00000|100%|HC|  |TAMS 0x000000009fc00000| PB 0x000000009fc00000| Complete 
| 509|0x000000009fd00000, 0x000000009fe00000, 0x000000009fe00000|100%|HS|  |TAMS 0x000000009fd00000| PB 0x000000009fd00000| Complete 
| 510|0x000000009fe00000, 0x000000009ff00000, 0x000000009ff00000|100%|HC|  |TAMS 0x000000009fe00000| PB 0x000000009fe00000| Complete 
| 511|0x000000009ff00000, 0x00000000a0000000, 0x00000000a0000000|100%|HS|  |TAMS 0x000000009ff00000| PB 0x000000009ff00000| Complete 
| 512|0x00000000a0000000, 0x00000000a0100000, 0x00000000a0100000|100%|HC|  |TAMS 0x00000000a0000000| PB 0x00000000a0000000| Complete 
| 513|0x00000000a0100000, 0x00000000a0200000, 0x00000000a0200000|100%|HC|  |TAMS 0x00000000a0100000| PB 0x00000000a0100000| Complete 
| 514|0x00000000a0200000, 0x00000000a0300000, 0x00000000a0300000|100%|HC|  |TAMS 0x00000000a0200000| PB 0x00000000a0200000| Complete 
| 515|0x00000000a0300000, 0x00000000a0400000, 0x00000000a0400000|100%|HS|  |TAMS 0x00000000a0300000| PB 0x00000000a0300000| Complete 
| 516|0x00000000a0400000, 0x00000000a0500000, 0x00000000a0500000|100%|HC|  |TAMS 0x00000000a0400000| PB 0x00000000a0400000| Complete 
| 517|0x00000000a0500000, 0x00000000a0600000, 0x00000000a0600000|100%|HC|  |TAMS 0x00000000a0500000| PB 0x00000000a0500000| Complete 
| 518|0x00000000a0600000, 0x00000000a0700000, 0x00000000a0700000|100%|HC|  |TAMS 0x00000000a0600000| PB 0x00000000a0600000| Complete 
| 519|0x00000000a0700000, 0x00000000a0800000, 0x00000000a0800000|100%|HS|  |TAMS 0x00000000a0700000| PB 0x00000000a0700000| Complete 
| 520|0x00000000a0800000, 0x00000000a0900000, 0x00000000a0900000|100%|HC|  |TAMS 0x00000000a0800000| PB 0x00000000a0800000| Complete 
| 521|0x00000000a0900000, 0x00000000a0a00000, 0x00000000a0a00000|100%|HC|  |TAMS 0x00000000a0900000| PB 0x00000000a0900000| Complete 
| 522|0x00000000a0a00000, 0x00000000a0b00000, 0x00000000a0b00000|100%|HC|  |TAMS 0x00000000a0a00000| PB 0x00000000a0a00000| Complete 
| 523|0x00000000a0b00000, 0x00000000a0c00000, 0x00000000a0c00000|100%|HS|  |TAMS 0x00000000a0b00000| PB 0x00000000a0b00000| Complete 
| 524|0x00000000a0c00000, 0x00000000a0d00000, 0x00000000a0d00000|100%|HC|  |TAMS 0x00000000a0c00000| PB 0x00000000a0c00000| Complete 
| 525|0x00000000a0d00000, 0x00000000a0e00000, 0x00000000a0e00000|100%|HS|  |TAMS 0x00000000a0d00000| PB 0x00000000a0d00000| Complete 
| 526|0x00000000a0e00000, 0x00000000a0f00000, 0x00000000a0f00000|100%|HC|  |TAMS 0x00000000a0e00000| PB 0x00000000a0e00000| Complete 
| 527|0x00000000a0f00000, 0x00000000a1000000, 0x00000000a1000000|100%|HC|  |TAMS 0x00000000a0f00000| PB 0x00000000a0f00000| Complete 
| 528|0x00000000a1000000, 0x00000000a1100000, 0x00000000a1100000|100%|HS|  |TAMS 0x00000000a1000000| PB 0x00000000a1000000| Complete 
| 529|0x00000000a1100000, 0x00000000a1200000, 0x00000000a1200000|100%|HC|  |TAMS 0x00000000a1100000| PB 0x00000000a1100000| Complete 
| 530|0x00000000a1200000, 0x00000000a1300000, 0x00000000a1300000|100%|HC|  |TAMS 0x00000000a1200000| PB 0x00000000a1200000| Complete 
| 531|0x00000000a1300000, 0x00000000a1400000, 0x00000000a1400000|100%|HC|  |TAMS 0x00000000a1300000| PB 0x00000000a1300000| Complete 
| 532|0x00000000a1400000, 0x00000000a1500000, 0x00000000a1500000|100%|HC|  |TAMS 0x00000000a1400000| PB 0x00000000a1400000| Complete 
| 533|0x00000000a1500000, 0x00000000a1600000, 0x00000000a1600000|100%|HS|  |TAMS 0x00000000a1500000| PB 0x00000000a1500000| Complete 
| 534|0x00000000a1600000, 0x00000000a1700000, 0x00000000a1700000|100%|HC|  |TAMS 0x00000000a1600000| PB 0x00000000a1600000| Complete 
| 535|0x00000000a1700000, 0x00000000a1800000, 0x00000000a1800000|100%|HC|  |TAMS 0x00000000a1700000| PB 0x00000000a1700000| Complete 
| 536|0x00000000a1800000, 0x00000000a1900000, 0x00000000a1900000|100%|HC|  |TAMS 0x00000000a1800000| PB 0x00000000a1800000| Complete 
| 537|0x00000000a1900000, 0x00000000a1a00000, 0x00000000a1a00000|100%|HS|  |TAMS 0x00000000a1900000| PB 0x00000000a1900000| Complete 
| 538|0x00000000a1a00000, 0x00000000a1b00000, 0x00000000a1b00000|100%|HC|  |TAMS 0x00000000a1a00000| PB 0x00000000a1a00000| Complete 
| 539|0x00000000a1b00000, 0x00000000a1c00000, 0x00000000a1c00000|100%|HS|  |TAMS 0x00000000a1b00000| PB 0x00000000a1b00000| Complete 
| 540|0x00000000a1c00000, 0x00000000a1d00000, 0x00000000a1d00000|100%|HC|  |TAMS 0x00000000a1c00000| PB 0x00000000a1c00000| Complete 
| 541|0x00000000a1d00000, 0x00000000a1e00000, 0x00000000a1e00000|100%|HC|  |TAMS 0x00000000a1d00000| PB 0x00000000a1d00000| Complete 
| 542|0x00000000a1e00000, 0x00000000a1f00000, 0x00000000a1f00000|100%|HC|  |TAMS 0x00000000a1e00000| PB 0x00000000a1e00000| Complete 
| 543|0x00000000a1f00000, 0x00000000a2000000, 0x00000000a2000000|100%|HS|  |TAMS 0x00000000a1f00000| PB 0x00000000a1f00000| Complete 
| 544|0x00000000a2000000, 0x00000000a2100000, 0x00000000a2100000|100%|HC|  |TAMS 0x00000000a2000000| PB 0x00000000a2000000| Complete 
| 545|0x00000000a2100000, 0x00000000a2200000, 0x00000000a2200000|100%|HC|  |TAMS 0x00000000a2100000| PB 0x00000000a2100000| Complete 
| 546|0x00000000a2200000, 0x00000000a2300000, 0x00000000a2300000|100%|HC|  |TAMS 0x00000000a2200000| PB 0x00000000a2200000| Complete 
| 547|0x00000000a2300000, 0x00000000a2400000, 0x00000000a2400000|100%|HS|  |TAMS 0x00000000a2300000| PB 0x00000000a2300000| Complete 
| 548|0x00000000a2400000, 0x00000000a2500000, 0x00000000a2500000|100%|HC|  |TAMS 0x00000000a2400000| PB 0x00000000a2400000| Complete 
| 549|0x00000000a2500000, 0x00000000a2600000, 0x00000000a2600000|100%| E|CS|TAMS 0x00000000a2500000| PB 0x00000000a2500000| Complete 
| 550|0x00000000a2600000, 0x00000000a2700000, 0x00000000a2700000|100%| O|  |TAMS 0x00000000a2600000| PB 0x00000000a2600000| Untracked 
| 551|0x00000000a2700000, 0x00000000a2800000, 0x00000000a2800000|100%| O|  |TAMS 0x00000000a2700000| PB 0x00000000a2700000| Untracked 
| 552|0x00000000a2800000, 0x00000000a2900000, 0x00000000a2900000|100%| O|  |TAMS 0x00000000a2800000| PB 0x00000000a2800000| Untracked 
| 553|0x00000000a2900000, 0x00000000a2a00000, 0x00000000a2a00000|100%| O|  |TAMS 0x00000000a2900000| PB 0x00000000a2900000| Untracked 
| 554|0x00000000a2a00000, 0x00000000a2b00000, 0x00000000a2b00000|100%| O|  |TAMS 0x00000000a2a00000| PB 0x00000000a2a00000| Untracked 
| 555|0x00000000a2b00000, 0x00000000a2c00000, 0x00000000a2c00000|100%| O|  |TAMS 0x00000000a2b00000| PB 0x00000000a2b00000| Untracked 
| 556|0x00000000a2c00000, 0x00000000a2d00000, 0x00000000a2d00000|100%| O|  |TAMS 0x00000000a2c00000| PB 0x00000000a2c00000| Untracked 
| 557|0x00000000a2d00000, 0x00000000a2e00000, 0x00000000a2e00000|100%| E|CS|TAMS 0x00000000a2d00000| PB 0x00000000a2d00000| Complete 
| 558|0x00000000a2e00000, 0x00000000a2f00000, 0x00000000a2f00000|100%| O|  |TAMS 0x00000000a2e00000| PB 0x00000000a2e00000| Untracked 
| 559|0x00000000a2f00000, 0x00000000a3000000, 0x00000000a3000000|100%|HS|  |TAMS 0x00000000a2f00000| PB 0x00000000a2f00000| Complete 
| 560|0x00000000a3000000, 0x00000000a3100000, 0x00000000a3100000|100%|HC|  |TAMS 0x00000000a3000000| PB 0x00000000a3000000| Complete 
| 561|0x00000000a3100000, 0x00000000a3200000, 0x00000000a3200000|100%|HC|  |TAMS 0x00000000a3100000| PB 0x00000000a3100000| Complete 
| 562|0x00000000a3200000, 0x00000000a3300000, 0x00000000a3300000|100%|HC|  |TAMS 0x00000000a3200000| PB 0x00000000a3200000| Complete 
| 563|0x00000000a3300000, 0x00000000a3400000, 0x00000000a3400000|100%|HS|  |TAMS 0x00000000a3300000| PB 0x00000000a3300000| Complete 
| 564|0x00000000a3400000, 0x00000000a3500000, 0x00000000a3500000|100%|HC|  |TAMS 0x00000000a3400000| PB 0x00000000a3400000| Complete 
| 565|0x00000000a3500000, 0x00000000a3600000, 0x00000000a3600000|100%|HC|  |TAMS 0x00000000a3500000| PB 0x00000000a3500000| Complete 
| 566|0x00000000a3600000, 0x00000000a3700000, 0x00000000a3700000|100%|HS|  |TAMS 0x00000000a3600000| PB 0x00000000a3600000| Complete 
| 567|0x00000000a3700000, 0x00000000a3800000, 0x00000000a3800000|100%|HC|  |TAMS 0x00000000a3700000| PB 0x00000000a3700000| Complete 
| 568|0x00000000a3800000, 0x00000000a3900000, 0x00000000a3900000|100%|HC|  |TAMS 0x00000000a3800000| PB 0x00000000a3800000| Complete 
| 569|0x00000000a3900000, 0x00000000a3a00000, 0x00000000a3a00000|100%|HC|  |TAMS 0x00000000a3900000| PB 0x00000000a3900000| Complete 
| 570|0x00000000a3a00000, 0x00000000a3b00000, 0x00000000a3b00000|100%|HC|  |TAMS 0x00000000a3a00000| PB 0x00000000a3a00000| Complete 
| 571|0x00000000a3b00000, 0x00000000a3c00000, 0x00000000a3c00000|100%|HS|  |TAMS 0x00000000a3b00000| PB 0x00000000a3b00000| Complete 
| 572|0x00000000a3c00000, 0x00000000a3d00000, 0x00000000a3d00000|100%|HC|  |TAMS 0x00000000a3c00000| PB 0x00000000a3c00000| Complete 
| 573|0x00000000a3d00000, 0x00000000a3e00000, 0x00000000a3e00000|100%|HC|  |TAMS 0x00000000a3d00000| PB 0x00000000a3d00000| Complete 
| 574|0x00000000a3e00000, 0x00000000a3f00000, 0x00000000a3f00000|100%|HC|  |TAMS 0x00000000a3e00000| PB 0x00000000a3e00000| Complete 
| 575|0x00000000a3f00000, 0x00000000a4000000, 0x00000000a4000000|100%|HS|  |TAMS 0x00000000a3f00000| PB 0x00000000a3f00000| Complete 
| 576|0x00000000a4000000, 0x00000000a4100000, 0x00000000a4100000|100%|HC|  |TAMS 0x00000000a4000000| PB 0x00000000a4000000| Complete 
| 577|0x00000000a4100000, 0x00000000a4200000, 0x00000000a4200000|100%|HS|  |TAMS 0x00000000a4100000| PB 0x00000000a4100000| Complete 
| 578|0x00000000a4200000, 0x00000000a4300000, 0x00000000a4300000|100%|HC|  |TAMS 0x00000000a4200000| PB 0x00000000a4200000| Complete 
| 579|0x00000000a4300000, 0x00000000a4400000, 0x00000000a4400000|100%|HC|  |TAMS 0x00000000a4300000| PB 0x00000000a4300000| Complete 
| 580|0x00000000a4400000, 0x00000000a4500000, 0x00000000a4500000|100%|HC|  |TAMS 0x00000000a4400000| PB 0x00000000a4400000| Complete 
| 581|0x00000000a4500000, 0x00000000a4600000, 0x00000000a4600000|100%|HS|  |TAMS 0x00000000a4500000| PB 0x00000000a4500000| Complete 
| 582|0x00000000a4600000, 0x00000000a4700000, 0x00000000a4700000|100%|HC|  |TAMS 0x00000000a4600000| PB 0x00000000a4600000| Complete 
| 583|0x00000000a4700000, 0x00000000a4800000, 0x00000000a4800000|100%|HC|  |TAMS 0x00000000a4700000| PB 0x00000000a4700000| Complete 
| 584|0x00000000a4800000, 0x00000000a4900000, 0x00000000a4900000|100%|HC|  |TAMS 0x00000000a4800000| PB 0x00000000a4800000| Complete 
| 585|0x00000000a4900000, 0x00000000a4a00000, 0x00000000a4a00000|100%|HS|  |TAMS 0x00000000a4900000| PB 0x00000000a4900000| Complete 
| 586|0x00000000a4a00000, 0x00000000a4b00000, 0x00000000a4b00000|100%|HC|  |TAMS 0x00000000a4a00000| PB 0x00000000a4a00000| Complete 
| 587|0x00000000a4b00000, 0x00000000a4c00000, 0x00000000a4c00000|100%|HC|  |TAMS 0x00000000a4b00000| PB 0x00000000a4b00000| Complete 
| 588|0x00000000a4c00000, 0x00000000a4d00000, 0x00000000a4d00000|100%|HC|  |TAMS 0x00000000a4c00000| PB 0x00000000a4c00000| Complete 
| 589|0x00000000a4d00000, 0x00000000a4e00000, 0x00000000a4e00000|100%|HS|  |TAMS 0x00000000a4d00000| PB 0x00000000a4d00000| Complete 
| 590|0x00000000a4e00000, 0x00000000a4f00000, 0x00000000a4f00000|100%|HC|  |TAMS 0x00000000a4e00000| PB 0x00000000a4e00000| Complete 
| 591|0x00000000a4f00000, 0x00000000a5000000, 0x00000000a5000000|100%|HS|  |TAMS 0x00000000a4f00000| PB 0x00000000a4f00000| Complete 
| 592|0x00000000a5000000, 0x00000000a5100000, 0x00000000a5100000|100%|HC|  |TAMS 0x00000000a5000000| PB 0x00000000a5000000| Complete 
| 593|0x00000000a5100000, 0x00000000a5200000, 0x00000000a5200000|100%|HC|  |TAMS 0x00000000a5100000| PB 0x00000000a5100000| Complete 
| 594|0x00000000a5200000, 0x00000000a5300000, 0x00000000a5300000|100%|HS|  |TAMS 0x00000000a5200000| PB 0x00000000a5200000| Complete 
| 595|0x00000000a5300000, 0x00000000a5400000, 0x00000000a5400000|100%|HC|  |TAMS 0x00000000a5300000| PB 0x00000000a5300000| Complete 
| 596|0x00000000a5400000, 0x00000000a5500000, 0x00000000a5500000|100%|HC|  |TAMS 0x00000000a5400000| PB 0x00000000a5400000| Complete 
| 597|0x00000000a5500000, 0x00000000a5600000, 0x00000000a5600000|100%|HC|  |TAMS 0x00000000a5500000| PB 0x00000000a5500000| Complete 
| 598|0x00000000a5600000, 0x00000000a5700000, 0x00000000a5700000|100%|HC|  |TAMS 0x00000000a5600000| PB 0x00000000a5600000| Complete 
| 599|0x00000000a5700000, 0x00000000a5800000, 0x00000000a5800000|100%|HS|  |TAMS 0x00000000a5700000| PB 0x00000000a5700000| Complete 
| 600|0x00000000a5800000, 0x00000000a5900000, 0x00000000a5900000|100%|HC|  |TAMS 0x00000000a5800000| PB 0x00000000a5800000| Complete 
| 601|0x00000000a5900000, 0x00000000a5a00000, 0x00000000a5a00000|100%|HC|  |TAMS 0x00000000a5900000| PB 0x00000000a5900000| Complete 
| 602|0x00000000a5a00000, 0x00000000a5b00000, 0x00000000a5b00000|100%|HC|  |TAMS 0x00000000a5a00000| PB 0x00000000a5a00000| Complete 
| 603|0x00000000a5b00000, 0x00000000a5c00000, 0x00000000a5c00000|100%|HS|  |TAMS 0x00000000a5b00000| PB 0x00000000a5b00000| Complete 
| 604|0x00000000a5c00000, 0x00000000a5d00000, 0x00000000a5d00000|100%|HC|  |TAMS 0x00000000a5c00000| PB 0x00000000a5c00000| Complete 
| 605|0x00000000a5d00000, 0x00000000a5e00000, 0x00000000a5e00000|100%|HS|  |TAMS 0x00000000a5d00000| PB 0x00000000a5d00000| Complete 
| 606|0x00000000a5e00000, 0x00000000a5f00000, 0x00000000a5f00000|100%|HC|  |TAMS 0x00000000a5e00000| PB 0x00000000a5e00000| Complete 
| 607|0x00000000a5f00000, 0x00000000a6000000, 0x00000000a6000000|100%|HC|  |TAMS 0x00000000a5f00000| PB 0x00000000a5f00000| Complete 
| 608|0x00000000a6000000, 0x00000000a6100000, 0x00000000a6100000|100%|HC|  |TAMS 0x00000000a6000000| PB 0x00000000a6000000| Complete 
| 609|0x00000000a6100000, 0x00000000a6200000, 0x00000000a6200000|100%|HS|  |TAMS 0x00000000a6100000| PB 0x00000000a6100000| Complete 
| 610|0x00000000a6200000, 0x00000000a6300000, 0x00000000a6300000|100%|HC|  |TAMS 0x00000000a6200000| PB 0x00000000a6200000| Complete 
| 611|0x00000000a6300000, 0x00000000a6400000, 0x00000000a6400000|100%|HC|  |TAMS 0x00000000a6300000| PB 0x00000000a6300000| Complete 
| 612|0x00000000a6400000, 0x00000000a6500000, 0x00000000a6500000|100%|HC|  |TAMS 0x00000000a6400000| PB 0x00000000a6400000| Complete 
| 613|0x00000000a6500000, 0x00000000a6600000, 0x00000000a6600000|100%|HS|  |TAMS 0x00000000a6500000| PB 0x00000000a6500000| Complete 
| 614|0x00000000a6600000, 0x00000000a6700000, 0x00000000a6700000|100%|HC|  |TAMS 0x00000000a6600000| PB 0x00000000a6600000| Complete 
| 615|0x00000000a6700000, 0x00000000a6800000, 0x00000000a6800000|100%|HC|  |TAMS 0x00000000a6700000| PB 0x00000000a6700000| Complete 
| 616|0x00000000a6800000, 0x00000000a6900000, 0x00000000a6900000|100%|HC|  |TAMS 0x00000000a6800000| PB 0x00000000a6800000| Complete 
| 617|0x00000000a6900000, 0x00000000a6a00000, 0x00000000a6a00000|100%|HS|  |TAMS 0x00000000a6900000| PB 0x00000000a6900000| Complete 
| 618|0x00000000a6a00000, 0x00000000a6b00000, 0x00000000a6b00000|100%|HC|  |TAMS 0x00000000a6a00000| PB 0x00000000a6a00000| Complete 
| 619|0x00000000a6b00000, 0x00000000a6c00000, 0x00000000a6c00000|100%|HS|  |TAMS 0x00000000a6b00000| PB 0x00000000a6b00000| Complete 
| 620|0x00000000a6c00000, 0x00000000a6d00000, 0x00000000a6d00000|100%|HC|  |TAMS 0x00000000a6c00000| PB 0x00000000a6c00000| Complete 
| 621|0x00000000a6d00000, 0x00000000a6e00000, 0x00000000a6e00000|100%|HC|  |TAMS 0x00000000a6d00000| PB 0x00000000a6d00000| Complete 
| 622|0x00000000a6e00000, 0x00000000a6f00000, 0x00000000a6f00000|100%|HS|  |TAMS 0x00000000a6e00000| PB 0x00000000a6e00000| Complete 
| 623|0x00000000a6f00000, 0x00000000a7000000, 0x00000000a7000000|100%|HC|  |TAMS 0x00000000a6f00000| PB 0x00000000a6f00000| Complete 
| 624|0x00000000a7000000, 0x00000000a7100000, 0x00000000a7100000|100%|HS|  |TAMS 0x00000000a7000000| PB 0x00000000a7000000| Complete 
| 625|0x00000000a7100000, 0x00000000a7200000, 0x00000000a7200000|100%|HC|  |TAMS 0x00000000a7100000| PB 0x00000000a7100000| Complete 
| 626|0x00000000a7200000, 0x00000000a7300000, 0x00000000a7300000|100%|HS|  |TAMS 0x00000000a7200000| PB 0x00000000a7200000| Complete 
| 627|0x00000000a7300000, 0x00000000a7400000, 0x00000000a7400000|100%|HC|  |TAMS 0x00000000a7300000| PB 0x00000000a7300000| Complete 
| 628|0x00000000a7400000, 0x00000000a7500000, 0x00000000a7500000|100%|HS|  |TAMS 0x00000000a7400000| PB 0x00000000a7400000| Complete 
| 629|0x00000000a7500000, 0x00000000a7600000, 0x00000000a7600000|100%|HC|  |TAMS 0x00000000a7500000| PB 0x00000000a7500000| Complete 
| 630|0x00000000a7600000, 0x00000000a7700000, 0x00000000a7700000|100%|HS|  |TAMS 0x00000000a7600000| PB 0x00000000a7600000| Complete 
| 631|0x00000000a7700000, 0x00000000a7800000, 0x00000000a7800000|100%|HC|  |TAMS 0x00000000a7700000| PB 0x00000000a7700000| Complete 
| 632|0x00000000a7800000, 0x00000000a7900000, 0x00000000a7900000|100%|HS|  |TAMS 0x00000000a7800000| PB 0x00000000a7800000| Complete 
| 633|0x00000000a7900000, 0x00000000a7a00000, 0x00000000a7a00000|100%|HC|  |TAMS 0x00000000a7900000| PB 0x00000000a7900000| Complete 
| 634|0x00000000a7a00000, 0x00000000a7b00000, 0x00000000a7b00000|100%|HC|  |TAMS 0x00000000a7a00000| PB 0x00000000a7a00000| Complete 
| 635|0x00000000a7b00000, 0x00000000a7c00000, 0x00000000a7c00000|100%|HS|  |TAMS 0x00000000a7b00000| PB 0x00000000a7b00000| Complete 
| 636|0x00000000a7c00000, 0x00000000a7d00000, 0x00000000a7d00000|100%|HC|  |TAMS 0x00000000a7c00000| PB 0x00000000a7c00000| Complete 
| 637|0x00000000a7d00000, 0x00000000a7e00000, 0x00000000a7e00000|100%|HS|  |TAMS 0x00000000a7d00000| PB 0x00000000a7d00000| Complete 
| 638|0x00000000a7e00000, 0x00000000a7f00000, 0x00000000a7f00000|100%|HC|  |TAMS 0x00000000a7e00000| PB 0x00000000a7e00000| Complete 
| 639|0x00000000a7f00000, 0x00000000a8000000, 0x00000000a8000000|100%|HC|  |TAMS 0x00000000a7f00000| PB 0x00000000a7f00000| Complete 
| 640|0x00000000a8000000, 0x00000000a8100000, 0x00000000a8100000|100%|HS|  |TAMS 0x00000000a8000000| PB 0x00000000a8000000| Complete 
| 641|0x00000000a8100000, 0x00000000a8200000, 0x00000000a8200000|100%|HC|  |TAMS 0x00000000a8100000| PB 0x00000000a8100000| Complete 
| 642|0x00000000a8200000, 0x00000000a8300000, 0x00000000a8300000|100%|HC|  |TAMS 0x00000000a8200000| PB 0x00000000a8200000| Complete 
| 643|0x00000000a8300000, 0x00000000a8400000, 0x00000000a8400000|100%|HS|  |TAMS 0x00000000a8300000| PB 0x00000000a8300000| Complete 
| 644|0x00000000a8400000, 0x00000000a8500000, 0x00000000a8500000|100%|HC|  |TAMS 0x00000000a8400000| PB 0x00000000a8400000| Complete 
| 645|0x00000000a8500000, 0x00000000a8600000, 0x00000000a8600000|100%|HC|  |TAMS 0x00000000a8500000| PB 0x00000000a8500000| Complete 
| 646|0x00000000a8600000, 0x00000000a8700000, 0x00000000a8700000|100%|HS|  |TAMS 0x00000000a8600000| PB 0x00000000a8600000| Complete 
| 647|0x00000000a8700000, 0x00000000a8800000, 0x00000000a8800000|100%|HC|  |TAMS 0x00000000a8700000| PB 0x00000000a8700000| Complete 
| 648|0x00000000a8800000, 0x00000000a8900000, 0x00000000a8900000|100%|HS|  |TAMS 0x00000000a8800000| PB 0x00000000a8800000| Complete 
| 649|0x00000000a8900000, 0x00000000a8a00000, 0x00000000a8a00000|100%|HC|  |TAMS 0x00000000a8900000| PB 0x00000000a8900000| Complete 
| 650|0x00000000a8a00000, 0x00000000a8b00000, 0x00000000a8b00000|100%|HC|  |TAMS 0x00000000a8a00000| PB 0x00000000a8a00000| Complete 
| 651|0x00000000a8b00000, 0x00000000a8c00000, 0x00000000a8c00000|100%|HS|  |TAMS 0x00000000a8b00000| PB 0x00000000a8b00000| Complete 
| 652|0x00000000a8c00000, 0x00000000a8d00000, 0x00000000a8d00000|100%|HC|  |TAMS 0x00000000a8c00000| PB 0x00000000a8c00000| Complete 
| 653|0x00000000a8d00000, 0x00000000a8e00000, 0x00000000a8e00000|100%|HS|  |TAMS 0x00000000a8d00000| PB 0x00000000a8d00000| Complete 
| 654|0x00000000a8e00000, 0x00000000a8f00000, 0x00000000a8f00000|100%|HC|  |TAMS 0x00000000a8e00000| PB 0x00000000a8e00000| Complete 
| 655|0x00000000a8f00000, 0x00000000a9000000, 0x00000000a9000000|100%|HS|  |TAMS 0x00000000a8f00000| PB 0x00000000a8f00000| Complete 
| 656|0x00000000a9000000, 0x00000000a9100000, 0x00000000a9100000|100%|HC|  |TAMS 0x00000000a9000000| PB 0x00000000a9000000| Complete 
| 657|0x00000000a9100000, 0x00000000a9200000, 0x00000000a9200000|100%|HS|  |TAMS 0x00000000a9100000| PB 0x00000000a9100000| Complete 
| 658|0x00000000a9200000, 0x00000000a9300000, 0x00000000a9300000|100%|HC|  |TAMS 0x00000000a9200000| PB 0x00000000a9200000| Complete 
| 659|0x00000000a9300000, 0x00000000a9400000, 0x00000000a9400000|100%|HS|  |TAMS 0x00000000a9300000| PB 0x00000000a9300000| Complete 
| 660|0x00000000a9400000, 0x00000000a9500000, 0x00000000a9500000|100%|HC|  |TAMS 0x00000000a9400000| PB 0x00000000a9400000| Complete 
| 661|0x00000000a9500000, 0x00000000a9600000, 0x00000000a9600000|100%|HS|  |TAMS 0x00000000a9500000| PB 0x00000000a9500000| Complete 
| 662|0x00000000a9600000, 0x00000000a9700000, 0x00000000a9700000|100%|HC|  |TAMS 0x00000000a9600000| PB 0x00000000a9600000| Complete 
| 663|0x00000000a9700000, 0x00000000a9800000, 0x00000000a9800000|100%|HC|  |TAMS 0x00000000a9700000| PB 0x00000000a9700000| Complete 
| 664|0x00000000a9800000, 0x00000000a9900000, 0x00000000a9900000|100%|HS|  |TAMS 0x00000000a9800000| PB 0x00000000a9800000| Complete 
| 665|0x00000000a9900000, 0x00000000a9a00000, 0x00000000a9a00000|100%|HC|  |TAMS 0x00000000a9900000| PB 0x00000000a9900000| Complete 
| 666|0x00000000a9a00000, 0x00000000a9b00000, 0x00000000a9b00000|100%|HS|  |TAMS 0x00000000a9a00000| PB 0x00000000a9a00000| Complete 
| 667|0x00000000a9b00000, 0x00000000a9c00000, 0x00000000a9c00000|100%|HC|  |TAMS 0x00000000a9b00000| PB 0x00000000a9b00000| Complete 
| 668|0x00000000a9c00000, 0x00000000a9d00000, 0x00000000a9d00000|100%|HS|  |TAMS 0x00000000a9c00000| PB 0x00000000a9c00000| Complete 
| 669|0x00000000a9d00000, 0x00000000a9e00000, 0x00000000a9e00000|100%|HC|  |TAMS 0x00000000a9d00000| PB 0x00000000a9d00000| Complete 
| 670|0x00000000a9e00000, 0x00000000a9f00000, 0x00000000a9f00000|100%|HS|  |TAMS 0x00000000a9e00000| PB 0x00000000a9e00000| Complete 
| 671|0x00000000a9f00000, 0x00000000aa000000, 0x00000000aa000000|100%|HC|  |TAMS 0x00000000a9f00000| PB 0x00000000a9f00000| Complete 
| 672|0x00000000aa000000, 0x00000000aa100000, 0x00000000aa100000|100%|HS|  |TAMS 0x00000000aa000000| PB 0x00000000aa000000| Complete 
| 673|0x00000000aa100000, 0x00000000aa200000, 0x00000000aa200000|100%|HC|  |TAMS 0x00000000aa100000| PB 0x00000000aa100000| Complete 
| 674|0x00000000aa200000, 0x00000000aa300000, 0x00000000aa300000|100%|HS|  |TAMS 0x00000000aa200000| PB 0x00000000aa200000| Complete 
| 675|0x00000000aa300000, 0x00000000aa400000, 0x00000000aa400000|100%|HC|  |TAMS 0x00000000aa300000| PB 0x00000000aa300000| Complete 
| 676|0x00000000aa400000, 0x00000000aa500000, 0x00000000aa500000|100%|HC|  |TAMS 0x00000000aa400000| PB 0x00000000aa400000| Complete 
| 677|0x00000000aa500000, 0x00000000aa600000, 0x00000000aa600000|100%|HS|  |TAMS 0x00000000aa500000| PB 0x00000000aa500000| Complete 
| 678|0x00000000aa600000, 0x00000000aa700000, 0x00000000aa700000|100%|HC|  |TAMS 0x00000000aa600000| PB 0x00000000aa600000| Complete 
| 679|0x00000000aa700000, 0x00000000aa800000, 0x00000000aa800000|100%|HS|  |TAMS 0x00000000aa700000| PB 0x00000000aa700000| Complete 
| 680|0x00000000aa800000, 0x00000000aa900000, 0x00000000aa900000|100%|HC|  |TAMS 0x00000000aa800000| PB 0x00000000aa800000| Complete 
| 681|0x00000000aa900000, 0x00000000aaa00000, 0x00000000aaa00000|100%|HS|  |TAMS 0x00000000aa900000| PB 0x00000000aa900000| Complete 
| 682|0x00000000aaa00000, 0x00000000aab00000, 0x00000000aab00000|100%|HC|  |TAMS 0x00000000aaa00000| PB 0x00000000aaa00000| Complete 
| 683|0x00000000aab00000, 0x00000000aac00000, 0x00000000aac00000|100%|HS|  |TAMS 0x00000000aab00000| PB 0x00000000aab00000| Complete 
| 684|0x00000000aac00000, 0x00000000aad00000, 0x00000000aad00000|100%|HC|  |TAMS 0x00000000aac00000| PB 0x00000000aac00000| Complete 
| 685|0x00000000aad00000, 0x00000000aae00000, 0x00000000aae00000|100%|HS|  |TAMS 0x00000000aad00000| PB 0x00000000aad00000| Complete 
| 686|0x00000000aae00000, 0x00000000aaf00000, 0x00000000aaf00000|100%|HC|  |TAMS 0x00000000aae00000| PB 0x00000000aae00000| Complete 
| 687|0x00000000aaf00000, 0x00000000ab000000, 0x00000000ab000000|100%| E|CS|TAMS 0x00000000aaf00000| PB 0x00000000aaf00000| Complete 
| 688|0x00000000ab000000, 0x00000000ab100000, 0x00000000ab100000|100%| E|CS|TAMS 0x00000000ab000000| PB 0x00000000ab000000| Complete 
| 689|0x00000000ab100000, 0x00000000ab200000, 0x00000000ab200000|100%| E|CS|TAMS 0x00000000ab100000| PB 0x00000000ab100000| Complete 
| 690|0x00000000ab200000, 0x00000000ab300000, 0x00000000ab300000|100%| E|CS|TAMS 0x00000000ab200000| PB 0x00000000ab200000| Complete 
| 691|0x00000000ab300000, 0x00000000ab400000, 0x00000000ab400000|100%| E|CS|TAMS 0x00000000ab300000| PB 0x00000000ab300000| Complete 
| 692|0x00000000ab400000, 0x00000000ab500000, 0x00000000ab500000|100%| E|CS|TAMS 0x00000000ab400000| PB 0x00000000ab400000| Complete 
| 693|0x00000000ab500000, 0x00000000ab600000, 0x00000000ab600000|100%| E|CS|TAMS 0x00000000ab500000| PB 0x00000000ab500000| Complete 
| 694|0x00000000ab600000, 0x00000000ab700000, 0x00000000ab700000|100%| E|CS|TAMS 0x00000000ab600000| PB 0x00000000ab600000| Complete 
| 695|0x00000000ab700000, 0x00000000ab800000, 0x00000000ab800000|100%| E|CS|TAMS 0x00000000ab700000| PB 0x00000000ab700000| Complete 
| 696|0x00000000ab800000, 0x00000000ab900000, 0x00000000ab900000|100%| E|CS|TAMS 0x00000000ab800000| PB 0x00000000ab800000| Complete 
| 697|0x00000000ab900000, 0x00000000aba00000, 0x00000000aba00000|100%| E|CS|TAMS 0x00000000ab900000| PB 0x00000000ab900000| Complete 
| 698|0x00000000aba00000, 0x00000000abb00000, 0x00000000abb00000|100%| E|CS|TAMS 0x00000000aba00000| PB 0x00000000aba00000| Complete 
| 699|0x00000000abb00000, 0x00000000abc00000, 0x00000000abc00000|100%| E|CS|TAMS 0x00000000abb00000| PB 0x00000000abb00000| Complete 
| 700|0x00000000abc00000, 0x00000000abd00000, 0x00000000abd00000|100%| E|CS|TAMS 0x00000000abc00000| PB 0x00000000abc00000| Complete 
| 701|0x00000000abd00000, 0x00000000abe00000, 0x00000000abe00000|100%| E|CS|TAMS 0x00000000abd00000| PB 0x00000000abd00000| Complete 
| 702|0x00000000abe00000, 0x00000000abf00000, 0x00000000abf00000|100%| E|CS|TAMS 0x00000000abe00000| PB 0x00000000abe00000| Complete 
| 703|0x00000000abf00000, 0x00000000ac000000, 0x00000000ac000000|100%| E|CS|TAMS 0x00000000abf00000| PB 0x00000000abf00000| Complete 
| 704|0x00000000ac000000, 0x00000000ac100000, 0x00000000ac100000|100%| E|CS|TAMS 0x00000000ac000000| PB 0x00000000ac000000| Complete 
| 705|0x00000000ac100000, 0x00000000ac200000, 0x00000000ac200000|100%| E|CS|TAMS 0x00000000ac100000| PB 0x00000000ac100000| Complete 
| 706|0x00000000ac200000, 0x00000000ac300000, 0x00000000ac300000|100%| E|CS|TAMS 0x00000000ac200000| PB 0x00000000ac200000| Complete 
| 707|0x00000000ac300000, 0x00000000ac400000, 0x00000000ac400000|100%| E|CS|TAMS 0x00000000ac300000| PB 0x00000000ac300000| Complete 
| 708|0x00000000ac400000, 0x00000000ac500000, 0x00000000ac500000|100%| E|CS|TAMS 0x00000000ac400000| PB 0x00000000ac400000| Complete 
| 709|0x00000000ac500000, 0x00000000ac600000, 0x00000000ac600000|100%| E|CS|TAMS 0x00000000ac500000| PB 0x00000000ac500000| Complete 
| 710|0x00000000ac600000, 0x00000000ac700000, 0x00000000ac700000|100%| E|CS|TAMS 0x00000000ac600000| PB 0x00000000ac600000| Complete 
| 711|0x00000000ac700000, 0x00000000ac800000, 0x00000000ac800000|100%| E|CS|TAMS 0x00000000ac700000| PB 0x00000000ac700000| Complete 
| 712|0x00000000ac800000, 0x00000000ac900000, 0x00000000ac900000|100%| E|CS|TAMS 0x00000000ac800000| PB 0x00000000ac800000| Complete 
| 713|0x00000000ac900000, 0x00000000aca00000, 0x00000000aca00000|100%| E|CS|TAMS 0x00000000ac900000| PB 0x00000000ac900000| Complete 
| 714|0x00000000aca00000, 0x00000000acb00000, 0x00000000acb00000|100%| E|CS|TAMS 0x00000000aca00000| PB 0x00000000aca00000| Complete 
| 715|0x00000000acb00000, 0x00000000acc00000, 0x00000000acc00000|100%| E|CS|TAMS 0x00000000acb00000| PB 0x00000000acb00000| Complete 
| 716|0x00000000acc00000, 0x00000000acd00000, 0x00000000acd00000|100%| E|CS|TAMS 0x00000000acc00000| PB 0x00000000acc00000| Complete 
| 717|0x00000000acd00000, 0x00000000ace00000, 0x00000000ace00000|100%| E|CS|TAMS 0x00000000acd00000| PB 0x00000000acd00000| Complete 
| 718|0x00000000ace00000, 0x00000000acf00000, 0x00000000acf00000|100%| E|CS|TAMS 0x00000000ace00000| PB 0x00000000ace00000| Complete 
| 719|0x00000000acf00000, 0x00000000ad000000, 0x00000000ad000000|100%| E|CS|TAMS 0x00000000acf00000| PB 0x00000000acf00000| Complete 
| 720|0x00000000ad000000, 0x00000000ad100000, 0x00000000ad100000|100%| E|CS|TAMS 0x00000000ad000000| PB 0x00000000ad000000| Complete 
| 721|0x00000000ad100000, 0x00000000ad200000, 0x00000000ad200000|100%| E|CS|TAMS 0x00000000ad100000| PB 0x00000000ad100000| Complete 
| 722|0x00000000ad200000, 0x00000000ad300000, 0x00000000ad300000|100%| E|CS|TAMS 0x00000000ad200000| PB 0x00000000ad200000| Complete 
| 723|0x00000000ad300000, 0x00000000ad400000, 0x00000000ad400000|100%| E|CS|TAMS 0x00000000ad300000| PB 0x00000000ad300000| Complete 
| 724|0x00000000ad400000, 0x00000000ad500000, 0x00000000ad500000|100%| E|CS|TAMS 0x00000000ad400000| PB 0x00000000ad400000| Complete 
| 725|0x00000000ad500000, 0x00000000ad600000, 0x00000000ad600000|100%| E|CS|TAMS 0x00000000ad500000| PB 0x00000000ad500000| Complete 
| 726|0x00000000ad600000, 0x00000000ad700000, 0x00000000ad700000|100%| E|CS|TAMS 0x00000000ad600000| PB 0x00000000ad600000| Complete 
| 727|0x00000000ad700000, 0x00000000ad800000, 0x00000000ad800000|100%| E|CS|TAMS 0x00000000ad700000| PB 0x00000000ad700000| Complete 
| 728|0x00000000ad800000, 0x00000000ad900000, 0x00000000ad900000|100%| E|CS|TAMS 0x00000000ad800000| PB 0x00000000ad800000| Complete 
| 729|0x00000000ad900000, 0x00000000ada00000, 0x00000000ada00000|100%| E|CS|TAMS 0x00000000ad900000| PB 0x00000000ad900000| Complete 
| 730|0x00000000ada00000, 0x00000000adb00000, 0x00000000adb00000|100%| E|CS|TAMS 0x00000000ada00000| PB 0x00000000ada00000| Complete 
| 731|0x00000000adb00000, 0x00000000adc00000, 0x00000000adc00000|100%| E|CS|TAMS 0x00000000adb00000| PB 0x00000000adb00000| Complete 
| 732|0x00000000adc00000, 0x00000000add00000, 0x00000000add00000|100%| E|CS|TAMS 0x00000000adc00000| PB 0x00000000adc00000| Complete 
| 733|0x00000000add00000, 0x00000000ade00000, 0x00000000ade00000|100%| E|CS|TAMS 0x00000000add00000| PB 0x00000000add00000| Complete 
| 734|0x00000000ade00000, 0x00000000adf00000, 0x00000000adf00000|100%| E|CS|TAMS 0x00000000ade00000| PB 0x00000000ade00000| Complete 
| 735|0x00000000adf00000, 0x00000000ae000000, 0x00000000ae000000|100%| E|CS|TAMS 0x00000000adf00000| PB 0x00000000adf00000| Complete 
| 736|0x00000000ae000000, 0x00000000ae100000, 0x00000000ae100000|100%| E|CS|TAMS 0x00000000ae000000| PB 0x00000000ae000000| Complete 
| 737|0x00000000ae100000, 0x00000000ae200000, 0x00000000ae200000|100%| E|CS|TAMS 0x00000000ae100000| PB 0x00000000ae100000| Complete 
| 738|0x00000000ae200000, 0x00000000ae300000, 0x00000000ae300000|100%| E|CS|TAMS 0x00000000ae200000| PB 0x00000000ae200000| Complete 
| 739|0x00000000ae300000, 0x00000000ae400000, 0x00000000ae400000|100%| E|CS|TAMS 0x00000000ae300000| PB 0x00000000ae300000| Complete 
| 740|0x00000000ae400000, 0x00000000ae500000, 0x00000000ae500000|100%| E|CS|TAMS 0x00000000ae400000| PB 0x00000000ae400000| Complete 
| 741|0x00000000ae500000, 0x00000000ae600000, 0x00000000ae600000|100%| E|CS|TAMS 0x00000000ae500000| PB 0x00000000ae500000| Complete 
| 742|0x00000000ae600000, 0x00000000ae700000, 0x00000000ae700000|100%| E|CS|TAMS 0x00000000ae600000| PB 0x00000000ae600000| Complete 
| 743|0x00000000ae700000, 0x00000000ae800000, 0x00000000ae800000|100%| E|CS|TAMS 0x00000000ae700000| PB 0x00000000ae700000| Complete 
| 744|0x00000000ae800000, 0x00000000ae900000, 0x00000000ae900000|100%| E|CS|TAMS 0x00000000ae800000| PB 0x00000000ae800000| Complete 
| 745|0x00000000ae900000, 0x00000000aea00000, 0x00000000aea00000|100%| E|CS|TAMS 0x00000000ae900000| PB 0x00000000ae900000| Complete 
| 746|0x00000000aea00000, 0x00000000aeb00000, 0x00000000aeb00000|100%| E|CS|TAMS 0x00000000aea00000| PB 0x00000000aea00000| Complete 
| 747|0x00000000aeb00000, 0x00000000aec00000, 0x00000000aec00000|100%| E|CS|TAMS 0x00000000aeb00000| PB 0x00000000aeb00000| Complete 
| 748|0x00000000aec00000, 0x00000000aed00000, 0x00000000aed00000|100%| E|CS|TAMS 0x00000000aec00000| PB 0x00000000aec00000| Complete 
| 749|0x00000000aed00000, 0x00000000aee00000, 0x00000000aee00000|100%| E|CS|TAMS 0x00000000aed00000| PB 0x00000000aed00000| Complete 
| 750|0x00000000aee00000, 0x00000000aef00000, 0x00000000aef00000|100%| E|CS|TAMS 0x00000000aee00000| PB 0x00000000aee00000| Complete 
| 751|0x00000000aef00000, 0x00000000af000000, 0x00000000af000000|100%| E|CS|TAMS 0x00000000aef00000| PB 0x00000000aef00000| Complete 
| 752|0x00000000af000000, 0x00000000af100000, 0x00000000af100000|100%| E|CS|TAMS 0x00000000af000000| PB 0x00000000af000000| Complete 
| 753|0x00000000af100000, 0x00000000af200000, 0x00000000af200000|100%| E|CS|TAMS 0x00000000af100000| PB 0x00000000af100000| Complete 
| 754|0x00000000af200000, 0x00000000af300000, 0x00000000af300000|100%| E|CS|TAMS 0x00000000af200000| PB 0x00000000af200000| Complete 
| 755|0x00000000af300000, 0x00000000af400000, 0x00000000af400000|100%| E|CS|TAMS 0x00000000af300000| PB 0x00000000af300000| Complete 
| 756|0x00000000af400000, 0x00000000af500000, 0x00000000af500000|100%| E|CS|TAMS 0x00000000af400000| PB 0x00000000af400000| Complete 
| 757|0x00000000af500000, 0x00000000af600000, 0x00000000af600000|100%| E|CS|TAMS 0x00000000af500000| PB 0x00000000af500000| Complete 
| 758|0x00000000af600000, 0x00000000af700000, 0x00000000af700000|100%| E|CS|TAMS 0x00000000af600000| PB 0x00000000af600000| Complete 
| 759|0x00000000af700000, 0x00000000af800000, 0x00000000af800000|100%| E|CS|TAMS 0x00000000af700000| PB 0x00000000af700000| Complete 
| 760|0x00000000af800000, 0x00000000af900000, 0x00000000af900000|100%| E|CS|TAMS 0x00000000af800000| PB 0x00000000af800000| Complete 
| 761|0x00000000af900000, 0x00000000afa00000, 0x00000000afa00000|100%| E|CS|TAMS 0x00000000af900000| PB 0x00000000af900000| Complete 
| 762|0x00000000afa00000, 0x00000000afb00000, 0x00000000afb00000|100%| E|CS|TAMS 0x00000000afa00000| PB 0x00000000afa00000| Complete 
| 763|0x00000000afb00000, 0x00000000afc00000, 0x00000000afc00000|100%| E|CS|TAMS 0x00000000afb00000| PB 0x00000000afb00000| Complete 
| 764|0x00000000afc00000, 0x00000000afd00000, 0x00000000afd00000|100%| E|CS|TAMS 0x00000000afc00000| PB 0x00000000afc00000| Complete 
| 765|0x00000000afd00000, 0x00000000afe00000, 0x00000000afe00000|100%| E|CS|TAMS 0x00000000afd00000| PB 0x00000000afd00000| Complete 
| 766|0x00000000afe00000, 0x00000000aff00000, 0x00000000aff00000|100%| E|CS|TAMS 0x00000000afe00000| PB 0x00000000afe00000| Complete 
| 767|0x00000000aff00000, 0x00000000b0000000, 0x00000000b0000000|100%| E|CS|TAMS 0x00000000aff00000| PB 0x00000000aff00000| Complete 
| 768|0x00000000b0000000, 0x00000000b0100000, 0x00000000b0100000|100%| E|CS|TAMS 0x00000000b0000000| PB 0x00000000b0000000| Complete 
| 769|0x00000000b0100000, 0x00000000b0200000, 0x00000000b0200000|100%| E|CS|TAMS 0x00000000b0100000| PB 0x00000000b0100000| Complete 
| 770|0x00000000b0200000, 0x00000000b0300000, 0x00000000b0300000|100%| E|CS|TAMS 0x00000000b0200000| PB 0x00000000b0200000| Complete 
| 771|0x00000000b0300000, 0x00000000b0400000, 0x00000000b0400000|100%| E|CS|TAMS 0x00000000b0300000| PB 0x00000000b0300000| Complete 
| 772|0x00000000b0400000, 0x00000000b0500000, 0x00000000b0500000|100%| E|CS|TAMS 0x00000000b0400000| PB 0x00000000b0400000| Complete 
| 773|0x00000000b0500000, 0x00000000b0600000, 0x00000000b0600000|100%| E|CS|TAMS 0x00000000b0500000| PB 0x00000000b0500000| Complete 
| 774|0x00000000b0600000, 0x00000000b0700000, 0x00000000b0700000|100%| E|CS|TAMS 0x00000000b0600000| PB 0x00000000b0600000| Complete 
| 775|0x00000000b0700000, 0x00000000b0800000, 0x00000000b0800000|100%| E|CS|TAMS 0x00000000b0700000| PB 0x00000000b0700000| Complete 
| 776|0x00000000b0800000, 0x00000000b0900000, 0x00000000b0900000|100%| E|CS|TAMS 0x00000000b0800000| PB 0x00000000b0800000| Complete 
| 777|0x00000000b0900000, 0x00000000b0a00000, 0x00000000b0a00000|100%| E|CS|TAMS 0x00000000b0900000| PB 0x00000000b0900000| Complete 
| 778|0x00000000b0a00000, 0x00000000b0b00000, 0x00000000b0b00000|100%| E|CS|TAMS 0x00000000b0a00000| PB 0x00000000b0a00000| Complete 
| 779|0x00000000b0b00000, 0x00000000b0c00000, 0x00000000b0c00000|100%| E|CS|TAMS 0x00000000b0b00000| PB 0x00000000b0b00000| Complete 
| 780|0x00000000b0c00000, 0x00000000b0d00000, 0x00000000b0d00000|100%| E|CS|TAMS 0x00000000b0c00000| PB 0x00000000b0c00000| Complete 
| 781|0x00000000b0d00000, 0x00000000b0e00000, 0x00000000b0e00000|100%| E|CS|TAMS 0x00000000b0d00000| PB 0x00000000b0d00000| Complete 
| 782|0x00000000b0e00000, 0x00000000b0f00000, 0x00000000b0f00000|100%| E|CS|TAMS 0x00000000b0e00000| PB 0x00000000b0e00000| Complete 
| 783|0x00000000b0f00000, 0x00000000b1000000, 0x00000000b1000000|100%| E|CS|TAMS 0x00000000b0f00000| PB 0x00000000b0f00000| Complete 
| 784|0x00000000b1000000, 0x00000000b1100000, 0x00000000b1100000|100%| E|CS|TAMS 0x00000000b1000000| PB 0x00000000b1000000| Complete 
| 785|0x00000000b1100000, 0x00000000b1200000, 0x00000000b1200000|100%| E|CS|TAMS 0x00000000b1100000| PB 0x00000000b1100000| Complete 
| 786|0x00000000b1200000, 0x00000000b1300000, 0x00000000b1300000|100%| E|CS|TAMS 0x00000000b1200000| PB 0x00000000b1200000| Complete 
| 787|0x00000000b1300000, 0x00000000b1400000, 0x00000000b1400000|100%| E|CS|TAMS 0x00000000b1300000| PB 0x00000000b1300000| Complete 
| 788|0x00000000b1400000, 0x00000000b1500000, 0x00000000b1500000|100%| E|CS|TAMS 0x00000000b1400000| PB 0x00000000b1400000| Complete 
| 789|0x00000000b1500000, 0x00000000b1600000, 0x00000000b1600000|100%| E|CS|TAMS 0x00000000b1500000| PB 0x00000000b1500000| Complete 
| 790|0x00000000b1600000, 0x00000000b1700000, 0x00000000b1700000|100%| E|CS|TAMS 0x00000000b1600000| PB 0x00000000b1600000| Complete 
| 791|0x00000000b1700000, 0x00000000b1800000, 0x00000000b1800000|100%| E|CS|TAMS 0x00000000b1700000| PB 0x00000000b1700000| Complete 
| 792|0x00000000b1800000, 0x00000000b1900000, 0x00000000b1900000|100%| E|CS|TAMS 0x00000000b1800000| PB 0x00000000b1800000| Complete 
| 793|0x00000000b1900000, 0x00000000b1a00000, 0x00000000b1a00000|100%| E|CS|TAMS 0x00000000b1900000| PB 0x00000000b1900000| Complete 
| 794|0x00000000b1a00000, 0x00000000b1b00000, 0x00000000b1b00000|100%| E|CS|TAMS 0x00000000b1a00000| PB 0x00000000b1a00000| Complete 
| 795|0x00000000b1b00000, 0x00000000b1c00000, 0x00000000b1c00000|100%| E|CS|TAMS 0x00000000b1b00000| PB 0x00000000b1b00000| Complete 
| 796|0x00000000b1c00000, 0x00000000b1d00000, 0x00000000b1d00000|100%| E|CS|TAMS 0x00000000b1c00000| PB 0x00000000b1c00000| Complete 
| 797|0x00000000b1d00000, 0x00000000b1e00000, 0x00000000b1e00000|100%| E|CS|TAMS 0x00000000b1d00000| PB 0x00000000b1d00000| Complete 
| 798|0x00000000b1e00000, 0x00000000b1f00000, 0x00000000b1f00000|100%| E|CS|TAMS 0x00000000b1e00000| PB 0x00000000b1e00000| Complete 
| 799|0x00000000b1f00000, 0x00000000b2000000, 0x00000000b2000000|100%| E|CS|TAMS 0x00000000b1f00000| PB 0x00000000b1f00000| Complete 
| 800|0x00000000b2000000, 0x00000000b2100000, 0x00000000b2100000|100%| E|CS|TAMS 0x00000000b2000000| PB 0x00000000b2000000| Complete 
| 801|0x00000000b2100000, 0x00000000b2200000, 0x00000000b2200000|100%| E|CS|TAMS 0x00000000b2100000| PB 0x00000000b2100000| Complete 
| 802|0x00000000b2200000, 0x00000000b2300000, 0x00000000b2300000|100%| E|CS|TAMS 0x00000000b2200000| PB 0x00000000b2200000| Complete 
| 803|0x00000000b2300000, 0x00000000b2400000, 0x00000000b2400000|100%| E|CS|TAMS 0x00000000b2300000| PB 0x00000000b2300000| Complete 
| 804|0x00000000b2400000, 0x00000000b2500000, 0x00000000b2500000|100%| E|CS|TAMS 0x00000000b2400000| PB 0x00000000b2400000| Complete 
| 805|0x00000000b2500000, 0x00000000b2600000, 0x00000000b2600000|100%| E|CS|TAMS 0x00000000b2500000| PB 0x00000000b2500000| Complete 
| 806|0x00000000b2600000, 0x00000000b2700000, 0x00000000b2700000|100%| E|CS|TAMS 0x00000000b2600000| PB 0x00000000b2600000| Complete 
| 807|0x00000000b2700000, 0x00000000b2800000, 0x00000000b2800000|100%| E|CS|TAMS 0x00000000b2700000| PB 0x00000000b2700000| Complete 
| 808|0x00000000b2800000, 0x00000000b2900000, 0x00000000b2900000|100%| E|CS|TAMS 0x00000000b2800000| PB 0x00000000b2800000| Complete 
| 809|0x00000000b2900000, 0x00000000b2a00000, 0x00000000b2a00000|100%| E|CS|TAMS 0x00000000b2900000| PB 0x00000000b2900000| Complete 
| 810|0x00000000b2a00000, 0x00000000b2b00000, 0x00000000b2b00000|100%| E|CS|TAMS 0x00000000b2a00000| PB 0x00000000b2a00000| Complete 
| 811|0x00000000b2b00000, 0x00000000b2c00000, 0x00000000b2c00000|100%| E|CS|TAMS 0x00000000b2b00000| PB 0x00000000b2b00000| Complete 
| 812|0x00000000b2c00000, 0x00000000b2d00000, 0x00000000b2d00000|100%| E|CS|TAMS 0x00000000b2c00000| PB 0x00000000b2c00000| Complete 
| 813|0x00000000b2d00000, 0x00000000b2e00000, 0x00000000b2e00000|100%| E|CS|TAMS 0x00000000b2d00000| PB 0x00000000b2d00000| Complete 
| 814|0x00000000b2e00000, 0x00000000b2f00000, 0x00000000b2f00000|100%| E|CS|TAMS 0x00000000b2e00000| PB 0x00000000b2e00000| Complete 
| 815|0x00000000b2f00000, 0x00000000b3000000, 0x00000000b3000000|100%| E|CS|TAMS 0x00000000b2f00000| PB 0x00000000b2f00000| Complete 
| 816|0x00000000b3000000, 0x00000000b3100000, 0x00000000b3100000|100%| E|CS|TAMS 0x00000000b3000000| PB 0x00000000b3000000| Complete 
| 817|0x00000000b3100000, 0x00000000b3200000, 0x00000000b3200000|100%| E|CS|TAMS 0x00000000b3100000| PB 0x00000000b3100000| Complete 
| 818|0x00000000b3200000, 0x00000000b3300000, 0x00000000b3300000|100%| E|CS|TAMS 0x00000000b3200000| PB 0x00000000b3200000| Complete 
| 819|0x00000000b3300000, 0x00000000b3400000, 0x00000000b3400000|100%| E|CS|TAMS 0x00000000b3300000| PB 0x00000000b3300000| Complete 
| 820|0x00000000b3400000, 0x00000000b3500000, 0x00000000b3500000|100%| E|CS|TAMS 0x00000000b3400000| PB 0x00000000b3400000| Complete 
| 821|0x00000000b3500000, 0x00000000b3600000, 0x00000000b3600000|100%| E|CS|TAMS 0x00000000b3500000| PB 0x00000000b3500000| Complete 
| 822|0x00000000b3600000, 0x00000000b3700000, 0x00000000b3700000|100%| E|CS|TAMS 0x00000000b3600000| PB 0x00000000b3600000| Complete 
| 823|0x00000000b3700000, 0x00000000b3800000, 0x00000000b3800000|100%| E|CS|TAMS 0x00000000b3700000| PB 0x00000000b3700000| Complete 
| 824|0x00000000b3800000, 0x00000000b3900000, 0x00000000b3900000|100%| E|CS|TAMS 0x00000000b3800000| PB 0x00000000b3800000| Complete 
| 825|0x00000000b3900000, 0x00000000b3a00000, 0x00000000b3a00000|100%| E|CS|TAMS 0x00000000b3900000| PB 0x00000000b3900000| Complete 
| 826|0x00000000b3a00000, 0x00000000b3b00000, 0x00000000b3b00000|100%| E|CS|TAMS 0x00000000b3a00000| PB 0x00000000b3a00000| Complete 
| 827|0x00000000b3b00000, 0x00000000b3c00000, 0x00000000b3c00000|100%| E|CS|TAMS 0x00000000b3b00000| PB 0x00000000b3b00000| Complete 
| 828|0x00000000b3c00000, 0x00000000b3d00000, 0x00000000b3d00000|100%| E|CS|TAMS 0x00000000b3c00000| PB 0x00000000b3c00000| Complete 
| 829|0x00000000b3d00000, 0x00000000b3e00000, 0x00000000b3e00000|100%| E|CS|TAMS 0x00000000b3d00000| PB 0x00000000b3d00000| Complete 
| 830|0x00000000b3e00000, 0x00000000b3f00000, 0x00000000b3f00000|100%| E|CS|TAMS 0x00000000b3e00000| PB 0x00000000b3e00000| Complete 
| 831|0x00000000b3f00000, 0x00000000b4000000, 0x00000000b4000000|100%| E|CS|TAMS 0x00000000b3f00000| PB 0x00000000b3f00000| Complete 
| 832|0x00000000b4000000, 0x00000000b4100000, 0x00000000b4100000|100%| E|CS|TAMS 0x00000000b4000000| PB 0x00000000b4000000| Complete 
| 833|0x00000000b4100000, 0x00000000b4200000, 0x00000000b4200000|100%| E|CS|TAMS 0x00000000b4100000| PB 0x00000000b4100000| Complete 
| 834|0x00000000b4200000, 0x00000000b4300000, 0x00000000b4300000|100%| E|CS|TAMS 0x00000000b4200000| PB 0x00000000b4200000| Complete 
| 835|0x00000000b4300000, 0x00000000b4400000, 0x00000000b4400000|100%| E|CS|TAMS 0x00000000b4300000| PB 0x00000000b4300000| Complete 
| 836|0x00000000b4400000, 0x00000000b4500000, 0x00000000b4500000|100%| E|CS|TAMS 0x00000000b4400000| PB 0x00000000b4400000| Complete 
| 837|0x00000000b4500000, 0x00000000b4600000, 0x00000000b4600000|100%| E|CS|TAMS 0x00000000b4500000| PB 0x00000000b4500000| Complete 
| 838|0x00000000b4600000, 0x00000000b4700000, 0x00000000b4700000|100%| E|CS|TAMS 0x00000000b4600000| PB 0x00000000b4600000| Complete 
| 839|0x00000000b4700000, 0x00000000b4800000, 0x00000000b4800000|100%| E|CS|TAMS 0x00000000b4700000| PB 0x00000000b4700000| Complete 
| 840|0x00000000b4800000, 0x00000000b4900000, 0x00000000b4900000|100%| E|CS|TAMS 0x00000000b4800000| PB 0x00000000b4800000| Complete 
| 841|0x00000000b4900000, 0x00000000b4a00000, 0x00000000b4a00000|100%| E|CS|TAMS 0x00000000b4900000| PB 0x00000000b4900000| Complete 
| 842|0x00000000b4a00000, 0x00000000b4b00000, 0x00000000b4b00000|100%| E|CS|TAMS 0x00000000b4a00000| PB 0x00000000b4a00000| Complete 
| 843|0x00000000b4b00000, 0x00000000b4c00000, 0x00000000b4c00000|100%| E|CS|TAMS 0x00000000b4b00000| PB 0x00000000b4b00000| Complete 
| 844|0x00000000b4c00000, 0x00000000b4d00000, 0x00000000b4d00000|100%| E|CS|TAMS 0x00000000b4c00000| PB 0x00000000b4c00000| Complete 
| 845|0x00000000b4d00000, 0x00000000b4e00000, 0x00000000b4e00000|100%| E|CS|TAMS 0x00000000b4d00000| PB 0x00000000b4d00000| Complete 
| 846|0x00000000b4e00000, 0x00000000b4f00000, 0x00000000b4f00000|100%| E|CS|TAMS 0x00000000b4e00000| PB 0x00000000b4e00000| Complete 
| 847|0x00000000b4f00000, 0x00000000b5000000, 0x00000000b5000000|100%| E|CS|TAMS 0x00000000b4f00000| PB 0x00000000b4f00000| Complete 
| 848|0x00000000b5000000, 0x00000000b5100000, 0x00000000b5100000|100%| E|CS|TAMS 0x00000000b5000000| PB 0x00000000b5000000| Complete 
| 849|0x00000000b5100000, 0x00000000b5200000, 0x00000000b5200000|100%| E|CS|TAMS 0x00000000b5100000| PB 0x00000000b5100000| Complete 
| 850|0x00000000b5200000, 0x00000000b5300000, 0x00000000b5300000|100%| E|CS|TAMS 0x00000000b5200000| PB 0x00000000b5200000| Complete 
| 851|0x00000000b5300000, 0x00000000b5400000, 0x00000000b5400000|100%| E|CS|TAMS 0x00000000b5300000| PB 0x00000000b5300000| Complete 
| 852|0x00000000b5400000, 0x00000000b5500000, 0x00000000b5500000|100%| E|CS|TAMS 0x00000000b5400000| PB 0x00000000b5400000| Complete 
| 853|0x00000000b5500000, 0x00000000b5600000, 0x00000000b5600000|100%| E|CS|TAMS 0x00000000b5500000| PB 0x00000000b5500000| Complete 
| 854|0x00000000b5600000, 0x00000000b5700000, 0x00000000b5700000|100%| E|CS|TAMS 0x00000000b5600000| PB 0x00000000b5600000| Complete 
| 855|0x00000000b5700000, 0x00000000b5800000, 0x00000000b5800000|100%| E|CS|TAMS 0x00000000b5700000| PB 0x00000000b5700000| Complete 
| 856|0x00000000b5800000, 0x00000000b5900000, 0x00000000b5900000|100%| E|CS|TAMS 0x00000000b5800000| PB 0x00000000b5800000| Complete 
| 857|0x00000000b5900000, 0x00000000b5a00000, 0x00000000b5a00000|100%| E|CS|TAMS 0x00000000b5900000| PB 0x00000000b5900000| Complete 
| 858|0x00000000b5a00000, 0x00000000b5b00000, 0x00000000b5b00000|100%| E|CS|TAMS 0x00000000b5a00000| PB 0x00000000b5a00000| Complete 
| 859|0x00000000b5b00000, 0x00000000b5c00000, 0x00000000b5c00000|100%| E|CS|TAMS 0x00000000b5b00000| PB 0x00000000b5b00000| Complete 
| 860|0x00000000b5c00000, 0x00000000b5d00000, 0x00000000b5d00000|100%| E|CS|TAMS 0x00000000b5c00000| PB 0x00000000b5c00000| Complete 
| 861|0x00000000b5d00000, 0x00000000b5e00000, 0x00000000b5e00000|100%| E|CS|TAMS 0x00000000b5d00000| PB 0x00000000b5d00000| Complete 
| 862|0x00000000b5e00000, 0x00000000b5f00000, 0x00000000b5f00000|100%| E|CS|TAMS 0x00000000b5e00000| PB 0x00000000b5e00000| Complete 
| 863|0x00000000b5f00000, 0x00000000b6000000, 0x00000000b6000000|100%| E|CS|TAMS 0x00000000b5f00000| PB 0x00000000b5f00000| Complete 
| 864|0x00000000b6000000, 0x00000000b6100000, 0x00000000b6100000|100%| E|CS|TAMS 0x00000000b6000000| PB 0x00000000b6000000| Complete 
| 865|0x00000000b6100000, 0x00000000b6200000, 0x00000000b6200000|100%| E|CS|TAMS 0x00000000b6100000| PB 0x00000000b6100000| Complete 
| 866|0x00000000b6200000, 0x00000000b6300000, 0x00000000b6300000|100%| E|CS|TAMS 0x00000000b6200000| PB 0x00000000b6200000| Complete 
| 867|0x00000000b6300000, 0x00000000b6400000, 0x00000000b6400000|100%| E|CS|TAMS 0x00000000b6300000| PB 0x00000000b6300000| Complete 
| 868|0x00000000b6400000, 0x00000000b6500000, 0x00000000b6500000|100%| E|CS|TAMS 0x00000000b6400000| PB 0x00000000b6400000| Complete 
| 869|0x00000000b6500000, 0x00000000b6600000, 0x00000000b6600000|100%| E|CS|TAMS 0x00000000b6500000| PB 0x00000000b6500000| Complete 
| 870|0x00000000b6600000, 0x00000000b6700000, 0x00000000b6700000|100%| E|CS|TAMS 0x00000000b6600000| PB 0x00000000b6600000| Complete 
| 871|0x00000000b6700000, 0x00000000b6800000, 0x00000000b6800000|100%| E|CS|TAMS 0x00000000b6700000| PB 0x00000000b6700000| Complete 
| 872|0x00000000b6800000, 0x00000000b6900000, 0x00000000b6900000|100%| E|CS|TAMS 0x00000000b6800000| PB 0x00000000b6800000| Complete 
| 873|0x00000000b6900000, 0x00000000b6a00000, 0x00000000b6a00000|100%| E|CS|TAMS 0x00000000b6900000| PB 0x00000000b6900000| Complete 
| 874|0x00000000b6a00000, 0x00000000b6b00000, 0x00000000b6b00000|100%| E|CS|TAMS 0x00000000b6a00000| PB 0x00000000b6a00000| Complete 
| 875|0x00000000b6b00000, 0x00000000b6c00000, 0x00000000b6c00000|100%| E|CS|TAMS 0x00000000b6b00000| PB 0x00000000b6b00000| Complete 
| 876|0x00000000b6c00000, 0x00000000b6d00000, 0x00000000b6d00000|100%| E|CS|TAMS 0x00000000b6c00000| PB 0x00000000b6c00000| Complete 
| 877|0x00000000b6d00000, 0x00000000b6e00000, 0x00000000b6e00000|100%| E|CS|TAMS 0x00000000b6d00000| PB 0x00000000b6d00000| Complete 
| 878|0x00000000b6e00000, 0x00000000b6f00000, 0x00000000b6f00000|100%| E|CS|TAMS 0x00000000b6e00000| PB 0x00000000b6e00000| Complete 
| 879|0x00000000b6f00000, 0x00000000b7000000, 0x00000000b7000000|100%| E|CS|TAMS 0x00000000b6f00000| PB 0x00000000b6f00000| Complete 
| 880|0x00000000b7000000, 0x00000000b7100000, 0x00000000b7100000|100%| E|CS|TAMS 0x00000000b7000000| PB 0x00000000b7000000| Complete 
| 881|0x00000000b7100000, 0x00000000b7200000, 0x00000000b7200000|100%| E|CS|TAMS 0x00000000b7100000| PB 0x00000000b7100000| Complete 
| 882|0x00000000b7200000, 0x00000000b7300000, 0x00000000b7300000|100%| E|CS|TAMS 0x00000000b7200000| PB 0x00000000b7200000| Complete 
| 883|0x00000000b7300000, 0x00000000b7400000, 0x00000000b7400000|100%| E|CS|TAMS 0x00000000b7300000| PB 0x00000000b7300000| Complete 
| 884|0x00000000b7400000, 0x00000000b7500000, 0x00000000b7500000|100%| E|CS|TAMS 0x00000000b7400000| PB 0x00000000b7400000| Complete 
| 885|0x00000000b7500000, 0x00000000b7600000, 0x00000000b7600000|100%| E|CS|TAMS 0x00000000b7500000| PB 0x00000000b7500000| Complete 
| 886|0x00000000b7600000, 0x00000000b7700000, 0x00000000b7700000|100%| E|CS|TAMS 0x00000000b7600000| PB 0x00000000b7600000| Complete 
| 887|0x00000000b7700000, 0x00000000b7800000, 0x00000000b7800000|100%| E|CS|TAMS 0x00000000b7700000| PB 0x00000000b7700000| Complete 
| 888|0x00000000b7800000, 0x00000000b7900000, 0x00000000b7900000|100%| E|CS|TAMS 0x00000000b7800000| PB 0x00000000b7800000| Complete 
| 889|0x00000000b7900000, 0x00000000b7a00000, 0x00000000b7a00000|100%| E|CS|TAMS 0x00000000b7900000| PB 0x00000000b7900000| Complete 
| 890|0x00000000b7a00000, 0x00000000b7b00000, 0x00000000b7b00000|100%| E|CS|TAMS 0x00000000b7a00000| PB 0x00000000b7a00000| Complete 
| 891|0x00000000b7b00000, 0x00000000b7c00000, 0x00000000b7c00000|100%| E|CS|TAMS 0x00000000b7b00000| PB 0x00000000b7b00000| Complete 
| 892|0x00000000b7c00000, 0x00000000b7d00000, 0x00000000b7d00000|100%| E|CS|TAMS 0x00000000b7c00000| PB 0x00000000b7c00000| Complete 
| 893|0x00000000b7d00000, 0x00000000b7e00000, 0x00000000b7e00000|100%| E|CS|TAMS 0x00000000b7d00000| PB 0x00000000b7d00000| Complete 
| 894|0x00000000b7e00000, 0x00000000b7f00000, 0x00000000b7f00000|100%| E|CS|TAMS 0x00000000b7e00000| PB 0x00000000b7e00000| Complete 
| 895|0x00000000b7f00000, 0x00000000b8000000, 0x00000000b8000000|100%| E|CS|TAMS 0x00000000b7f00000| PB 0x00000000b7f00000| Complete 
| 896|0x00000000b8000000, 0x00000000b8100000, 0x00000000b8100000|100%| E|CS|TAMS 0x00000000b8000000| PB 0x00000000b8000000| Complete 
| 897|0x00000000b8100000, 0x00000000b8200000, 0x00000000b8200000|100%| E|CS|TAMS 0x00000000b8100000| PB 0x00000000b8100000| Complete 
| 898|0x00000000b8200000, 0x00000000b8300000, 0x00000000b8300000|100%| E|CS|TAMS 0x00000000b8200000| PB 0x00000000b8200000| Complete 
| 899|0x00000000b8300000, 0x00000000b8400000, 0x00000000b8400000|100%| E|CS|TAMS 0x00000000b8300000| PB 0x00000000b8300000| Complete 
| 900|0x00000000b8400000, 0x00000000b8500000, 0x00000000b8500000|100%| E|CS|TAMS 0x00000000b8400000| PB 0x00000000b8400000| Complete 
| 901|0x00000000b8500000, 0x00000000b8600000, 0x00000000b8600000|100%| E|CS|TAMS 0x00000000b8500000| PB 0x00000000b8500000| Complete 
| 902|0x00000000b8600000, 0x00000000b8700000, 0x00000000b8700000|100%| E|CS|TAMS 0x00000000b8600000| PB 0x00000000b8600000| Complete 
| 903|0x00000000b8700000, 0x00000000b8800000, 0x00000000b8800000|100%| E|CS|TAMS 0x00000000b8700000| PB 0x00000000b8700000| Complete 
| 904|0x00000000b8800000, 0x00000000b8900000, 0x00000000b8900000|100%| E|CS|TAMS 0x00000000b8800000| PB 0x00000000b8800000| Complete 
| 905|0x00000000b8900000, 0x00000000b8a00000, 0x00000000b8a00000|100%| E|CS|TAMS 0x00000000b8900000| PB 0x00000000b8900000| Complete 
| 906|0x00000000b8a00000, 0x00000000b8b00000, 0x00000000b8b00000|100%| E|CS|TAMS 0x00000000b8a00000| PB 0x00000000b8a00000| Complete 
| 907|0x00000000b8b00000, 0x00000000b8c00000, 0x00000000b8c00000|100%| E|CS|TAMS 0x00000000b8b00000| PB 0x00000000b8b00000| Complete 
| 908|0x00000000b8c00000, 0x00000000b8d00000, 0x00000000b8d00000|100%| E|CS|TAMS 0x00000000b8c00000| PB 0x00000000b8c00000| Complete 
| 909|0x00000000b8d00000, 0x00000000b8e00000, 0x00000000b8e00000|100%| E|CS|TAMS 0x00000000b8d00000| PB 0x00000000b8d00000| Complete 
| 910|0x00000000b8e00000, 0x00000000b8f00000, 0x00000000b8f00000|100%| E|CS|TAMS 0x00000000b8e00000| PB 0x00000000b8e00000| Complete 
| 911|0x00000000b8f00000, 0x00000000b9000000, 0x00000000b9000000|100%| E|CS|TAMS 0x00000000b8f00000| PB 0x00000000b8f00000| Complete 
| 912|0x00000000b9000000, 0x00000000b9100000, 0x00000000b9100000|100%| E|CS|TAMS 0x00000000b9000000| PB 0x00000000b9000000| Complete 
| 913|0x00000000b9100000, 0x00000000b9200000, 0x00000000b9200000|100%| E|CS|TAMS 0x00000000b9100000| PB 0x00000000b9100000| Complete 
| 914|0x00000000b9200000, 0x00000000b9300000, 0x00000000b9300000|100%| E|CS|TAMS 0x00000000b9200000| PB 0x00000000b9200000| Complete 
| 915|0x00000000b9300000, 0x00000000b9400000, 0x00000000b9400000|100%| E|CS|TAMS 0x00000000b9300000| PB 0x00000000b9300000| Complete 
| 916|0x00000000b9400000, 0x00000000b9500000, 0x00000000b9500000|100%| E|CS|TAMS 0x00000000b9400000| PB 0x00000000b9400000| Complete 
| 917|0x00000000b9500000, 0x00000000b9600000, 0x00000000b9600000|100%| E|CS|TAMS 0x00000000b9500000| PB 0x00000000b9500000| Complete 
| 918|0x00000000b9600000, 0x00000000b9700000, 0x00000000b9700000|100%| E|CS|TAMS 0x00000000b9600000| PB 0x00000000b9600000| Complete 
| 919|0x00000000b9700000, 0x00000000b9800000, 0x00000000b9800000|100%| E|CS|TAMS 0x00000000b9700000| PB 0x00000000b9700000| Complete 
| 920|0x00000000b9800000, 0x00000000b9900000, 0x00000000b9900000|100%| E|CS|TAMS 0x00000000b9800000| PB 0x00000000b9800000| Complete 
| 921|0x00000000b9900000, 0x00000000b9a00000, 0x00000000b9a00000|100%| E|CS|TAMS 0x00000000b9900000| PB 0x00000000b9900000| Complete 
| 922|0x00000000b9a00000, 0x00000000b9b00000, 0x00000000b9b00000|100%| E|CS|TAMS 0x00000000b9a00000| PB 0x00000000b9a00000| Complete 
| 923|0x00000000b9b00000, 0x00000000b9c00000, 0x00000000b9c00000|100%| E|CS|TAMS 0x00000000b9b00000| PB 0x00000000b9b00000| Complete 
| 924|0x00000000b9c00000, 0x00000000b9d00000, 0x00000000b9d00000|100%| E|CS|TAMS 0x00000000b9c00000| PB 0x00000000b9c00000| Complete 
| 925|0x00000000b9d00000, 0x00000000b9e00000, 0x00000000b9e00000|100%| E|CS|TAMS 0x00000000b9d00000| PB 0x00000000b9d00000| Complete 
| 926|0x00000000b9e00000, 0x00000000b9f00000, 0x00000000b9f00000|100%| E|CS|TAMS 0x00000000b9e00000| PB 0x00000000b9e00000| Complete 
| 927|0x00000000b9f00000, 0x00000000ba000000, 0x00000000ba000000|100%| E|CS|TAMS 0x00000000b9f00000| PB 0x00000000b9f00000| Complete 
| 928|0x00000000ba000000, 0x00000000ba100000, 0x00000000ba100000|100%| E|CS|TAMS 0x00000000ba000000| PB 0x00000000ba000000| Complete 
| 929|0x00000000ba100000, 0x00000000ba200000, 0x00000000ba200000|100%| E|CS|TAMS 0x00000000ba100000| PB 0x00000000ba100000| Complete 
| 930|0x00000000ba200000, 0x00000000ba300000, 0x00000000ba300000|100%| E|CS|TAMS 0x00000000ba200000| PB 0x00000000ba200000| Complete 
| 931|0x00000000ba300000, 0x00000000ba400000, 0x00000000ba400000|100%| E|CS|TAMS 0x00000000ba300000| PB 0x00000000ba300000| Complete 
| 932|0x00000000ba400000, 0x00000000ba500000, 0x00000000ba500000|100%| E|CS|TAMS 0x00000000ba400000| PB 0x00000000ba400000| Complete 
| 933|0x00000000ba500000, 0x00000000ba600000, 0x00000000ba600000|100%| E|CS|TAMS 0x00000000ba500000| PB 0x00000000ba500000| Complete 
| 934|0x00000000ba600000, 0x00000000ba700000, 0x00000000ba700000|100%| E|CS|TAMS 0x00000000ba600000| PB 0x00000000ba600000| Complete 
| 935|0x00000000ba700000, 0x00000000ba800000, 0x00000000ba800000|100%| E|CS|TAMS 0x00000000ba700000| PB 0x00000000ba700000| Complete 
| 936|0x00000000ba800000, 0x00000000ba900000, 0x00000000ba900000|100%| E|CS|TAMS 0x00000000ba800000| PB 0x00000000ba800000| Complete 
| 937|0x00000000ba900000, 0x00000000baa00000, 0x00000000baa00000|100%| E|CS|TAMS 0x00000000ba900000| PB 0x00000000ba900000| Complete 
| 938|0x00000000baa00000, 0x00000000bab00000, 0x00000000bab00000|100%| E|CS|TAMS 0x00000000baa00000| PB 0x00000000baa00000| Complete 
| 939|0x00000000bab00000, 0x00000000bac00000, 0x00000000bac00000|100%| E|CS|TAMS 0x00000000bab00000| PB 0x00000000bab00000| Complete 
| 940|0x00000000bac00000, 0x00000000bad00000, 0x00000000bad00000|100%| E|CS|TAMS 0x00000000bac00000| PB 0x00000000bac00000| Complete 
| 941|0x00000000bad00000, 0x00000000bae00000, 0x00000000bae00000|100%| E|CS|TAMS 0x00000000bad00000| PB 0x00000000bad00000| Complete 
| 942|0x00000000bae00000, 0x00000000baf00000, 0x00000000baf00000|100%| E|CS|TAMS 0x00000000bae00000| PB 0x00000000bae00000| Complete 
| 943|0x00000000baf00000, 0x00000000bb000000, 0x00000000bb000000|100%| E|CS|TAMS 0x00000000baf00000| PB 0x00000000baf00000| Complete 
| 944|0x00000000bb000000, 0x00000000bb100000, 0x00000000bb100000|100%| E|CS|TAMS 0x00000000bb000000| PB 0x00000000bb000000| Complete 
| 945|0x00000000bb100000, 0x00000000bb200000, 0x00000000bb200000|100%| E|CS|TAMS 0x00000000bb100000| PB 0x00000000bb100000| Complete 
| 946|0x00000000bb200000, 0x00000000bb300000, 0x00000000bb300000|100%| E|CS|TAMS 0x00000000bb200000| PB 0x00000000bb200000| Complete 
| 947|0x00000000bb300000, 0x00000000bb400000, 0x00000000bb400000|100%| E|CS|TAMS 0x00000000bb300000| PB 0x00000000bb300000| Complete 
| 948|0x00000000bb400000, 0x00000000bb500000, 0x00000000bb500000|100%| E|CS|TAMS 0x00000000bb400000| PB 0x00000000bb400000| Complete 
| 949|0x00000000bb500000, 0x00000000bb600000, 0x00000000bb600000|100%| E|CS|TAMS 0x00000000bb500000| PB 0x00000000bb500000| Complete 
| 950|0x00000000bb600000, 0x00000000bb700000, 0x00000000bb700000|100%| E|CS|TAMS 0x00000000bb600000| PB 0x00000000bb600000| Complete 
| 951|0x00000000bb700000, 0x00000000bb800000, 0x00000000bb800000|100%| E|CS|TAMS 0x00000000bb700000| PB 0x00000000bb700000| Complete 
| 952|0x00000000bb800000, 0x00000000bb900000, 0x00000000bb900000|100%| E|CS|TAMS 0x00000000bb800000| PB 0x00000000bb800000| Complete 
| 953|0x00000000bb900000, 0x00000000bba00000, 0x00000000bba00000|100%| E|CS|TAMS 0x00000000bb900000| PB 0x00000000bb900000| Complete 
| 954|0x00000000bba00000, 0x00000000bbb00000, 0x00000000bbb00000|100%| E|CS|TAMS 0x00000000bba00000| PB 0x00000000bba00000| Complete 
| 955|0x00000000bbb00000, 0x00000000bbc00000, 0x00000000bbc00000|100%| E|CS|TAMS 0x00000000bbb00000| PB 0x00000000bbb00000| Complete 
| 956|0x00000000bbc00000, 0x00000000bbd00000, 0x00000000bbd00000|100%| E|CS|TAMS 0x00000000bbc00000| PB 0x00000000bbc00000| Complete 
| 957|0x00000000bbd00000, 0x00000000bbe00000, 0x00000000bbe00000|100%| E|CS|TAMS 0x00000000bbd00000| PB 0x00000000bbd00000| Complete 
| 958|0x00000000bbe00000, 0x00000000bbf00000, 0x00000000bbf00000|100%| E|CS|TAMS 0x00000000bbe00000| PB 0x00000000bbe00000| Complete 
| 959|0x00000000bbf00000, 0x00000000bc000000, 0x00000000bc000000|100%| E|CS|TAMS 0x00000000bbf00000| PB 0x00000000bbf00000| Complete 
| 960|0x00000000bc000000, 0x00000000bc100000, 0x00000000bc100000|100%| E|CS|TAMS 0x00000000bc000000| PB 0x00000000bc000000| Complete 
| 961|0x00000000bc100000, 0x00000000bc200000, 0x00000000bc200000|100%| E|CS|TAMS 0x00000000bc100000| PB 0x00000000bc100000| Complete 
| 962|0x00000000bc200000, 0x00000000bc300000, 0x00000000bc300000|100%| E|CS|TAMS 0x00000000bc200000| PB 0x00000000bc200000| Complete 
| 963|0x00000000bc300000, 0x00000000bc400000, 0x00000000bc400000|100%| E|CS|TAMS 0x00000000bc300000| PB 0x00000000bc300000| Complete 
| 964|0x00000000bc400000, 0x00000000bc500000, 0x00000000bc500000|100%| E|CS|TAMS 0x00000000bc400000| PB 0x00000000bc400000| Complete 
| 965|0x00000000bc500000, 0x00000000bc600000, 0x00000000bc600000|100%| E|CS|TAMS 0x00000000bc500000| PB 0x00000000bc500000| Complete 
| 966|0x00000000bc600000, 0x00000000bc700000, 0x00000000bc700000|100%| E|CS|TAMS 0x00000000bc600000| PB 0x00000000bc600000| Complete 
| 967|0x00000000bc700000, 0x00000000bc800000, 0x00000000bc800000|100%| E|CS|TAMS 0x00000000bc700000| PB 0x00000000bc700000| Complete 
| 968|0x00000000bc800000, 0x00000000bc900000, 0x00000000bc900000|100%| E|CS|TAMS 0x00000000bc800000| PB 0x00000000bc800000| Complete 
| 969|0x00000000bc900000, 0x00000000bca00000, 0x00000000bca00000|100%| E|CS|TAMS 0x00000000bc900000| PB 0x00000000bc900000| Complete 
| 970|0x00000000bca00000, 0x00000000bcb00000, 0x00000000bcb00000|100%| E|CS|TAMS 0x00000000bca00000| PB 0x00000000bca00000| Complete 
| 971|0x00000000bcb00000, 0x00000000bcc00000, 0x00000000bcc00000|100%| E|CS|TAMS 0x00000000bcb00000| PB 0x00000000bcb00000| Complete 
| 972|0x00000000bcc00000, 0x00000000bcd00000, 0x00000000bcd00000|100%| E|CS|TAMS 0x00000000bcc00000| PB 0x00000000bcc00000| Complete 
| 973|0x00000000bcd00000, 0x00000000bce00000, 0x00000000bce00000|100%| E|CS|TAMS 0x00000000bcd00000| PB 0x00000000bcd00000| Complete 
| 974|0x00000000bce00000, 0x00000000bcf00000, 0x00000000bcf00000|100%| E|CS|TAMS 0x00000000bce00000| PB 0x00000000bce00000| Complete 
| 975|0x00000000bcf00000, 0x00000000bd000000, 0x00000000bd000000|100%| E|CS|TAMS 0x00000000bcf00000| PB 0x00000000bcf00000| Complete 
| 976|0x00000000bd000000, 0x00000000bd100000, 0x00000000bd100000|100%| E|CS|TAMS 0x00000000bd000000| PB 0x00000000bd000000| Complete 
| 977|0x00000000bd100000, 0x00000000bd200000, 0x00000000bd200000|100%| E|CS|TAMS 0x00000000bd100000| PB 0x00000000bd100000| Complete 
| 978|0x00000000bd200000, 0x00000000bd300000, 0x00000000bd300000|100%| E|CS|TAMS 0x00000000bd200000| PB 0x00000000bd200000| Complete 
| 979|0x00000000bd300000, 0x00000000bd400000, 0x00000000bd400000|100%| E|CS|TAMS 0x00000000bd300000| PB 0x00000000bd300000| Complete 
| 980|0x00000000bd400000, 0x00000000bd500000, 0x00000000bd500000|100%| E|CS|TAMS 0x00000000bd400000| PB 0x00000000bd400000| Complete 
| 981|0x00000000bd500000, 0x00000000bd600000, 0x00000000bd600000|100%| E|CS|TAMS 0x00000000bd500000| PB 0x00000000bd500000| Complete 
| 982|0x00000000bd600000, 0x00000000bd700000, 0x00000000bd700000|100%| E|CS|TAMS 0x00000000bd600000| PB 0x00000000bd600000| Complete 
| 983|0x00000000bd700000, 0x00000000bd800000, 0x00000000bd800000|100%| E|CS|TAMS 0x00000000bd700000| PB 0x00000000bd700000| Complete 
| 984|0x00000000bd800000, 0x00000000bd900000, 0x00000000bd900000|100%| E|CS|TAMS 0x00000000bd800000| PB 0x00000000bd800000| Complete 
| 985|0x00000000bd900000, 0x00000000bda00000, 0x00000000bda00000|100%| E|CS|TAMS 0x00000000bd900000| PB 0x00000000bd900000| Complete 
| 986|0x00000000bda00000, 0x00000000bdb00000, 0x00000000bdb00000|100%| E|CS|TAMS 0x00000000bda00000| PB 0x00000000bda00000| Complete 
| 987|0x00000000bdb00000, 0x00000000bdc00000, 0x00000000bdc00000|100%| E|CS|TAMS 0x00000000bdb00000| PB 0x00000000bdb00000| Complete 
| 988|0x00000000bdc00000, 0x00000000bdd00000, 0x00000000bdd00000|100%| E|CS|TAMS 0x00000000bdc00000| PB 0x00000000bdc00000| Complete 
| 989|0x00000000bdd00000, 0x00000000bde00000, 0x00000000bde00000|100%| E|CS|TAMS 0x00000000bdd00000| PB 0x00000000bdd00000| Complete 
| 990|0x00000000bde00000, 0x00000000bdf00000, 0x00000000bdf00000|100%| E|CS|TAMS 0x00000000bde00000| PB 0x00000000bde00000| Complete 
| 991|0x00000000bdf00000, 0x00000000be000000, 0x00000000be000000|100%| E|CS|TAMS 0x00000000bdf00000| PB 0x00000000bdf00000| Complete 
| 992|0x00000000be000000, 0x00000000be100000, 0x00000000be100000|100%| E|CS|TAMS 0x00000000be000000| PB 0x00000000be000000| Complete 
| 993|0x00000000be100000, 0x00000000be200000, 0x00000000be200000|100%| E|CS|TAMS 0x00000000be100000| PB 0x00000000be100000| Complete 
| 994|0x00000000be200000, 0x00000000be300000, 0x00000000be300000|100%| E|CS|TAMS 0x00000000be200000| PB 0x00000000be200000| Complete 
| 995|0x00000000be300000, 0x00000000be400000, 0x00000000be400000|100%| E|CS|TAMS 0x00000000be300000| PB 0x00000000be300000| Complete 
| 996|0x00000000be400000, 0x00000000be500000, 0x00000000be500000|100%| E|CS|TAMS 0x00000000be400000| PB 0x00000000be400000| Complete 
| 997|0x00000000be500000, 0x00000000be600000, 0x00000000be600000|100%| E|CS|TAMS 0x00000000be500000| PB 0x00000000be500000| Complete 
| 998|0x00000000be600000, 0x00000000be700000, 0x00000000be700000|100%| E|CS|TAMS 0x00000000be600000| PB 0x00000000be600000| Complete 
| 999|0x00000000be700000, 0x00000000be800000, 0x00000000be800000|100%| E|CS|TAMS 0x00000000be700000| PB 0x00000000be700000| Complete 
|1000|0x00000000be800000, 0x00000000be900000, 0x00000000be900000|100%| E|CS|TAMS 0x00000000be800000| PB 0x00000000be800000| Complete 
|1001|0x00000000be900000, 0x00000000bea00000, 0x00000000bea00000|100%| E|CS|TAMS 0x00000000be900000| PB 0x00000000be900000| Complete 
|1002|0x00000000bea00000, 0x00000000beb00000, 0x00000000beb00000|100%| E|CS|TAMS 0x00000000bea00000| PB 0x00000000bea00000| Complete 
|1003|0x00000000beb00000, 0x00000000bec00000, 0x00000000bec00000|100%| E|CS|TAMS 0x00000000beb00000| PB 0x00000000beb00000| Complete 
|1004|0x00000000bec00000, 0x00000000bed00000, 0x00000000bed00000|100%| E|CS|TAMS 0x00000000bec00000| PB 0x00000000bec00000| Complete 
|1005|0x00000000bed00000, 0x00000000bee00000, 0x00000000bee00000|100%| E|CS|TAMS 0x00000000bed00000| PB 0x00000000bed00000| Complete 
|1006|0x00000000bee00000, 0x00000000bef00000, 0x00000000bef00000|100%| E|CS|TAMS 0x00000000bee00000| PB 0x00000000bee00000| Complete 
|1007|0x00000000bef00000, 0x00000000bf000000, 0x00000000bf000000|100%| E|CS|TAMS 0x00000000bef00000| PB 0x00000000bef00000| Complete 
|1008|0x00000000bf000000, 0x00000000bf100000, 0x00000000bf100000|100%| E|CS|TAMS 0x00000000bf000000| PB 0x00000000bf000000| Complete 
|1009|0x00000000bf100000, 0x00000000bf200000, 0x00000000bf200000|100%| E|CS|TAMS 0x00000000bf100000| PB 0x00000000bf100000| Complete 
|1010|0x00000000bf200000, 0x00000000bf300000, 0x00000000bf300000|100%| E|CS|TAMS 0x00000000bf200000| PB 0x00000000bf200000| Complete 
|1011|0x00000000bf300000, 0x00000000bf400000, 0x00000000bf400000|100%| E|CS|TAMS 0x00000000bf300000| PB 0x00000000bf300000| Complete 
|1012|0x00000000bf400000, 0x00000000bf500000, 0x00000000bf500000|100%| E|CS|TAMS 0x00000000bf400000| PB 0x00000000bf400000| Complete 
|1013|0x00000000bf500000, 0x00000000bf600000, 0x00000000bf600000|100%| E|CS|TAMS 0x00000000bf500000| PB 0x00000000bf500000| Complete 
|1014|0x00000000bf600000, 0x00000000bf700000, 0x00000000bf700000|100%| E|CS|TAMS 0x00000000bf600000| PB 0x00000000bf600000| Complete 
|1015|0x00000000bf700000, 0x00000000bf800000, 0x00000000bf800000|100%| E|CS|TAMS 0x00000000bf700000| PB 0x00000000bf700000| Complete 
|1016|0x00000000bf800000, 0x00000000bf900000, 0x00000000bf900000|100%| E|CS|TAMS 0x00000000bf800000| PB 0x00000000bf800000| Complete 
|1017|0x00000000bf900000, 0x00000000bfa00000, 0x00000000bfa00000|100%| E|CS|TAMS 0x00000000bf900000| PB 0x00000000bf900000| Complete 
|1018|0x00000000bfa00000, 0x00000000bfb00000, 0x00000000bfb00000|100%| E|CS|TAMS 0x00000000bfa00000| PB 0x00000000bfa00000| Complete 
|1019|0x00000000bfb00000, 0x00000000bfc00000, 0x00000000bfc00000|100%| E|CS|TAMS 0x00000000bfb00000| PB 0x00000000bfb00000| Complete 
|1020|0x00000000bfc00000, 0x00000000bfd00000, 0x00000000bfd00000|100%| E|CS|TAMS 0x00000000bfc00000| PB 0x00000000bfc00000| Complete 
|1021|0x00000000bfd00000, 0x00000000bfe00000, 0x00000000bfe00000|100%| E|CS|TAMS 0x00000000bfd00000| PB 0x00000000bfd00000| Complete 
|1022|0x00000000bfe00000, 0x00000000bff00000, 0x00000000bff00000|100%| E|CS|TAMS 0x00000000bfe00000| PB 0x00000000bfe00000| Complete 
|1023|0x00000000bff00000, 0x00000000c0000000, 0x00000000c0000000|100%| E|CS|TAMS 0x00000000bff00000| PB 0x00000000bff00000| Complete 
|1024|0x00000000c0000000, 0x00000000c0100000, 0x00000000c0100000|100%| E|CS|TAMS 0x00000000c0000000| PB 0x00000000c0000000| Complete 
|1025|0x00000000c0100000, 0x00000000c0200000, 0x00000000c0200000|100%| E|CS|TAMS 0x00000000c0100000| PB 0x00000000c0100000| Complete 
|1026|0x00000000c0200000, 0x00000000c0300000, 0x00000000c0300000|100%| E|CS|TAMS 0x00000000c0200000| PB 0x00000000c0200000| Complete 
|1027|0x00000000c0300000, 0x00000000c0400000, 0x00000000c0400000|100%| E|CS|TAMS 0x00000000c0300000| PB 0x00000000c0300000| Complete 
|1028|0x00000000c0400000, 0x00000000c0500000, 0x00000000c0500000|100%| E|CS|TAMS 0x00000000c0400000| PB 0x00000000c0400000| Complete 
|1029|0x00000000c0500000, 0x00000000c0600000, 0x00000000c0600000|100%| E|CS|TAMS 0x00000000c0500000| PB 0x00000000c0500000| Complete 
|1030|0x00000000c0600000, 0x00000000c0700000, 0x00000000c0700000|100%| E|CS|TAMS 0x00000000c0600000| PB 0x00000000c0600000| Complete 
|1031|0x00000000c0700000, 0x00000000c0800000, 0x00000000c0800000|100%| E|CS|TAMS 0x00000000c0700000| PB 0x00000000c0700000| Complete 
|1032|0x00000000c0800000, 0x00000000c0900000, 0x00000000c0900000|100%| E|CS|TAMS 0x00000000c0800000| PB 0x00000000c0800000| Complete 
|1033|0x00000000c0900000, 0x00000000c0a00000, 0x00000000c0a00000|100%| E|CS|TAMS 0x00000000c0900000| PB 0x00000000c0900000| Complete 
|1034|0x00000000c0a00000, 0x00000000c0b00000, 0x00000000c0b00000|100%| E|CS|TAMS 0x00000000c0a00000| PB 0x00000000c0a00000| Complete 
|1035|0x00000000c0b00000, 0x00000000c0c00000, 0x00000000c0c00000|100%| E|CS|TAMS 0x00000000c0b00000| PB 0x00000000c0b00000| Complete 
|1036|0x00000000c0c00000, 0x00000000c0d00000, 0x00000000c0d00000|100%| E|CS|TAMS 0x00000000c0c00000| PB 0x00000000c0c00000| Complete 
|1037|0x00000000c0d00000, 0x00000000c0e00000, 0x00000000c0e00000|100%| E|CS|TAMS 0x00000000c0d00000| PB 0x00000000c0d00000| Complete 
|1038|0x00000000c0e00000, 0x00000000c0f00000, 0x00000000c0f00000|100%| E|CS|TAMS 0x00000000c0e00000| PB 0x00000000c0e00000| Complete 
|1039|0x00000000c0f00000, 0x00000000c1000000, 0x00000000c1000000|100%| E|CS|TAMS 0x00000000c0f00000| PB 0x00000000c0f00000| Complete 
|1040|0x00000000c1000000, 0x00000000c1100000, 0x00000000c1100000|100%| E|CS|TAMS 0x00000000c1000000| PB 0x00000000c1000000| Complete 
|1041|0x00000000c1100000, 0x00000000c1200000, 0x00000000c1200000|100%| E|CS|TAMS 0x00000000c1100000| PB 0x00000000c1100000| Complete 
|1042|0x00000000c1200000, 0x00000000c1300000, 0x00000000c1300000|100%| E|CS|TAMS 0x00000000c1200000| PB 0x00000000c1200000| Complete 
|1043|0x00000000c1300000, 0x00000000c1400000, 0x00000000c1400000|100%| E|CS|TAMS 0x00000000c1300000| PB 0x00000000c1300000| Complete 
|1044|0x00000000c1400000, 0x00000000c1500000, 0x00000000c1500000|100%| E|CS|TAMS 0x00000000c1400000| PB 0x00000000c1400000| Complete 
|1045|0x00000000c1500000, 0x00000000c1600000, 0x00000000c1600000|100%| E|CS|TAMS 0x00000000c1500000| PB 0x00000000c1500000| Complete 
|1046|0x00000000c1600000, 0x00000000c1700000, 0x00000000c1700000|100%| E|CS|TAMS 0x00000000c1600000| PB 0x00000000c1600000| Complete 
|1047|0x00000000c1700000, 0x00000000c1800000, 0x00000000c1800000|100%| E|CS|TAMS 0x00000000c1700000| PB 0x00000000c1700000| Complete 
|1048|0x00000000c1800000, 0x00000000c1900000, 0x00000000c1900000|100%| E|CS|TAMS 0x00000000c1800000| PB 0x00000000c1800000| Complete 
|1049|0x00000000c1900000, 0x00000000c1a00000, 0x00000000c1a00000|100%| E|CS|TAMS 0x00000000c1900000| PB 0x00000000c1900000| Complete 
|1050|0x00000000c1a00000, 0x00000000c1b00000, 0x00000000c1b00000|100%| E|CS|TAMS 0x00000000c1a00000| PB 0x00000000c1a00000| Complete 
|1051|0x00000000c1b00000, 0x00000000c1c00000, 0x00000000c1c00000|100%| E|CS|TAMS 0x00000000c1b00000| PB 0x00000000c1b00000| Complete 
|1052|0x00000000c1c00000, 0x00000000c1d00000, 0x00000000c1d00000|100%| E|CS|TAMS 0x00000000c1c00000| PB 0x00000000c1c00000| Complete 
|1053|0x00000000c1d00000, 0x00000000c1e00000, 0x00000000c1e00000|100%| E|CS|TAMS 0x00000000c1d00000| PB 0x00000000c1d00000| Complete 
|1054|0x00000000c1e00000, 0x00000000c1f00000, 0x00000000c1f00000|100%| E|CS|TAMS 0x00000000c1e00000| PB 0x00000000c1e00000| Complete 
|1055|0x00000000c1f00000, 0x00000000c2000000, 0x00000000c2000000|100%| E|CS|TAMS 0x00000000c1f00000| PB 0x00000000c1f00000| Complete 
|1056|0x00000000c2000000, 0x00000000c2100000, 0x00000000c2100000|100%| E|CS|TAMS 0x00000000c2000000| PB 0x00000000c2000000| Complete 
|1057|0x00000000c2100000, 0x00000000c2200000, 0x00000000c2200000|100%| E|CS|TAMS 0x00000000c2100000| PB 0x00000000c2100000| Complete 
|1058|0x00000000c2200000, 0x00000000c2300000, 0x00000000c2300000|100%| E|CS|TAMS 0x00000000c2200000| PB 0x00000000c2200000| Complete 
|1059|0x00000000c2300000, 0x00000000c2400000, 0x00000000c2400000|100%| E|CS|TAMS 0x00000000c2300000| PB 0x00000000c2300000| Complete 
|1060|0x00000000c2400000, 0x00000000c2500000, 0x00000000c2500000|100%| E|CS|TAMS 0x00000000c2400000| PB 0x00000000c2400000| Complete 
|1061|0x00000000c2500000, 0x00000000c2600000, 0x00000000c2600000|100%| E|CS|TAMS 0x00000000c2500000| PB 0x00000000c2500000| Complete 
|1062|0x00000000c2600000, 0x00000000c2700000, 0x00000000c2700000|100%| E|CS|TAMS 0x00000000c2600000| PB 0x00000000c2600000| Complete 
|1063|0x00000000c2700000, 0x00000000c2800000, 0x00000000c2800000|100%| E|CS|TAMS 0x00000000c2700000| PB 0x00000000c2700000| Complete 
|1064|0x00000000c2800000, 0x00000000c2900000, 0x00000000c2900000|100%| E|CS|TAMS 0x00000000c2800000| PB 0x00000000c2800000| Complete 
|1065|0x00000000c2900000, 0x00000000c2a00000, 0x00000000c2a00000|100%| E|CS|TAMS 0x00000000c2900000| PB 0x00000000c2900000| Complete 
|1066|0x00000000c2a00000, 0x00000000c2b00000, 0x00000000c2b00000|100%| E|CS|TAMS 0x00000000c2a00000| PB 0x00000000c2a00000| Complete 
|1067|0x00000000c2b00000, 0x00000000c2c00000, 0x00000000c2c00000|100%| E|CS|TAMS 0x00000000c2b00000| PB 0x00000000c2b00000| Complete 
|1068|0x00000000c2c00000, 0x00000000c2d00000, 0x00000000c2d00000|100%| E|CS|TAMS 0x00000000c2c00000| PB 0x00000000c2c00000| Complete 
|1069|0x00000000c2d00000, 0x00000000c2e00000, 0x00000000c2e00000|100%| E|CS|TAMS 0x00000000c2d00000| PB 0x00000000c2d00000| Complete 
|1070|0x00000000c2e00000, 0x00000000c2f00000, 0x00000000c2f00000|100%| E|CS|TAMS 0x00000000c2e00000| PB 0x00000000c2e00000| Complete 
|1071|0x00000000c2f00000, 0x00000000c3000000, 0x00000000c3000000|100%| E|CS|TAMS 0x00000000c2f00000| PB 0x00000000c2f00000| Complete 
|1072|0x00000000c3000000, 0x00000000c3100000, 0x00000000c3100000|100%| E|CS|TAMS 0x00000000c3000000| PB 0x00000000c3000000| Complete 
|1073|0x00000000c3100000, 0x00000000c3200000, 0x00000000c3200000|100%| E|CS|TAMS 0x00000000c3100000| PB 0x00000000c3100000| Complete 
|1074|0x00000000c3200000, 0x00000000c3300000, 0x00000000c3300000|100%| E|CS|TAMS 0x00000000c3200000| PB 0x00000000c3200000| Complete 
|1075|0x00000000c3300000, 0x00000000c3400000, 0x00000000c3400000|100%| E|CS|TAMS 0x00000000c3300000| PB 0x00000000c3300000| Complete 
|1076|0x00000000c3400000, 0x00000000c3500000, 0x00000000c3500000|100%| E|CS|TAMS 0x00000000c3400000| PB 0x00000000c3400000| Complete 
|1077|0x00000000c3500000, 0x00000000c3600000, 0x00000000c3600000|100%| E|CS|TAMS 0x00000000c3500000| PB 0x00000000c3500000| Complete 
|1078|0x00000000c3600000, 0x00000000c3700000, 0x00000000c3700000|100%| E|CS|TAMS 0x00000000c3600000| PB 0x00000000c3600000| Complete 
|1079|0x00000000c3700000, 0x00000000c3800000, 0x00000000c3800000|100%| E|CS|TAMS 0x00000000c3700000| PB 0x00000000c3700000| Complete 
|1080|0x00000000c3800000, 0x00000000c3900000, 0x00000000c3900000|100%| E|CS|TAMS 0x00000000c3800000| PB 0x00000000c3800000| Complete 
|1081|0x00000000c3900000, 0x00000000c3a00000, 0x00000000c3a00000|100%| E|CS|TAMS 0x00000000c3900000| PB 0x00000000c3900000| Complete 
|1082|0x00000000c3a00000, 0x00000000c3b00000, 0x00000000c3b00000|100%| E|CS|TAMS 0x00000000c3a00000| PB 0x00000000c3a00000| Complete 
|1083|0x00000000c3b00000, 0x00000000c3c00000, 0x00000000c3c00000|100%| E|CS|TAMS 0x00000000c3b00000| PB 0x00000000c3b00000| Complete 
|1084|0x00000000c3c00000, 0x00000000c3d00000, 0x00000000c3d00000|100%| E|CS|TAMS 0x00000000c3c00000| PB 0x00000000c3c00000| Complete 
|1085|0x00000000c3d00000, 0x00000000c3e00000, 0x00000000c3e00000|100%| E|CS|TAMS 0x00000000c3d00000| PB 0x00000000c3d00000| Complete 
|1086|0x00000000c3e00000, 0x00000000c3f00000, 0x00000000c3f00000|100%| E|CS|TAMS 0x00000000c3e00000| PB 0x00000000c3e00000| Complete 
|1087|0x00000000c3f00000, 0x00000000c4000000, 0x00000000c4000000|100%| E|CS|TAMS 0x00000000c3f00000| PB 0x00000000c3f00000| Complete 
|1088|0x00000000c4000000, 0x00000000c4100000, 0x00000000c4100000|100%| E|CS|TAMS 0x00000000c4000000| PB 0x00000000c4000000| Complete 
|1089|0x00000000c4100000, 0x00000000c4200000, 0x00000000c4200000|100%| E|CS|TAMS 0x00000000c4100000| PB 0x00000000c4100000| Complete 
|1090|0x00000000c4200000, 0x00000000c4300000, 0x00000000c4300000|100%| E|CS|TAMS 0x00000000c4200000| PB 0x00000000c4200000| Complete 
|1091|0x00000000c4300000, 0x00000000c4400000, 0x00000000c4400000|100%| E|CS|TAMS 0x00000000c4300000| PB 0x00000000c4300000| Complete 
|1092|0x00000000c4400000, 0x00000000c4500000, 0x00000000c4500000|100%| E|CS|TAMS 0x00000000c4400000| PB 0x00000000c4400000| Complete 
|1093|0x00000000c4500000, 0x00000000c4600000, 0x00000000c4600000|100%| E|CS|TAMS 0x00000000c4500000| PB 0x00000000c4500000| Complete 
|1094|0x00000000c4600000, 0x00000000c4700000, 0x00000000c4700000|100%| E|CS|TAMS 0x00000000c4600000| PB 0x00000000c4600000| Complete 
|1095|0x00000000c4700000, 0x00000000c4800000, 0x00000000c4800000|100%| E|CS|TAMS 0x00000000c4700000| PB 0x00000000c4700000| Complete 
|1096|0x00000000c4800000, 0x00000000c4900000, 0x00000000c4900000|100%| E|CS|TAMS 0x00000000c4800000| PB 0x00000000c4800000| Complete 
|1097|0x00000000c4900000, 0x00000000c4a00000, 0x00000000c4a00000|100%| E|CS|TAMS 0x00000000c4900000| PB 0x00000000c4900000| Complete 
|1098|0x00000000c4a00000, 0x00000000c4b00000, 0x00000000c4b00000|100%| E|CS|TAMS 0x00000000c4a00000| PB 0x00000000c4a00000| Complete 
|1099|0x00000000c4b00000, 0x00000000c4c00000, 0x00000000c4c00000|100%| E|CS|TAMS 0x00000000c4b00000| PB 0x00000000c4b00000| Complete 
|1100|0x00000000c4c00000, 0x00000000c4d00000, 0x00000000c4d00000|100%| E|CS|TAMS 0x00000000c4c00000| PB 0x00000000c4c00000| Complete 
|1101|0x00000000c4d00000, 0x00000000c4e00000, 0x00000000c4e00000|100%| E|CS|TAMS 0x00000000c4d00000| PB 0x00000000c4d00000| Complete 
|1102|0x00000000c4e00000, 0x00000000c4f00000, 0x00000000c4f00000|100%| E|CS|TAMS 0x00000000c4e00000| PB 0x00000000c4e00000| Complete 
|1103|0x00000000c4f00000, 0x00000000c5000000, 0x00000000c5000000|100%| E|CS|TAMS 0x00000000c4f00000| PB 0x00000000c4f00000| Complete 
|1104|0x00000000c5000000, 0x00000000c5100000, 0x00000000c5100000|100%| E|CS|TAMS 0x00000000c5000000| PB 0x00000000c5000000| Complete 
|1105|0x00000000c5100000, 0x00000000c5200000, 0x00000000c5200000|100%| E|CS|TAMS 0x00000000c5100000| PB 0x00000000c5100000| Complete 
|1106|0x00000000c5200000, 0x00000000c5300000, 0x00000000c5300000|100%| E|CS|TAMS 0x00000000c5200000| PB 0x00000000c5200000| Complete 
|1107|0x00000000c5300000, 0x00000000c5400000, 0x00000000c5400000|100%| E|CS|TAMS 0x00000000c5300000| PB 0x00000000c5300000| Complete 
|1108|0x00000000c5400000, 0x00000000c5500000, 0x00000000c5500000|100%| E|CS|TAMS 0x00000000c5400000| PB 0x00000000c5400000| Complete 
|1109|0x00000000c5500000, 0x00000000c5600000, 0x00000000c5600000|100%| E|CS|TAMS 0x00000000c5500000| PB 0x00000000c5500000| Complete 
|1110|0x00000000c5600000, 0x00000000c5700000, 0x00000000c5700000|100%| E|CS|TAMS 0x00000000c5600000| PB 0x00000000c5600000| Complete 
|1111|0x00000000c5700000, 0x00000000c5800000, 0x00000000c5800000|100%| E|CS|TAMS 0x00000000c5700000| PB 0x00000000c5700000| Complete 
|1112|0x00000000c5800000, 0x00000000c5900000, 0x00000000c5900000|100%| E|CS|TAMS 0x00000000c5800000| PB 0x00000000c5800000| Complete 
|1113|0x00000000c5900000, 0x00000000c5a00000, 0x00000000c5a00000|100%| E|CS|TAMS 0x00000000c5900000| PB 0x00000000c5900000| Complete 
|1114|0x00000000c5a00000, 0x00000000c5b00000, 0x00000000c5b00000|100%| E|CS|TAMS 0x00000000c5a00000| PB 0x00000000c5a00000| Complete 
|1115|0x00000000c5b00000, 0x00000000c5c00000, 0x00000000c5c00000|100%| E|CS|TAMS 0x00000000c5b00000| PB 0x00000000c5b00000| Complete 
|1116|0x00000000c5c00000, 0x00000000c5d00000, 0x00000000c5d00000|100%| E|CS|TAMS 0x00000000c5c00000| PB 0x00000000c5c00000| Complete 
|1117|0x00000000c5d00000, 0x00000000c5e00000, 0x00000000c5e00000|100%| E|CS|TAMS 0x00000000c5d00000| PB 0x00000000c5d00000| Complete 
|1118|0x00000000c5e00000, 0x00000000c5f00000, 0x00000000c5f00000|100%| E|CS|TAMS 0x00000000c5e00000| PB 0x00000000c5e00000| Complete 
|1119|0x00000000c5f00000, 0x00000000c6000000, 0x00000000c6000000|100%| E|CS|TAMS 0x00000000c5f00000| PB 0x00000000c5f00000| Complete 
|1120|0x00000000c6000000, 0x00000000c6100000, 0x00000000c6100000|100%| E|CS|TAMS 0x00000000c6000000| PB 0x00000000c6000000| Complete 
|1121|0x00000000c6100000, 0x00000000c6200000, 0x00000000c6200000|100%| E|CS|TAMS 0x00000000c6100000| PB 0x00000000c6100000| Complete 
|1122|0x00000000c6200000, 0x00000000c6300000, 0x00000000c6300000|100%| E|CS|TAMS 0x00000000c6200000| PB 0x00000000c6200000| Complete 
|1123|0x00000000c6300000, 0x00000000c6400000, 0x00000000c6400000|100%| E|CS|TAMS 0x00000000c6300000| PB 0x00000000c6300000| Complete 
|1124|0x00000000c6400000, 0x00000000c6500000, 0x00000000c6500000|100%| E|CS|TAMS 0x00000000c6400000| PB 0x00000000c6400000| Complete 
|1125|0x00000000c6500000, 0x00000000c6600000, 0x00000000c6600000|100%| E|CS|TAMS 0x00000000c6500000| PB 0x00000000c6500000| Complete 
|1126|0x00000000c6600000, 0x00000000c6700000, 0x00000000c6700000|100%| E|CS|TAMS 0x00000000c6600000| PB 0x00000000c6600000| Complete 
|1127|0x00000000c6700000, 0x00000000c6800000, 0x00000000c6800000|100%| E|CS|TAMS 0x00000000c6700000| PB 0x00000000c6700000| Complete 
|1128|0x00000000c6800000, 0x00000000c6900000, 0x00000000c6900000|100%| E|CS|TAMS 0x00000000c6800000| PB 0x00000000c6800000| Complete 
|1129|0x00000000c6900000, 0x00000000c6a00000, 0x00000000c6a00000|100%| E|CS|TAMS 0x00000000c6900000| PB 0x00000000c6900000| Complete 
|1130|0x00000000c6a00000, 0x00000000c6b00000, 0x00000000c6b00000|100%| E|CS|TAMS 0x00000000c6a00000| PB 0x00000000c6a00000| Complete 
|1131|0x00000000c6b00000, 0x00000000c6c00000, 0x00000000c6c00000|100%| E|CS|TAMS 0x00000000c6b00000| PB 0x00000000c6b00000| Complete 
|1132|0x00000000c6c00000, 0x00000000c6d00000, 0x00000000c6d00000|100%| E|CS|TAMS 0x00000000c6c00000| PB 0x00000000c6c00000| Complete 
|1133|0x00000000c6d00000, 0x00000000c6e00000, 0x00000000c6e00000|100%| E|CS|TAMS 0x00000000c6d00000| PB 0x00000000c6d00000| Complete 
|1134|0x00000000c6e00000, 0x00000000c6f00000, 0x00000000c6f00000|100%| E|CS|TAMS 0x00000000c6e00000| PB 0x00000000c6e00000| Complete 
|1135|0x00000000c6f00000, 0x00000000c7000000, 0x00000000c7000000|100%| E|CS|TAMS 0x00000000c6f00000| PB 0x00000000c6f00000| Complete 
|1136|0x00000000c7000000, 0x00000000c7100000, 0x00000000c7100000|100%| E|CS|TAMS 0x00000000c7000000| PB 0x00000000c7000000| Complete 
|1137|0x00000000c7100000, 0x00000000c7200000, 0x00000000c7200000|100%| E|CS|TAMS 0x00000000c7100000| PB 0x00000000c7100000| Complete 
|1138|0x00000000c7200000, 0x00000000c7300000, 0x00000000c7300000|100%| E|CS|TAMS 0x00000000c7200000| PB 0x00000000c7200000| Complete 
|1139|0x00000000c7300000, 0x00000000c7400000, 0x00000000c7400000|100%| E|CS|TAMS 0x00000000c7300000| PB 0x00000000c7300000| Complete 
|1140|0x00000000c7400000, 0x00000000c7500000, 0x00000000c7500000|100%| E|CS|TAMS 0x00000000c7400000| PB 0x00000000c7400000| Complete 
|1141|0x00000000c7500000, 0x00000000c7600000, 0x00000000c7600000|100%| E|CS|TAMS 0x00000000c7500000| PB 0x00000000c7500000| Complete 
|1142|0x00000000c7600000, 0x00000000c7700000, 0x00000000c7700000|100%| E|CS|TAMS 0x00000000c7600000| PB 0x00000000c7600000| Complete 
|1143|0x00000000c7700000, 0x00000000c7800000, 0x00000000c7800000|100%| E|CS|TAMS 0x00000000c7700000| PB 0x00000000c7700000| Complete 
|1144|0x00000000c7800000, 0x00000000c7900000, 0x00000000c7900000|100%| E|CS|TAMS 0x00000000c7800000| PB 0x00000000c7800000| Complete 
|1145|0x00000000c7900000, 0x00000000c7a00000, 0x00000000c7a00000|100%| E|CS|TAMS 0x00000000c7900000| PB 0x00000000c7900000| Complete 
|1146|0x00000000c7a00000, 0x00000000c7b00000, 0x00000000c7b00000|100%| E|CS|TAMS 0x00000000c7a00000| PB 0x00000000c7a00000| Complete 
|1147|0x00000000c7b00000, 0x00000000c7c00000, 0x00000000c7c00000|100%| E|CS|TAMS 0x00000000c7b00000| PB 0x00000000c7b00000| Complete 
|1148|0x00000000c7c00000, 0x00000000c7d00000, 0x00000000c7d00000|100%| E|CS|TAMS 0x00000000c7c00000| PB 0x00000000c7c00000| Complete 
|1149|0x00000000c7d00000, 0x00000000c7e00000, 0x00000000c7e00000|100%| E|CS|TAMS 0x00000000c7d00000| PB 0x00000000c7d00000| Complete 
|1150|0x00000000c7e00000, 0x00000000c7f00000, 0x00000000c7f00000|100%| E|CS|TAMS 0x00000000c7e00000| PB 0x00000000c7e00000| Complete 
|1151|0x00000000c7f00000, 0x00000000c8000000, 0x00000000c8000000|100%| E|CS|TAMS 0x00000000c7f00000| PB 0x00000000c7f00000| Complete 
|1152|0x00000000c8000000, 0x00000000c8100000, 0x00000000c8100000|100%| E|CS|TAMS 0x00000000c8000000| PB 0x00000000c8000000| Complete 
|1153|0x00000000c8100000, 0x00000000c8200000, 0x00000000c8200000|100%| E|CS|TAMS 0x00000000c8100000| PB 0x00000000c8100000| Complete 
|1154|0x00000000c8200000, 0x00000000c8300000, 0x00000000c8300000|100%| E|CS|TAMS 0x00000000c8200000| PB 0x00000000c8200000| Complete 
|1155|0x00000000c8300000, 0x00000000c8400000, 0x00000000c8400000|100%| E|CS|TAMS 0x00000000c8300000| PB 0x00000000c8300000| Complete 
|1156|0x00000000c8400000, 0x00000000c8500000, 0x00000000c8500000|100%| E|CS|TAMS 0x00000000c8400000| PB 0x00000000c8400000| Complete 
|1157|0x00000000c8500000, 0x00000000c8600000, 0x00000000c8600000|100%| E|CS|TAMS 0x00000000c8500000| PB 0x00000000c8500000| Complete 
|1158|0x00000000c8600000, 0x00000000c8700000, 0x00000000c8700000|100%| E|CS|TAMS 0x00000000c8600000| PB 0x00000000c8600000| Complete 
|1159|0x00000000c8700000, 0x00000000c8800000, 0x00000000c8800000|100%| E|CS|TAMS 0x00000000c8700000| PB 0x00000000c8700000| Complete 
|1160|0x00000000c8800000, 0x00000000c8900000, 0x00000000c8900000|100%| E|CS|TAMS 0x00000000c8800000| PB 0x00000000c8800000| Complete 
|1161|0x00000000c8900000, 0x00000000c8a00000, 0x00000000c8a00000|100%| E|CS|TAMS 0x00000000c8900000| PB 0x00000000c8900000| Complete 
|1162|0x00000000c8a00000, 0x00000000c8b00000, 0x00000000c8b00000|100%| E|CS|TAMS 0x00000000c8a00000| PB 0x00000000c8a00000| Complete 
|1163|0x00000000c8b00000, 0x00000000c8c00000, 0x00000000c8c00000|100%| E|CS|TAMS 0x00000000c8b00000| PB 0x00000000c8b00000| Complete 
|1164|0x00000000c8c00000, 0x00000000c8d00000, 0x00000000c8d00000|100%| E|CS|TAMS 0x00000000c8c00000| PB 0x00000000c8c00000| Complete 
|1165|0x00000000c8d00000, 0x00000000c8e00000, 0x00000000c8e00000|100%| E|CS|TAMS 0x00000000c8d00000| PB 0x00000000c8d00000| Complete 
|1166|0x00000000c8e00000, 0x00000000c8f00000, 0x00000000c8f00000|100%| E|CS|TAMS 0x00000000c8e00000| PB 0x00000000c8e00000| Complete 
|1167|0x00000000c8f00000, 0x00000000c9000000, 0x00000000c9000000|100%| E|CS|TAMS 0x00000000c8f00000| PB 0x00000000c8f00000| Complete 
|1168|0x00000000c9000000, 0x00000000c9100000, 0x00000000c9100000|100%| E|CS|TAMS 0x00000000c9000000| PB 0x00000000c9000000| Complete 
|1169|0x00000000c9100000, 0x00000000c9200000, 0x00000000c9200000|100%| E|CS|TAMS 0x00000000c9100000| PB 0x00000000c9100000| Complete 
|1170|0x00000000c9200000, 0x00000000c9300000, 0x00000000c9300000|100%| E|CS|TAMS 0x00000000c9200000| PB 0x00000000c9200000| Complete 
|1171|0x00000000c9300000, 0x00000000c9400000, 0x00000000c9400000|100%| E|CS|TAMS 0x00000000c9300000| PB 0x00000000c9300000| Complete 
|1172|0x00000000c9400000, 0x00000000c9500000, 0x00000000c9500000|100%| E|CS|TAMS 0x00000000c9400000| PB 0x00000000c9400000| Complete 
|1173|0x00000000c9500000, 0x00000000c9600000, 0x00000000c9600000|100%| E|CS|TAMS 0x00000000c9500000| PB 0x00000000c9500000| Complete 
|1174|0x00000000c9600000, 0x00000000c9700000, 0x00000000c9700000|100%| E|CS|TAMS 0x00000000c9600000| PB 0x00000000c9600000| Complete 
|1175|0x00000000c9700000, 0x00000000c9800000, 0x00000000c9800000|100%| E|CS|TAMS 0x00000000c9700000| PB 0x00000000c9700000| Complete 
|1176|0x00000000c9800000, 0x00000000c9900000, 0x00000000c9900000|100%| E|CS|TAMS 0x00000000c9800000| PB 0x00000000c9800000| Complete 
|1177|0x00000000c9900000, 0x00000000c9a00000, 0x00000000c9a00000|100%| E|CS|TAMS 0x00000000c9900000| PB 0x00000000c9900000| Complete 
|1178|0x00000000c9a00000, 0x00000000c9b00000, 0x00000000c9b00000|100%| E|CS|TAMS 0x00000000c9a00000| PB 0x00000000c9a00000| Complete 
|1179|0x00000000c9b00000, 0x00000000c9c00000, 0x00000000c9c00000|100%| E|CS|TAMS 0x00000000c9b00000| PB 0x00000000c9b00000| Complete 
|1180|0x00000000c9c00000, 0x00000000c9d00000, 0x00000000c9d00000|100%| E|CS|TAMS 0x00000000c9c00000| PB 0x00000000c9c00000| Complete 
|1181|0x00000000c9d00000, 0x00000000c9e00000, 0x00000000c9e00000|100%| E|CS|TAMS 0x00000000c9d00000| PB 0x00000000c9d00000| Complete 
|1182|0x00000000c9e00000, 0x00000000c9f00000, 0x00000000c9f00000|100%| E|CS|TAMS 0x00000000c9e00000| PB 0x00000000c9e00000| Complete 
|1183|0x00000000c9f00000, 0x00000000ca000000, 0x00000000ca000000|100%| E|CS|TAMS 0x00000000c9f00000| PB 0x00000000c9f00000| Complete 
|1184|0x00000000ca000000, 0x00000000ca100000, 0x00000000ca100000|100%| E|CS|TAMS 0x00000000ca000000| PB 0x00000000ca000000| Complete 
|1185|0x00000000ca100000, 0x00000000ca200000, 0x00000000ca200000|100%| E|CS|TAMS 0x00000000ca100000| PB 0x00000000ca100000| Complete 
|1186|0x00000000ca200000, 0x00000000ca300000, 0x00000000ca300000|100%| E|CS|TAMS 0x00000000ca200000| PB 0x00000000ca200000| Complete 
|1187|0x00000000ca300000, 0x00000000ca400000, 0x00000000ca400000|100%| E|CS|TAMS 0x00000000ca300000| PB 0x00000000ca300000| Complete 
|1188|0x00000000ca400000, 0x00000000ca500000, 0x00000000ca500000|100%| E|CS|TAMS 0x00000000ca400000| PB 0x00000000ca400000| Complete 
|1189|0x00000000ca500000, 0x00000000ca600000, 0x00000000ca600000|100%| E|CS|TAMS 0x00000000ca500000| PB 0x00000000ca500000| Complete 
|1190|0x00000000ca600000, 0x00000000ca700000, 0x00000000ca700000|100%| E|CS|TAMS 0x00000000ca600000| PB 0x00000000ca600000| Complete 
|1191|0x00000000ca700000, 0x00000000ca800000, 0x00000000ca800000|100%| E|CS|TAMS 0x00000000ca700000| PB 0x00000000ca700000| Complete 
|1192|0x00000000ca800000, 0x00000000ca900000, 0x00000000ca900000|100%| E|CS|TAMS 0x00000000ca800000| PB 0x00000000ca800000| Complete 
|1193|0x00000000ca900000, 0x00000000caa00000, 0x00000000caa00000|100%| E|CS|TAMS 0x00000000ca900000| PB 0x00000000ca900000| Complete 
|1194|0x00000000caa00000, 0x00000000cab00000, 0x00000000cab00000|100%| E|CS|TAMS 0x00000000caa00000| PB 0x00000000caa00000| Complete 
|1195|0x00000000cab00000, 0x00000000cac00000, 0x00000000cac00000|100%| E|CS|TAMS 0x00000000cab00000| PB 0x00000000cab00000| Complete 
|1196|0x00000000cac00000, 0x00000000cad00000, 0x00000000cad00000|100%| E|CS|TAMS 0x00000000cac00000| PB 0x00000000cac00000| Complete 
|1197|0x00000000cad00000, 0x00000000cae00000, 0x00000000cae00000|100%| E|CS|TAMS 0x00000000cad00000| PB 0x00000000cad00000| Complete 
|1198|0x00000000cae00000, 0x00000000caf00000, 0x00000000caf00000|100%| E|CS|TAMS 0x00000000cae00000| PB 0x00000000cae00000| Complete 
|1199|0x00000000caf00000, 0x00000000cb000000, 0x00000000cb000000|100%| E|CS|TAMS 0x00000000caf00000| PB 0x00000000caf00000| Complete 
|1200|0x00000000cb000000, 0x00000000cb100000, 0x00000000cb100000|100%| E|CS|TAMS 0x00000000cb000000| PB 0x00000000cb000000| Complete 
|1201|0x00000000cb100000, 0x00000000cb200000, 0x00000000cb200000|100%| E|CS|TAMS 0x00000000cb100000| PB 0x00000000cb100000| Complete 
|1202|0x00000000cb200000, 0x00000000cb300000, 0x00000000cb300000|100%| E|CS|TAMS 0x00000000cb200000| PB 0x00000000cb200000| Complete 
|1203|0x00000000cb300000, 0x00000000cb400000, 0x00000000cb400000|100%| E|CS|TAMS 0x00000000cb300000| PB 0x00000000cb300000| Complete 
|1204|0x00000000cb400000, 0x00000000cb500000, 0x00000000cb500000|100%| E|CS|TAMS 0x00000000cb400000| PB 0x00000000cb400000| Complete 
|1205|0x00000000cb500000, 0x00000000cb600000, 0x00000000cb600000|100%| E|CS|TAMS 0x00000000cb500000| PB 0x00000000cb500000| Complete 
|1206|0x00000000cb600000, 0x00000000cb700000, 0x00000000cb700000|100%| E|CS|TAMS 0x00000000cb600000| PB 0x00000000cb600000| Complete 
|1207|0x00000000cb700000, 0x00000000cb800000, 0x00000000cb800000|100%| E|CS|TAMS 0x00000000cb700000| PB 0x00000000cb700000| Complete 
|1208|0x00000000cb800000, 0x00000000cb900000, 0x00000000cb900000|100%| E|CS|TAMS 0x00000000cb800000| PB 0x00000000cb800000| Complete 
|1209|0x00000000cb900000, 0x00000000cba00000, 0x00000000cba00000|100%| E|CS|TAMS 0x00000000cb900000| PB 0x00000000cb900000| Complete 
|1210|0x00000000cba00000, 0x00000000cbb00000, 0x00000000cbb00000|100%| E|CS|TAMS 0x00000000cba00000| PB 0x00000000cba00000| Complete 
|1211|0x00000000cbb00000, 0x00000000cbc00000, 0x00000000cbc00000|100%| E|CS|TAMS 0x00000000cbb00000| PB 0x00000000cbb00000| Complete 
|1212|0x00000000cbc00000, 0x00000000cbd00000, 0x00000000cbd00000|100%| E|CS|TAMS 0x00000000cbc00000| PB 0x00000000cbc00000| Complete 
|1213|0x00000000cbd00000, 0x00000000cbe00000, 0x00000000cbe00000|100%| E|CS|TAMS 0x00000000cbd00000| PB 0x00000000cbd00000| Complete 
|1214|0x00000000cbe00000, 0x00000000cbf00000, 0x00000000cbf00000|100%| E|CS|TAMS 0x00000000cbe00000| PB 0x00000000cbe00000| Complete 
|1215|0x00000000cbf00000, 0x00000000cc000000, 0x00000000cc000000|100%| E|CS|TAMS 0x00000000cbf00000| PB 0x00000000cbf00000| Complete 
|1216|0x00000000cc000000, 0x00000000cc100000, 0x00000000cc100000|100%| E|CS|TAMS 0x00000000cc000000| PB 0x00000000cc000000| Complete 
|1217|0x00000000cc100000, 0x00000000cc200000, 0x00000000cc200000|100%| E|CS|TAMS 0x00000000cc100000| PB 0x00000000cc100000| Complete 
|1218|0x00000000cc200000, 0x00000000cc300000, 0x00000000cc300000|100%| E|CS|TAMS 0x00000000cc200000| PB 0x00000000cc200000| Complete 
|1219|0x00000000cc300000, 0x00000000cc400000, 0x00000000cc400000|100%| E|CS|TAMS 0x00000000cc300000| PB 0x00000000cc300000| Complete 
|1220|0x00000000cc400000, 0x00000000cc500000, 0x00000000cc500000|100%| E|CS|TAMS 0x00000000cc400000| PB 0x00000000cc400000| Complete 
|1221|0x00000000cc500000, 0x00000000cc600000, 0x00000000cc600000|100%| E|CS|TAMS 0x00000000cc500000| PB 0x00000000cc500000| Complete 
|1222|0x00000000cc600000, 0x00000000cc700000, 0x00000000cc700000|100%| E|CS|TAMS 0x00000000cc600000| PB 0x00000000cc600000| Complete 
|1223|0x00000000cc700000, 0x00000000cc800000, 0x00000000cc800000|100%| E|CS|TAMS 0x00000000cc700000| PB 0x00000000cc700000| Complete 
|1224|0x00000000cc800000, 0x00000000cc900000, 0x00000000cc900000|100%| E|CS|TAMS 0x00000000cc800000| PB 0x00000000cc800000| Complete 
|1225|0x00000000cc900000, 0x00000000cca00000, 0x00000000cca00000|100%| E|CS|TAMS 0x00000000cc900000| PB 0x00000000cc900000| Complete 
|1226|0x00000000cca00000, 0x00000000ccb00000, 0x00000000ccb00000|100%| E|CS|TAMS 0x00000000cca00000| PB 0x00000000cca00000| Complete 
|1227|0x00000000ccb00000, 0x00000000ccc00000, 0x00000000ccc00000|100%| E|CS|TAMS 0x00000000ccb00000| PB 0x00000000ccb00000| Complete 
|1228|0x00000000ccc00000, 0x00000000ccd00000, 0x00000000ccd00000|100%| E|CS|TAMS 0x00000000ccc00000| PB 0x00000000ccc00000| Complete 
|1229|0x00000000ccd00000, 0x00000000cce00000, 0x00000000cce00000|100%| E|CS|TAMS 0x00000000ccd00000| PB 0x00000000ccd00000| Complete 
|1230|0x00000000cce00000, 0x00000000ccf00000, 0x00000000ccf00000|100%| E|CS|TAMS 0x00000000cce00000| PB 0x00000000cce00000| Complete 
|1231|0x00000000ccf00000, 0x00000000cd000000, 0x00000000cd000000|100%| E|CS|TAMS 0x00000000ccf00000| PB 0x00000000ccf00000| Complete 
|1232|0x00000000cd000000, 0x00000000cd100000, 0x00000000cd100000|100%| E|CS|TAMS 0x00000000cd000000| PB 0x00000000cd000000| Complete 
|1233|0x00000000cd100000, 0x00000000cd200000, 0x00000000cd200000|100%| E|CS|TAMS 0x00000000cd100000| PB 0x00000000cd100000| Complete 
|1234|0x00000000cd200000, 0x00000000cd300000, 0x00000000cd300000|100%| E|CS|TAMS 0x00000000cd200000| PB 0x00000000cd200000| Complete 
|1235|0x00000000cd300000, 0x00000000cd400000, 0x00000000cd400000|100%| E|CS|TAMS 0x00000000cd300000| PB 0x00000000cd300000| Complete 
|1236|0x00000000cd400000, 0x00000000cd500000, 0x00000000cd500000|100%| E|CS|TAMS 0x00000000cd400000| PB 0x00000000cd400000| Complete 
|1237|0x00000000cd500000, 0x00000000cd600000, 0x00000000cd600000|100%| E|CS|TAMS 0x00000000cd500000| PB 0x00000000cd500000| Complete 
|1238|0x00000000cd600000, 0x00000000cd700000, 0x00000000cd700000|100%| E|CS|TAMS 0x00000000cd600000| PB 0x00000000cd600000| Complete 
|1239|0x00000000cd700000, 0x00000000cd800000, 0x00000000cd800000|100%| E|CS|TAMS 0x00000000cd700000| PB 0x00000000cd700000| Complete 
|1240|0x00000000cd800000, 0x00000000cd900000, 0x00000000cd900000|100%| E|CS|TAMS 0x00000000cd800000| PB 0x00000000cd800000| Complete 
|1241|0x00000000cd900000, 0x00000000cda00000, 0x00000000cda00000|100%| E|CS|TAMS 0x00000000cd900000| PB 0x00000000cd900000| Complete 
|1242|0x00000000cda00000, 0x00000000cdb00000, 0x00000000cdb00000|100%| E|CS|TAMS 0x00000000cda00000| PB 0x00000000cda00000| Complete 
|1243|0x00000000cdb00000, 0x00000000cdc00000, 0x00000000cdc00000|100%| E|CS|TAMS 0x00000000cdb00000| PB 0x00000000cdb00000| Complete 
|1244|0x00000000cdc00000, 0x00000000cdd00000, 0x00000000cdd00000|100%| E|CS|TAMS 0x00000000cdc00000| PB 0x00000000cdc00000| Complete 
|1245|0x00000000cdd00000, 0x00000000cde00000, 0x00000000cde00000|100%| E|CS|TAMS 0x00000000cdd00000| PB 0x00000000cdd00000| Complete 
|1246|0x00000000cde00000, 0x00000000cdf00000, 0x00000000cdf00000|100%| E|CS|TAMS 0x00000000cde00000| PB 0x00000000cde00000| Complete 
|1247|0x00000000cdf00000, 0x00000000ce000000, 0x00000000ce000000|100%| E|CS|TAMS 0x00000000cdf00000| PB 0x00000000cdf00000| Complete 
|1248|0x00000000ce000000, 0x00000000ce100000, 0x00000000ce100000|100%| E|CS|TAMS 0x00000000ce000000| PB 0x00000000ce000000| Complete 
|1249|0x00000000ce100000, 0x00000000ce200000, 0x00000000ce200000|100%| E|CS|TAMS 0x00000000ce100000| PB 0x00000000ce100000| Complete 
|1250|0x00000000ce200000, 0x00000000ce300000, 0x00000000ce300000|100%| E|CS|TAMS 0x00000000ce200000| PB 0x00000000ce200000| Complete 
|1251|0x00000000ce300000, 0x00000000ce400000, 0x00000000ce400000|100%| E|CS|TAMS 0x00000000ce300000| PB 0x00000000ce300000| Complete 
|1252|0x00000000ce400000, 0x00000000ce500000, 0x00000000ce500000|100%| E|CS|TAMS 0x00000000ce400000| PB 0x00000000ce400000| Complete 
|1253|0x00000000ce500000, 0x00000000ce600000, 0x00000000ce600000|100%| E|CS|TAMS 0x00000000ce500000| PB 0x00000000ce500000| Complete 
|1254|0x00000000ce600000, 0x00000000ce700000, 0x00000000ce700000|100%| E|CS|TAMS 0x00000000ce600000| PB 0x00000000ce600000| Complete 
|1255|0x00000000ce700000, 0x00000000ce800000, 0x00000000ce800000|100%| E|CS|TAMS 0x00000000ce700000| PB 0x00000000ce700000| Complete 
|1256|0x00000000ce800000, 0x00000000ce900000, 0x00000000ce900000|100%| E|CS|TAMS 0x00000000ce800000| PB 0x00000000ce800000| Complete 
|1257|0x00000000ce900000, 0x00000000cea00000, 0x00000000cea00000|100%| E|CS|TAMS 0x00000000ce900000| PB 0x00000000ce900000| Complete 
|1258|0x00000000cea00000, 0x00000000ceb00000, 0x00000000ceb00000|100%| E|CS|TAMS 0x00000000cea00000| PB 0x00000000cea00000| Complete 
|1259|0x00000000ceb00000, 0x00000000cec00000, 0x00000000cec00000|100%| E|CS|TAMS 0x00000000ceb00000| PB 0x00000000ceb00000| Complete 
|1260|0x00000000cec00000, 0x00000000ced00000, 0x00000000ced00000|100%| E|CS|TAMS 0x00000000cec00000| PB 0x00000000cec00000| Complete 
|1261|0x00000000ced00000, 0x00000000cee00000, 0x00000000cee00000|100%| E|CS|TAMS 0x00000000ced00000| PB 0x00000000ced00000| Complete 
|1262|0x00000000cee00000, 0x00000000cef00000, 0x00000000cef00000|100%| E|CS|TAMS 0x00000000cee00000| PB 0x00000000cee00000| Complete 
|1263|0x00000000cef00000, 0x00000000cf000000, 0x00000000cf000000|100%| E|CS|TAMS 0x00000000cef00000| PB 0x00000000cef00000| Complete 
|1264|0x00000000cf000000, 0x00000000cf100000, 0x00000000cf100000|100%| E|CS|TAMS 0x00000000cf000000| PB 0x00000000cf000000| Complete 
|1265|0x00000000cf100000, 0x00000000cf200000, 0x00000000cf200000|100%| E|CS|TAMS 0x00000000cf100000| PB 0x00000000cf100000| Complete 
|1266|0x00000000cf200000, 0x00000000cf300000, 0x00000000cf300000|100%| E|CS|TAMS 0x00000000cf200000| PB 0x00000000cf200000| Complete 
|1267|0x00000000cf300000, 0x00000000cf400000, 0x00000000cf400000|100%| E|CS|TAMS 0x00000000cf300000| PB 0x00000000cf300000| Complete 
|1268|0x00000000cf400000, 0x00000000cf500000, 0x00000000cf500000|100%| E|CS|TAMS 0x00000000cf400000| PB 0x00000000cf400000| Complete 
|1269|0x00000000cf500000, 0x00000000cf600000, 0x00000000cf600000|100%| E|CS|TAMS 0x00000000cf500000| PB 0x00000000cf500000| Complete 
|1270|0x00000000cf600000, 0x00000000cf700000, 0x00000000cf700000|100%| E|CS|TAMS 0x00000000cf600000| PB 0x00000000cf600000| Complete 
|1271|0x00000000cf700000, 0x00000000cf800000, 0x00000000cf800000|100%| E|CS|TAMS 0x00000000cf700000| PB 0x00000000cf700000| Complete 
|1272|0x00000000cf800000, 0x00000000cf900000, 0x00000000cf900000|100%| E|CS|TAMS 0x00000000cf800000| PB 0x00000000cf800000| Complete 
|1273|0x00000000cf900000, 0x00000000cfa00000, 0x00000000cfa00000|100%| E|CS|TAMS 0x00000000cf900000| PB 0x00000000cf900000| Complete 
|1274|0x00000000cfa00000, 0x00000000cfb00000, 0x00000000cfb00000|100%| E|CS|TAMS 0x00000000cfa00000| PB 0x00000000cfa00000| Complete 
|1275|0x00000000cfb00000, 0x00000000cfc00000, 0x00000000cfc00000|100%| E|CS|TAMS 0x00000000cfb00000| PB 0x00000000cfb00000| Complete 
|1276|0x00000000cfc00000, 0x00000000cfd00000, 0x00000000cfd00000|100%| E|CS|TAMS 0x00000000cfc00000| PB 0x00000000cfc00000| Complete 
|1277|0x00000000cfd00000, 0x00000000cfe00000, 0x00000000cfe00000|100%| E|CS|TAMS 0x00000000cfd00000| PB 0x00000000cfd00000| Complete 
|1278|0x00000000cfe00000, 0x00000000cff00000, 0x00000000cff00000|100%| E|CS|TAMS 0x00000000cfe00000| PB 0x00000000cfe00000| Complete 
|1279|0x00000000cff00000, 0x00000000d0000000, 0x00000000d0000000|100%| E|CS|TAMS 0x00000000cff00000| PB 0x00000000cff00000| Complete 
|1280|0x00000000d0000000, 0x00000000d0100000, 0x00000000d0100000|100%| E|CS|TAMS 0x00000000d0000000| PB 0x00000000d0000000| Complete 
|1281|0x00000000d0100000, 0x00000000d0200000, 0x00000000d0200000|100%| E|CS|TAMS 0x00000000d0100000| PB 0x00000000d0100000| Complete 
|1282|0x00000000d0200000, 0x00000000d0300000, 0x00000000d0300000|100%| E|CS|TAMS 0x00000000d0200000| PB 0x00000000d0200000| Complete 
|1283|0x00000000d0300000, 0x00000000d0400000, 0x00000000d0400000|100%| E|CS|TAMS 0x00000000d0300000| PB 0x00000000d0300000| Complete 
|1284|0x00000000d0400000, 0x00000000d0500000, 0x00000000d0500000|100%| E|CS|TAMS 0x00000000d0400000| PB 0x00000000d0400000| Complete 
|1285|0x00000000d0500000, 0x00000000d0600000, 0x00000000d0600000|100%| E|CS|TAMS 0x00000000d0500000| PB 0x00000000d0500000| Complete 
|1286|0x00000000d0600000, 0x00000000d0700000, 0x00000000d0700000|100%| E|CS|TAMS 0x00000000d0600000| PB 0x00000000d0600000| Complete 
|1287|0x00000000d0700000, 0x00000000d0800000, 0x00000000d0800000|100%| E|CS|TAMS 0x00000000d0700000| PB 0x00000000d0700000| Complete 
|1288|0x00000000d0800000, 0x00000000d0900000, 0x00000000d0900000|100%| E|CS|TAMS 0x00000000d0800000| PB 0x00000000d0800000| Complete 
|1289|0x00000000d0900000, 0x00000000d0a00000, 0x00000000d0a00000|100%| E|CS|TAMS 0x00000000d0900000| PB 0x00000000d0900000| Complete 
|1290|0x00000000d0a00000, 0x00000000d0b00000, 0x00000000d0b00000|100%| E|CS|TAMS 0x00000000d0a00000| PB 0x00000000d0a00000| Complete 
|1291|0x00000000d0b00000, 0x00000000d0c00000, 0x00000000d0c00000|100%| E|CS|TAMS 0x00000000d0b00000| PB 0x00000000d0b00000| Complete 
|1292|0x00000000d0c00000, 0x00000000d0d00000, 0x00000000d0d00000|100%| E|CS|TAMS 0x00000000d0c00000| PB 0x00000000d0c00000| Complete 
|1293|0x00000000d0d00000, 0x00000000d0e00000, 0x00000000d0e00000|100%| E|CS|TAMS 0x00000000d0d00000| PB 0x00000000d0d00000| Complete 
|1294|0x00000000d0e00000, 0x00000000d0f00000, 0x00000000d0f00000|100%| E|CS|TAMS 0x00000000d0e00000| PB 0x00000000d0e00000| Complete 
|1295|0x00000000d0f00000, 0x00000000d1000000, 0x00000000d1000000|100%| E|CS|TAMS 0x00000000d0f00000| PB 0x00000000d0f00000| Complete 
|1296|0x00000000d1000000, 0x00000000d1100000, 0x00000000d1100000|100%| E|CS|TAMS 0x00000000d1000000| PB 0x00000000d1000000| Complete 
|1297|0x00000000d1100000, 0x00000000d1200000, 0x00000000d1200000|100%| E|CS|TAMS 0x00000000d1100000| PB 0x00000000d1100000| Complete 
|1298|0x00000000d1200000, 0x00000000d1300000, 0x00000000d1300000|100%| E|CS|TAMS 0x00000000d1200000| PB 0x00000000d1200000| Complete 
|1299|0x00000000d1300000, 0x00000000d1400000, 0x00000000d1400000|100%| E|CS|TAMS 0x00000000d1300000| PB 0x00000000d1300000| Complete 
|1300|0x00000000d1400000, 0x00000000d1500000, 0x00000000d1500000|100%| E|CS|TAMS 0x00000000d1400000| PB 0x00000000d1400000| Complete 
|1301|0x00000000d1500000, 0x00000000d1600000, 0x00000000d1600000|100%| E|CS|TAMS 0x00000000d1500000| PB 0x00000000d1500000| Complete 
|1302|0x00000000d1600000, 0x00000000d1700000, 0x00000000d1700000|100%| E|CS|TAMS 0x00000000d1600000| PB 0x00000000d1600000| Complete 
|1303|0x00000000d1700000, 0x00000000d1800000, 0x00000000d1800000|100%| E|CS|TAMS 0x00000000d1700000| PB 0x00000000d1700000| Complete 
|1304|0x00000000d1800000, 0x00000000d1900000, 0x00000000d1900000|100%| E|CS|TAMS 0x00000000d1800000| PB 0x00000000d1800000| Complete 
|1305|0x00000000d1900000, 0x00000000d1a00000, 0x00000000d1a00000|100%| E|CS|TAMS 0x00000000d1900000| PB 0x00000000d1900000| Complete 
|1306|0x00000000d1a00000, 0x00000000d1b00000, 0x00000000d1b00000|100%| E|CS|TAMS 0x00000000d1a00000| PB 0x00000000d1a00000| Complete 
|1307|0x00000000d1b00000, 0x00000000d1c00000, 0x00000000d1c00000|100%| E|CS|TAMS 0x00000000d1b00000| PB 0x00000000d1b00000| Complete 
|1308|0x00000000d1c00000, 0x00000000d1d00000, 0x00000000d1d00000|100%| E|CS|TAMS 0x00000000d1c00000| PB 0x00000000d1c00000| Complete 
|1309|0x00000000d1d00000, 0x00000000d1e00000, 0x00000000d1e00000|100%| E|CS|TAMS 0x00000000d1d00000| PB 0x00000000d1d00000| Complete 
|1310|0x00000000d1e00000, 0x00000000d1f00000, 0x00000000d1f00000|100%| E|CS|TAMS 0x00000000d1e00000| PB 0x00000000d1e00000| Complete 
|1311|0x00000000d1f00000, 0x00000000d2000000, 0x00000000d2000000|100%| E|CS|TAMS 0x00000000d1f00000| PB 0x00000000d1f00000| Complete 
|1312|0x00000000d2000000, 0x00000000d2100000, 0x00000000d2100000|100%| E|CS|TAMS 0x00000000d2000000| PB 0x00000000d2000000| Complete 
|1313|0x00000000d2100000, 0x00000000d2200000, 0x00000000d2200000|100%| E|CS|TAMS 0x00000000d2100000| PB 0x00000000d2100000| Complete 
|1314|0x00000000d2200000, 0x00000000d2300000, 0x00000000d2300000|100%| E|CS|TAMS 0x00000000d2200000| PB 0x00000000d2200000| Complete 
|1315|0x00000000d2300000, 0x00000000d2400000, 0x00000000d2400000|100%| E|CS|TAMS 0x00000000d2300000| PB 0x00000000d2300000| Complete 
|1316|0x00000000d2400000, 0x00000000d2500000, 0x00000000d2500000|100%| E|CS|TAMS 0x00000000d2400000| PB 0x00000000d2400000| Complete 
|1317|0x00000000d2500000, 0x00000000d2600000, 0x00000000d2600000|100%| E|CS|TAMS 0x00000000d2500000| PB 0x00000000d2500000| Complete 
|1318|0x00000000d2600000, 0x00000000d2700000, 0x00000000d2700000|100%| E|CS|TAMS 0x00000000d2600000| PB 0x00000000d2600000| Complete 
|1319|0x00000000d2700000, 0x00000000d2800000, 0x00000000d2800000|100%| E|CS|TAMS 0x00000000d2700000| PB 0x00000000d2700000| Complete 
|1320|0x00000000d2800000, 0x00000000d2900000, 0x00000000d2900000|100%| E|CS|TAMS 0x00000000d2800000| PB 0x00000000d2800000| Complete 
|1321|0x00000000d2900000, 0x00000000d2a00000, 0x00000000d2a00000|100%| E|CS|TAMS 0x00000000d2900000| PB 0x00000000d2900000| Complete 
|1322|0x00000000d2a00000, 0x00000000d2b00000, 0x00000000d2b00000|100%| E|CS|TAMS 0x00000000d2a00000| PB 0x00000000d2a00000| Complete 
|1323|0x00000000d2b00000, 0x00000000d2c00000, 0x00000000d2c00000|100%| E|CS|TAMS 0x00000000d2b00000| PB 0x00000000d2b00000| Complete 
|1324|0x00000000d2c00000, 0x00000000d2d00000, 0x00000000d2d00000|100%| E|CS|TAMS 0x00000000d2c00000| PB 0x00000000d2c00000| Complete 
|1325|0x00000000d2d00000, 0x00000000d2e00000, 0x00000000d2e00000|100%| E|CS|TAMS 0x00000000d2d00000| PB 0x00000000d2d00000| Complete 
|1326|0x00000000d2e00000, 0x00000000d2f00000, 0x00000000d2f00000|100%| E|CS|TAMS 0x00000000d2e00000| PB 0x00000000d2e00000| Complete 
|1327|0x00000000d2f00000, 0x00000000d3000000, 0x00000000d3000000|100%| E|CS|TAMS 0x00000000d2f00000| PB 0x00000000d2f00000| Complete 
|1328|0x00000000d3000000, 0x00000000d3100000, 0x00000000d3100000|100%| E|CS|TAMS 0x00000000d3000000| PB 0x00000000d3000000| Complete 
|1329|0x00000000d3100000, 0x00000000d3200000, 0x00000000d3200000|100%| E|CS|TAMS 0x00000000d3100000| PB 0x00000000d3100000| Complete 
|1330|0x00000000d3200000, 0x00000000d3300000, 0x00000000d3300000|100%| E|CS|TAMS 0x00000000d3200000| PB 0x00000000d3200000| Complete 
|1331|0x00000000d3300000, 0x00000000d3400000, 0x00000000d3400000|100%| E|CS|TAMS 0x00000000d3300000| PB 0x00000000d3300000| Complete 
|1332|0x00000000d3400000, 0x00000000d3500000, 0x00000000d3500000|100%| E|CS|TAMS 0x00000000d3400000| PB 0x00000000d3400000| Complete 
|1333|0x00000000d3500000, 0x00000000d3600000, 0x00000000d3600000|100%| E|CS|TAMS 0x00000000d3500000| PB 0x00000000d3500000| Complete 
|1334|0x00000000d3600000, 0x00000000d3700000, 0x00000000d3700000|100%| E|CS|TAMS 0x00000000d3600000| PB 0x00000000d3600000| Complete 
|1335|0x00000000d3700000, 0x00000000d3800000, 0x00000000d3800000|100%| E|CS|TAMS 0x00000000d3700000| PB 0x00000000d3700000| Complete 
|1336|0x00000000d3800000, 0x00000000d3900000, 0x00000000d3900000|100%| E|CS|TAMS 0x00000000d3800000| PB 0x00000000d3800000| Complete 
|1337|0x00000000d3900000, 0x00000000d3a00000, 0x00000000d3a00000|100%| E|CS|TAMS 0x00000000d3900000| PB 0x00000000d3900000| Complete 
|1338|0x00000000d3a00000, 0x00000000d3b00000, 0x00000000d3b00000|100%| E|CS|TAMS 0x00000000d3a00000| PB 0x00000000d3a00000| Complete 
|1339|0x00000000d3b00000, 0x00000000d3c00000, 0x00000000d3c00000|100%| E|CS|TAMS 0x00000000d3b00000| PB 0x00000000d3b00000| Complete 
|1340|0x00000000d3c00000, 0x00000000d3d00000, 0x00000000d3d00000|100%| E|CS|TAMS 0x00000000d3c00000| PB 0x00000000d3c00000| Complete 
|1341|0x00000000d3d00000, 0x00000000d3e00000, 0x00000000d3e00000|100%| E|CS|TAMS 0x00000000d3d00000| PB 0x00000000d3d00000| Complete 
|1342|0x00000000d3e00000, 0x00000000d3f00000, 0x00000000d3f00000|100%| E|CS|TAMS 0x00000000d3e00000| PB 0x00000000d3e00000| Complete 
|1343|0x00000000d3f00000, 0x00000000d4000000, 0x00000000d4000000|100%| E|CS|TAMS 0x00000000d3f00000| PB 0x00000000d3f00000| Complete 
|1344|0x00000000d4000000, 0x00000000d4100000, 0x00000000d4100000|100%| E|CS|TAMS 0x00000000d4000000| PB 0x00000000d4000000| Complete 
|1345|0x00000000d4100000, 0x00000000d4200000, 0x00000000d4200000|100%| E|CS|TAMS 0x00000000d4100000| PB 0x00000000d4100000| Complete 
|1346|0x00000000d4200000, 0x00000000d4300000, 0x00000000d4300000|100%| E|CS|TAMS 0x00000000d4200000| PB 0x00000000d4200000| Complete 
|1347|0x00000000d4300000, 0x00000000d4400000, 0x00000000d4400000|100%| E|CS|TAMS 0x00000000d4300000| PB 0x00000000d4300000| Complete 
|1348|0x00000000d4400000, 0x00000000d4500000, 0x00000000d4500000|100%| E|CS|TAMS 0x00000000d4400000| PB 0x00000000d4400000| Complete 
|1349|0x00000000d4500000, 0x00000000d4600000, 0x00000000d4600000|100%| E|CS|TAMS 0x00000000d4500000| PB 0x00000000d4500000| Complete 
|1350|0x00000000d4600000, 0x00000000d4700000, 0x00000000d4700000|100%| E|CS|TAMS 0x00000000d4600000| PB 0x00000000d4600000| Complete 
|1351|0x00000000d4700000, 0x00000000d4800000, 0x00000000d4800000|100%| E|CS|TAMS 0x00000000d4700000| PB 0x00000000d4700000| Complete 
|1352|0x00000000d4800000, 0x00000000d4900000, 0x00000000d4900000|100%| E|CS|TAMS 0x00000000d4800000| PB 0x00000000d4800000| Complete 
|1353|0x00000000d4900000, 0x00000000d4a00000, 0x00000000d4a00000|100%| E|CS|TAMS 0x00000000d4900000| PB 0x00000000d4900000| Complete 
|1354|0x00000000d4a00000, 0x00000000d4b00000, 0x00000000d4b00000|100%| E|CS|TAMS 0x00000000d4a00000| PB 0x00000000d4a00000| Complete 
|1355|0x00000000d4b00000, 0x00000000d4c00000, 0x00000000d4c00000|100%| E|CS|TAMS 0x00000000d4b00000| PB 0x00000000d4b00000| Complete 
|1356|0x00000000d4c00000, 0x00000000d4d00000, 0x00000000d4d00000|100%| E|CS|TAMS 0x00000000d4c00000| PB 0x00000000d4c00000| Complete 
|1357|0x00000000d4d00000, 0x00000000d4e00000, 0x00000000d4e00000|100%| E|CS|TAMS 0x00000000d4d00000| PB 0x00000000d4d00000| Complete 
|1358|0x00000000d4e00000, 0x00000000d4f00000, 0x00000000d4f00000|100%| E|CS|TAMS 0x00000000d4e00000| PB 0x00000000d4e00000| Complete 
|1359|0x00000000d4f00000, 0x00000000d5000000, 0x00000000d5000000|100%| E|CS|TAMS 0x00000000d4f00000| PB 0x00000000d4f00000| Complete 
|1360|0x00000000d5000000, 0x00000000d5100000, 0x00000000d5100000|100%| E|CS|TAMS 0x00000000d5000000| PB 0x00000000d5000000| Complete 
|1361|0x00000000d5100000, 0x00000000d5200000, 0x00000000d5200000|100%| E|CS|TAMS 0x00000000d5100000| PB 0x00000000d5100000| Complete 
|1362|0x00000000d5200000, 0x00000000d5300000, 0x00000000d5300000|100%| E|CS|TAMS 0x00000000d5200000| PB 0x00000000d5200000| Complete 
|1363|0x00000000d5300000, 0x00000000d5400000, 0x00000000d5400000|100%| E|CS|TAMS 0x00000000d5300000| PB 0x00000000d5300000| Complete 
|1364|0x00000000d5400000, 0x00000000d5500000, 0x00000000d5500000|100%| E|CS|TAMS 0x00000000d5400000| PB 0x00000000d5400000| Complete 
|1365|0x00000000d5500000, 0x00000000d5600000, 0x00000000d5600000|100%| E|CS|TAMS 0x00000000d5500000| PB 0x00000000d5500000| Complete 
|1366|0x00000000d5600000, 0x00000000d5700000, 0x00000000d5700000|100%| E|CS|TAMS 0x00000000d5600000| PB 0x00000000d5600000| Complete 
|1367|0x00000000d5700000, 0x00000000d5800000, 0x00000000d5800000|100%| E|CS|TAMS 0x00000000d5700000| PB 0x00000000d5700000| Complete 
|1368|0x00000000d5800000, 0x00000000d5900000, 0x00000000d5900000|100%| E|CS|TAMS 0x00000000d5800000| PB 0x00000000d5800000| Complete 
|1369|0x00000000d5900000, 0x00000000d5a00000, 0x00000000d5a00000|100%| E|CS|TAMS 0x00000000d5900000| PB 0x00000000d5900000| Complete 
|1370|0x00000000d5a00000, 0x00000000d5b00000, 0x00000000d5b00000|100%| E|CS|TAMS 0x00000000d5a00000| PB 0x00000000d5a00000| Complete 
|1371|0x00000000d5b00000, 0x00000000d5c00000, 0x00000000d5c00000|100%| E|CS|TAMS 0x00000000d5b00000| PB 0x00000000d5b00000| Complete 
|1372|0x00000000d5c00000, 0x00000000d5d00000, 0x00000000d5d00000|100%| E|CS|TAMS 0x00000000d5c00000| PB 0x00000000d5c00000| Complete 
|1373|0x00000000d5d00000, 0x00000000d5e00000, 0x00000000d5e00000|100%| E|CS|TAMS 0x00000000d5d00000| PB 0x00000000d5d00000| Complete 
|1374|0x00000000d5e00000, 0x00000000d5f00000, 0x00000000d5f00000|100%| E|CS|TAMS 0x00000000d5e00000| PB 0x00000000d5e00000| Complete 
|1375|0x00000000d5f00000, 0x00000000d6000000, 0x00000000d6000000|100%| E|CS|TAMS 0x00000000d5f00000| PB 0x00000000d5f00000| Complete 
|1376|0x00000000d6000000, 0x00000000d6100000, 0x00000000d6100000|100%| E|CS|TAMS 0x00000000d6000000| PB 0x00000000d6000000| Complete 
|1377|0x00000000d6100000, 0x00000000d6200000, 0x00000000d6200000|100%| E|CS|TAMS 0x00000000d6100000| PB 0x00000000d6100000| Complete 
|1378|0x00000000d6200000, 0x00000000d6300000, 0x00000000d6300000|100%| E|CS|TAMS 0x00000000d6200000| PB 0x00000000d6200000| Complete 
|1379|0x00000000d6300000, 0x00000000d6400000, 0x00000000d6400000|100%| E|CS|TAMS 0x00000000d6300000| PB 0x00000000d6300000| Complete 
|1380|0x00000000d6400000, 0x00000000d6500000, 0x00000000d6500000|100%| E|CS|TAMS 0x00000000d6400000| PB 0x00000000d6400000| Complete 
|1381|0x00000000d6500000, 0x00000000d6600000, 0x00000000d6600000|100%| E|CS|TAMS 0x00000000d6500000| PB 0x00000000d6500000| Complete 
|1382|0x00000000d6600000, 0x00000000d6700000, 0x00000000d6700000|100%| E|CS|TAMS 0x00000000d6600000| PB 0x00000000d6600000| Complete 
|1383|0x00000000d6700000, 0x00000000d6800000, 0x00000000d6800000|100%| E|CS|TAMS 0x00000000d6700000| PB 0x00000000d6700000| Complete 
|1384|0x00000000d6800000, 0x00000000d6900000, 0x00000000d6900000|100%| E|CS|TAMS 0x00000000d6800000| PB 0x00000000d6800000| Complete 
|1385|0x00000000d6900000, 0x00000000d6a00000, 0x00000000d6a00000|100%| E|CS|TAMS 0x00000000d6900000| PB 0x00000000d6900000| Complete 
|1386|0x00000000d6a00000, 0x00000000d6b00000, 0x00000000d6b00000|100%| E|CS|TAMS 0x00000000d6a00000| PB 0x00000000d6a00000| Complete 
|1387|0x00000000d6b00000, 0x00000000d6c00000, 0x00000000d6c00000|100%| E|CS|TAMS 0x00000000d6b00000| PB 0x00000000d6b00000| Complete 
|1388|0x00000000d6c00000, 0x00000000d6d00000, 0x00000000d6d00000|100%| E|CS|TAMS 0x00000000d6c00000| PB 0x00000000d6c00000| Complete 
|1389|0x00000000d6d00000, 0x00000000d6e00000, 0x00000000d6e00000|100%| E|CS|TAMS 0x00000000d6d00000| PB 0x00000000d6d00000| Complete 
|1390|0x00000000d6e00000, 0x00000000d6f00000, 0x00000000d6f00000|100%| E|CS|TAMS 0x00000000d6e00000| PB 0x00000000d6e00000| Complete 
|1391|0x00000000d6f00000, 0x00000000d7000000, 0x00000000d7000000|100%| E|CS|TAMS 0x00000000d6f00000| PB 0x00000000d6f00000| Complete 
|1392|0x00000000d7000000, 0x00000000d7100000, 0x00000000d7100000|100%| E|CS|TAMS 0x00000000d7000000| PB 0x00000000d7000000| Complete 
|1393|0x00000000d7100000, 0x00000000d7200000, 0x00000000d7200000|100%| E|CS|TAMS 0x00000000d7100000| PB 0x00000000d7100000| Complete 
|1394|0x00000000d7200000, 0x00000000d7300000, 0x00000000d7300000|100%| E|CS|TAMS 0x00000000d7200000| PB 0x00000000d7200000| Complete 
|1395|0x00000000d7300000, 0x00000000d7400000, 0x00000000d7400000|100%| E|CS|TAMS 0x00000000d7300000| PB 0x00000000d7300000| Complete 
|1396|0x00000000d7400000, 0x00000000d7480000, 0x00000000d7500000| 50%| E|CS|TAMS 0x00000000d7400000| PB 0x00000000d7400000| Complete 
|1397|0x00000000d7500000, 0x00000000d7600000, 0x00000000d7600000|100%| E|CS|TAMS 0x00000000d7500000| PB 0x00000000d7500000| Complete 
|1398|0x00000000d7600000, 0x00000000d7700000, 0x00000000d7700000|100%| E|CS|TAMS 0x00000000d7600000| PB 0x00000000d7600000| Complete 
|1399|0x00000000d7700000, 0x00000000d7800000, 0x00000000d7800000|100%| E|CS|TAMS 0x00000000d7700000| PB 0x00000000d7700000| Complete 
|1400|0x00000000d7800000, 0x00000000d7900000, 0x00000000d7900000|100%| E|CS|TAMS 0x00000000d7800000| PB 0x00000000d7800000| Complete 
|1401|0x00000000d7900000, 0x00000000d7a00000, 0x00000000d7a00000|100%| E|CS|TAMS 0x00000000d7900000| PB 0x00000000d7900000| Complete 
|1402|0x00000000d7a00000, 0x00000000d7b00000, 0x00000000d7b00000|100%| E|CS|TAMS 0x00000000d7a00000| PB 0x00000000d7a00000| Complete 
|1403|0x00000000d7b00000, 0x00000000d7c00000, 0x00000000d7c00000|100%| E|CS|TAMS 0x00000000d7b00000| PB 0x00000000d7b00000| Complete 
|1404|0x00000000d7c00000, 0x00000000d7d00000, 0x00000000d7d00000|100%| E|CS|TAMS 0x00000000d7c00000| PB 0x00000000d7c00000| Complete 
|1405|0x00000000d7d00000, 0x00000000d7e00000, 0x00000000d7e00000|100%| E|CS|TAMS 0x00000000d7d00000| PB 0x00000000d7d00000| Complete 
|1406|0x00000000d7e00000, 0x00000000d7f00000, 0x00000000d7f00000|100%| E|CS|TAMS 0x00000000d7e00000| PB 0x00000000d7e00000| Complete 
|1407|0x00000000d7f00000, 0x00000000d8000000, 0x00000000d8000000|100%| E|CS|TAMS 0x00000000d7f00000| PB 0x00000000d7f00000| Complete 
|1408|0x00000000d8000000, 0x00000000d8100000, 0x00000000d8100000|100%| E|CS|TAMS 0x00000000d8000000| PB 0x00000000d8000000| Complete 
|1409|0x00000000d8100000, 0x00000000d8200000, 0x00000000d8200000|100%| E|CS|TAMS 0x00000000d8100000| PB 0x00000000d8100000| Complete 
|1410|0x00000000d8200000, 0x00000000d8300000, 0x00000000d8300000|100%| E|CS|TAMS 0x00000000d8200000| PB 0x00000000d8200000| Complete 
|1411|0x00000000d8300000, 0x00000000d8400000, 0x00000000d8400000|100%| E|CS|TAMS 0x00000000d8300000| PB 0x00000000d8300000| Complete 
|1412|0x00000000d8400000, 0x00000000d8500000, 0x00000000d8500000|100%| E|CS|TAMS 0x00000000d8400000| PB 0x00000000d8400000| Complete 
|1413|0x00000000d8500000, 0x00000000d8600000, 0x00000000d8600000|100%| E|CS|TAMS 0x00000000d8500000| PB 0x00000000d8500000| Complete 
|1414|0x00000000d8600000, 0x00000000d8700000, 0x00000000d8700000|100%| E|CS|TAMS 0x00000000d8600000| PB 0x00000000d8600000| Complete 
|1415|0x00000000d8700000, 0x00000000d8800000, 0x00000000d8800000|100%| E|CS|TAMS 0x00000000d8700000| PB 0x00000000d8700000| Complete 
|1416|0x00000000d8800000, 0x00000000d8900000, 0x00000000d8900000|100%| E|CS|TAMS 0x00000000d8800000| PB 0x00000000d8800000| Complete 
|1417|0x00000000d8900000, 0x00000000d8a00000, 0x00000000d8a00000|100%| E|CS|TAMS 0x00000000d8900000| PB 0x00000000d8900000| Complete 
|1418|0x00000000d8a00000, 0x00000000d8b00000, 0x00000000d8b00000|100%| E|CS|TAMS 0x00000000d8a00000| PB 0x00000000d8a00000| Complete 
|1419|0x00000000d8b00000, 0x00000000d8c00000, 0x00000000d8c00000|100%| E|CS|TAMS 0x00000000d8b00000| PB 0x00000000d8b00000| Complete 
|1420|0x00000000d8c00000, 0x00000000d8d00000, 0x00000000d8d00000|100%| E|CS|TAMS 0x00000000d8c00000| PB 0x00000000d8c00000| Complete 
|1421|0x00000000d8d00000, 0x00000000d8e00000, 0x00000000d8e00000|100%| E|CS|TAMS 0x00000000d8d00000| PB 0x00000000d8d00000| Complete 
|1422|0x00000000d8e00000, 0x00000000d8f00000, 0x00000000d8f00000|100%| E|CS|TAMS 0x00000000d8e00000| PB 0x00000000d8e00000| Complete 
|1423|0x00000000d8f00000, 0x00000000d9000000, 0x00000000d9000000|100%| E|CS|TAMS 0x00000000d8f00000| PB 0x00000000d8f00000| Complete 
|1424|0x00000000d9000000, 0x00000000d9100000, 0x00000000d9100000|100%| E|CS|TAMS 0x00000000d9000000| PB 0x00000000d9000000| Complete 
|1425|0x00000000d9100000, 0x00000000d9200000, 0x00000000d9200000|100%| E|CS|TAMS 0x00000000d9100000| PB 0x00000000d9100000| Complete 
|1426|0x00000000d9200000, 0x00000000d9300000, 0x00000000d9300000|100%| E|CS|TAMS 0x00000000d9200000| PB 0x00000000d9200000| Complete 
|1427|0x00000000d9300000, 0x00000000d9400000, 0x00000000d9400000|100%| E|CS|TAMS 0x00000000d9300000| PB 0x00000000d9300000| Complete 
|1428|0x00000000d9400000, 0x00000000d9500000, 0x00000000d9500000|100%| E|CS|TAMS 0x00000000d9400000| PB 0x00000000d9400000| Complete 
|1429|0x00000000d9500000, 0x00000000d9600000, 0x00000000d9600000|100%| E|CS|TAMS 0x00000000d9500000| PB 0x00000000d9500000| Complete 
|1430|0x00000000d9600000, 0x00000000d9700000, 0x00000000d9700000|100%| E|CS|TAMS 0x00000000d9600000| PB 0x00000000d9600000| Complete 
|1431|0x00000000d9700000, 0x00000000d9800000, 0x00000000d9800000|100%| E|CS|TAMS 0x00000000d9700000| PB 0x00000000d9700000| Complete 
|1432|0x00000000d9800000, 0x00000000d9900000, 0x00000000d9900000|100%| E|CS|TAMS 0x00000000d9800000| PB 0x00000000d9800000| Complete 
|1433|0x00000000d9900000, 0x00000000d9a00000, 0x00000000d9a00000|100%| E|CS|TAMS 0x00000000d9900000| PB 0x00000000d9900000| Complete 
|1434|0x00000000d9a00000, 0x00000000d9b00000, 0x00000000d9b00000|100%| E|CS|TAMS 0x00000000d9a00000| PB 0x00000000d9a00000| Complete 
|1435|0x00000000d9b00000, 0x00000000d9c00000, 0x00000000d9c00000|100%| E|CS|TAMS 0x00000000d9b00000| PB 0x00000000d9b00000| Complete 
|1436|0x00000000d9c00000, 0x00000000d9d00000, 0x00000000d9d00000|100%| E|CS|TAMS 0x00000000d9c00000| PB 0x00000000d9c00000| Complete 
|1437|0x00000000d9d00000, 0x00000000d9e00000, 0x00000000d9e00000|100%| E|CS|TAMS 0x00000000d9d00000| PB 0x00000000d9d00000| Complete 
|1438|0x00000000d9e00000, 0x00000000d9f00000, 0x00000000d9f00000|100%| E|CS|TAMS 0x00000000d9e00000| PB 0x00000000d9e00000| Complete 
|1439|0x00000000d9f00000, 0x00000000da000000, 0x00000000da000000|100%| E|CS|TAMS 0x00000000d9f00000| PB 0x00000000d9f00000| Complete 
|1440|0x00000000da000000, 0x00000000da100000, 0x00000000da100000|100%| E|CS|TAMS 0x00000000da000000| PB 0x00000000da000000| Complete 
|1441|0x00000000da100000, 0x00000000da200000, 0x00000000da200000|100%| E|CS|TAMS 0x00000000da100000| PB 0x00000000da100000| Complete 
|1442|0x00000000da200000, 0x00000000da300000, 0x00000000da300000|100%| E|CS|TAMS 0x00000000da200000| PB 0x00000000da200000| Complete 
|1443|0x00000000da300000, 0x00000000da400000, 0x00000000da400000|100%| E|CS|TAMS 0x00000000da300000| PB 0x00000000da300000| Complete 
|1444|0x00000000da400000, 0x00000000da500000, 0x00000000da500000|100%| E|CS|TAMS 0x00000000da400000| PB 0x00000000da400000| Complete 
|1445|0x00000000da500000, 0x00000000da600000, 0x00000000da600000|100%| E|CS|TAMS 0x00000000da500000| PB 0x00000000da500000| Complete 
|1446|0x00000000da600000, 0x00000000da700000, 0x00000000da700000|100%| E|CS|TAMS 0x00000000da600000| PB 0x00000000da600000| Complete 
|1447|0x00000000da700000, 0x00000000da800000, 0x00000000da800000|100%| E|CS|TAMS 0x00000000da700000| PB 0x00000000da700000| Complete 
|1448|0x00000000da800000, 0x00000000da900000, 0x00000000da900000|100%| E|CS|TAMS 0x00000000da800000| PB 0x00000000da800000| Complete 
|1449|0x00000000da900000, 0x00000000daa00000, 0x00000000daa00000|100%| E|CS|TAMS 0x00000000da900000| PB 0x00000000da900000| Complete 
|1450|0x00000000daa00000, 0x00000000dab00000, 0x00000000dab00000|100%| E|CS|TAMS 0x00000000daa00000| PB 0x00000000daa00000| Complete 
|1451|0x00000000dab00000, 0x00000000dac00000, 0x00000000dac00000|100%| E|CS|TAMS 0x00000000dab00000| PB 0x00000000dab00000| Complete 
|1452|0x00000000dac00000, 0x00000000dad00000, 0x00000000dad00000|100%| E|CS|TAMS 0x00000000dac00000| PB 0x00000000dac00000| Complete 
|1453|0x00000000dad00000, 0x00000000dae00000, 0x00000000dae00000|100%| E|CS|TAMS 0x00000000dad00000| PB 0x00000000dad00000| Complete 
|1454|0x00000000dae00000, 0x00000000daf00000, 0x00000000daf00000|100%| E|CS|TAMS 0x00000000dae00000| PB 0x00000000dae00000| Complete 
|1455|0x00000000daf00000, 0x00000000db000000, 0x00000000db000000|100%| E|CS|TAMS 0x00000000daf00000| PB 0x00000000daf00000| Complete 
|1456|0x00000000db000000, 0x00000000db100000, 0x00000000db100000|100%| E|CS|TAMS 0x00000000db000000| PB 0x00000000db000000| Complete 
|1457|0x00000000db100000, 0x00000000db200000, 0x00000000db200000|100%| E|CS|TAMS 0x00000000db100000| PB 0x00000000db100000| Complete 
|1458|0x00000000db200000, 0x00000000db300000, 0x00000000db300000|100%| E|CS|TAMS 0x00000000db200000| PB 0x00000000db200000| Complete 
|1459|0x00000000db300000, 0x00000000db400000, 0x00000000db400000|100%| S|  |TAMS 0x00000000db300000| PB 0x00000000db300000| Complete 
|1460|0x00000000db400000, 0x00000000db500000, 0x00000000db500000|100%| S|  |TAMS 0x00000000db400000| PB 0x00000000db400000| Complete 
|1461|0x00000000db500000, 0x00000000db600000, 0x00000000db600000|100%| S|  |TAMS 0x00000000db500000| PB 0x00000000db500000| Complete 
|1514|0x00000000dea00000, 0x00000000deb00000, 0x00000000deb00000|100%| E|CS|TAMS 0x00000000dea00000| PB 0x00000000dea00000| Complete 
|1515|0x00000000deb00000, 0x00000000dec00000, 0x00000000dec00000|100%| E|CS|TAMS 0x00000000deb00000| PB 0x00000000deb00000| Complete 
|1516|0x00000000dec00000, 0x00000000ded00000, 0x00000000ded00000|100%| E|CS|TAMS 0x00000000dec00000| PB 0x00000000dec00000| Complete 
|1517|0x00000000ded00000, 0x00000000dee00000, 0x00000000dee00000|100%| E|CS|TAMS 0x00000000ded00000| PB 0x00000000ded00000| Complete 
|1518|0x00000000dee00000, 0x00000000def00000, 0x00000000def00000|100%| E|CS|TAMS 0x00000000dee00000| PB 0x00000000dee00000| Complete 
|1519|0x00000000def00000, 0x00000000df000000, 0x00000000df000000|100%| E|CS|TAMS 0x00000000def00000| PB 0x00000000def00000| Complete 
|1520|0x00000000df000000, 0x00000000df100000, 0x00000000df100000|100%| E|CS|TAMS 0x00000000df000000| PB 0x00000000df000000| Complete 
|1521|0x00000000df100000, 0x00000000df200000, 0x00000000df200000|100%| E|CS|TAMS 0x00000000df100000| PB 0x00000000df100000| Complete 
|1522|0x00000000df200000, 0x00000000df300000, 0x00000000df300000|100%| E|CS|TAMS 0x00000000df200000| PB 0x00000000df200000| Complete 
|1523|0x00000000df300000, 0x00000000df400000, 0x00000000df400000|100%| E|CS|TAMS 0x00000000df300000| PB 0x00000000df300000| Complete 
|1524|0x00000000df400000, 0x00000000df500000, 0x00000000df500000|100%| E|CS|TAMS 0x00000000df400000| PB 0x00000000df400000| Complete 
|1525|0x00000000df500000, 0x00000000df600000, 0x00000000df600000|100%| E|CS|TAMS 0x00000000df500000| PB 0x00000000df500000| Complete 
|1526|0x00000000df600000, 0x00000000df700000, 0x00000000df700000|100%| E|CS|TAMS 0x00000000df600000| PB 0x00000000df600000| Complete 
|1527|0x00000000df700000, 0x00000000df800000, 0x00000000df800000|100%| E|CS|TAMS 0x00000000df700000| PB 0x00000000df700000| Complete 
|1528|0x00000000df800000, 0x00000000df900000, 0x00000000df900000|100%| E|CS|TAMS 0x00000000df800000| PB 0x00000000df800000| Complete 
|1529|0x00000000df900000, 0x00000000dfa00000, 0x00000000dfa00000|100%| E|CS|TAMS 0x00000000df900000| PB 0x00000000df900000| Complete 
|1530|0x00000000dfa00000, 0x00000000dfb00000, 0x00000000dfb00000|100%| E|CS|TAMS 0x00000000dfa00000| PB 0x00000000dfa00000| Complete 
|1531|0x00000000dfb00000, 0x00000000dfc00000, 0x00000000dfc00000|100%| E|CS|TAMS 0x00000000dfb00000| PB 0x00000000dfb00000| Complete 
|1532|0x00000000dfc00000, 0x00000000dfd00000, 0x00000000dfd00000|100%| E|CS|TAMS 0x00000000dfc00000| PB 0x00000000dfc00000| Complete 
|1533|0x00000000dfd00000, 0x00000000dfe00000, 0x00000000dfe00000|100%| E|CS|TAMS 0x00000000dfd00000| PB 0x00000000dfd00000| Complete 
|1534|0x00000000dfe00000, 0x00000000dff00000, 0x00000000dff00000|100%| E|CS|TAMS 0x00000000dfe00000| PB 0x00000000dfe00000| Complete 
|1535|0x00000000dff00000, 0x00000000e0000000, 0x00000000e0000000|100%| E|CS|TAMS 0x00000000dff00000| PB 0x00000000dff00000| Complete 
|1536|0x00000000e0000000, 0x00000000e0100000, 0x00000000e0100000|100%| E|CS|TAMS 0x00000000e0000000| PB 0x00000000e0000000| Complete 
|1537|0x00000000e0100000, 0x00000000e0200000, 0x00000000e0200000|100%| E|CS|TAMS 0x00000000e0100000| PB 0x00000000e0100000| Complete 
|1538|0x00000000e0200000, 0x00000000e0300000, 0x00000000e0300000|100%| E|CS|TAMS 0x00000000e0200000| PB 0x00000000e0200000| Complete 
|1539|0x00000000e0300000, 0x00000000e0400000, 0x00000000e0400000|100%| E|CS|TAMS 0x00000000e0300000| PB 0x00000000e0300000| Complete 
|1540|0x00000000e0400000, 0x00000000e0500000, 0x00000000e0500000|100%| E|CS|TAMS 0x00000000e0400000| PB 0x00000000e0400000| Complete 
|1867|0x00000000f4b00000, 0x00000000f4c00000, 0x00000000f4c00000|100%| O|  |TAMS 0x00000000f4b00000| PB 0x00000000f4b00000| Untracked 
|1868|0x00000000f4c00000, 0x00000000f4d00000, 0x00000000f4d00000|100%| O|Cm|TAMS 0x00000000f4c00000| PB 0x00000000f4c00000| Complete 
|1869|0x00000000f4d00000, 0x00000000f4e00000, 0x00000000f4e00000|100%| O|  |TAMS 0x00000000f4d00000| PB 0x00000000f4d00000| Untracked 
|1870|0x00000000f4e00000, 0x00000000f4f00000, 0x00000000f4f00000|100%| O|  |TAMS 0x00000000f4e00000| PB 0x00000000f4e00000| Untracked 
|1871|0x00000000f4f00000, 0x00000000f5000000, 0x00000000f5000000|100%| O|  |TAMS 0x00000000f4f00000| PB 0x00000000f4f00000| Untracked 
|1872|0x00000000f5000000, 0x00000000f5100000, 0x00000000f5100000|100%| O|  |TAMS 0x00000000f5000000| PB 0x00000000f5000000| Untracked 
|1873|0x00000000f5100000, 0x00000000f5200000, 0x00000000f5200000|100%| O|  |TAMS 0x00000000f5100000| PB 0x00000000f5100000| Untracked 
|1874|0x00000000f5200000, 0x00000000f5300000, 0x00000000f5300000|100%| O|  |TAMS 0x00000000f5200000| PB 0x00000000f5200000| Untracked 
|1875|0x00000000f5300000, 0x00000000f5400000, 0x00000000f5400000|100%| O|  |TAMS 0x00000000f5300000| PB 0x00000000f5300000| Untracked 
|1876|0x00000000f5400000, 0x00000000f5500000, 0x00000000f5500000|100%| O|  |TAMS 0x00000000f5400000| PB 0x00000000f5400000| Untracked 
|1877|0x00000000f5500000, 0x00000000f5600000, 0x00000000f5600000|100%| O|  |TAMS 0x00000000f5500000| PB 0x00000000f5500000| Untracked 
|1878|0x00000000f5600000, 0x00000000f5700000, 0x00000000f5700000|100%| O|  |TAMS 0x00000000f5600000| PB 0x00000000f5600000| Untracked 
|1879|0x00000000f5700000, 0x00000000f5800000, 0x00000000f5800000|100%| O|Cm|TAMS 0x00000000f5700000| PB 0x00000000f5700000| Complete 
|1880|0x00000000f5800000, 0x00000000f5900000, 0x00000000f5900000|100%| O|  |TAMS 0x00000000f5800000| PB 0x00000000f5800000| Untracked 
|1881|0x00000000f5900000, 0x00000000f5a00000, 0x00000000f5a00000|100%| O|  |TAMS 0x00000000f5900000| PB 0x00000000f5900000| Untracked 
|1882|0x00000000f5a00000, 0x00000000f5b00000, 0x00000000f5b00000|100%| O|  |TAMS 0x00000000f5a00000| PB 0x00000000f5a00000| Untracked 
|1883|0x00000000f5b00000, 0x00000000f5c00000, 0x00000000f5c00000|100%| O|  |TAMS 0x00000000f5b00000| PB 0x00000000f5b00000| Untracked 
|1884|0x00000000f5c00000, 0x00000000f5d00000, 0x00000000f5d00000|100%| O|  |TAMS 0x00000000f5c00000| PB 0x00000000f5c00000| Untracked 
|1885|0x00000000f5d00000, 0x00000000f5e00000, 0x00000000f5e00000|100%| O|  |TAMS 0x00000000f5d00000| PB 0x00000000f5d00000| Untracked 
|1886|0x00000000f5e00000, 0x00000000f5f00000, 0x00000000f5f00000|100%| E|CS|TAMS 0x00000000f5e00000| PB 0x00000000f5e00000| Complete 
|1887|0x00000000f5f00000, 0x00000000f6000000, 0x00000000f6000000|100%| O|  |TAMS 0x00000000f5f00000| PB 0x00000000f5f00000| Untracked 
|1888|0x00000000f6000000, 0x00000000f6100000, 0x00000000f6100000|100%| O|  |TAMS 0x00000000f6000000| PB 0x00000000f6000000| Untracked 
|1889|0x00000000f6100000, 0x00000000f6200000, 0x00000000f6200000|100%| O|  |TAMS 0x00000000f6100000| PB 0x00000000f6100000| Untracked 
|1890|0x00000000f6200000, 0x00000000f6300000, 0x00000000f6300000|100%| O|  |TAMS 0x00000000f6200000| PB 0x00000000f6200000| Untracked 
|1891|0x00000000f6300000, 0x00000000f6400000, 0x00000000f6400000|100%| O|  |TAMS 0x00000000f6300000| PB 0x00000000f6300000| Untracked 
|1892|0x00000000f6400000, 0x00000000f6500000, 0x00000000f6500000|100%| O|  |TAMS 0x00000000f6400000| PB 0x00000000f6400000| Untracked 
|1893|0x00000000f6500000, 0x00000000f6600000, 0x00000000f6600000|100%| O|  |TAMS 0x00000000f6500000| PB 0x00000000f6500000| Untracked 
|1894|0x00000000f6600000, 0x00000000f6700000, 0x00000000f6700000|100%| O|  |TAMS 0x00000000f6600000| PB 0x00000000f6600000| Untracked 
|1895|0x00000000f6700000, 0x00000000f6800000, 0x00000000f6800000|100%| O|  |TAMS 0x00000000f6700000| PB 0x00000000f6700000| Untracked 
|1896|0x00000000f6800000, 0x00000000f6900000, 0x00000000f6900000|100%| O|  |TAMS 0x00000000f6800000| PB 0x00000000f6800000| Untracked 
|1897|0x00000000f6900000, 0x00000000f6a00000, 0x00000000f6a00000|100%| E|CS|TAMS 0x00000000f6900000| PB 0x00000000f6900000| Complete 
|1898|0x00000000f6a00000, 0x00000000f6b00000, 0x00000000f6b00000|100%| E|CS|TAMS 0x00000000f6a00000| PB 0x00000000f6a00000| Complete 
|1899|0x00000000f6b00000, 0x00000000f6c00000, 0x00000000f6c00000|100%| E|CS|TAMS 0x00000000f6b00000| PB 0x00000000f6b00000| Complete 
|1900|0x00000000f6c00000, 0x00000000f6d00000, 0x00000000f6d00000|100%| O|  |TAMS 0x00000000f6c00000| PB 0x00000000f6c00000| Untracked 
|1901|0x00000000f6d00000, 0x00000000f6e00000, 0x00000000f6e00000|100%| O|  |TAMS 0x00000000f6d00000| PB 0x00000000f6d00000| Untracked 
|1902|0x00000000f6e00000, 0x00000000f6f00000, 0x00000000f6f00000|100%| O|  |TAMS 0x00000000f6e00000| PB 0x00000000f6e00000| Untracked 
|1903|0x00000000f6f00000, 0x00000000f7000000, 0x00000000f7000000|100%| O|  |TAMS 0x00000000f6f00000| PB 0x00000000f6f00000| Untracked 
|1904|0x00000000f7000000, 0x00000000f7100000, 0x00000000f7100000|100%| O|  |TAMS 0x00000000f7000000| PB 0x00000000f7000000| Untracked 
|1905|0x00000000f7100000, 0x00000000f7200000, 0x00000000f7200000|100%| O|  |TAMS 0x00000000f7100000| PB 0x00000000f7100000| Untracked 
|1906|0x00000000f7200000, 0x00000000f7300000, 0x00000000f7300000|100%| O|  |TAMS 0x00000000f7200000| PB 0x00000000f7200000| Untracked 
|1907|0x00000000f7300000, 0x00000000f7400000, 0x00000000f7400000|100%| O|  |TAMS 0x00000000f7300000| PB 0x00000000f7300000| Untracked 
|1908|0x00000000f7400000, 0x00000000f7500000, 0x00000000f7500000|100%| O|  |TAMS 0x00000000f7400000| PB 0x00000000f7400000| Untracked 
|1909|0x00000000f7500000, 0x00000000f7600000, 0x00000000f7600000|100%| O|  |TAMS 0x00000000f7500000| PB 0x00000000f7500000| Untracked 
|1910|0x00000000f7600000, 0x00000000f7700000, 0x00000000f7700000|100%| O|  |TAMS 0x00000000f7600000| PB 0x00000000f7600000| Untracked 
|1911|0x00000000f7700000, 0x00000000f7800000, 0x00000000f7800000|100%| O|  |TAMS 0x00000000f7700000| PB 0x00000000f7700000| Untracked 
|1912|0x00000000f7800000, 0x00000000f7900000, 0x00000000f7900000|100%| O|Cm|TAMS 0x00000000f7800000| PB 0x00000000f7800000| Complete 
|1913|0x00000000f7900000, 0x00000000f7a00000, 0x00000000f7a00000|100%| E|CS|TAMS 0x00000000f7900000| PB 0x00000000f7900000| Complete 
|1914|0x00000000f7a00000, 0x00000000f7b00000, 0x00000000f7b00000|100%| O|  |TAMS 0x00000000f7a00000| PB 0x00000000f7a00000| Untracked 
|1915|0x00000000f7b00000, 0x00000000f7c00000, 0x00000000f7c00000|100%| O|  |TAMS 0x00000000f7b00000| PB 0x00000000f7b00000| Untracked 
|1916|0x00000000f7c00000, 0x00000000f7d00000, 0x00000000f7d00000|100%| O|  |TAMS 0x00000000f7c00000| PB 0x00000000f7c00000| Untracked 
|1917|0x00000000f7d00000, 0x00000000f7e00000, 0x00000000f7e00000|100%| E|CS|TAMS 0x00000000f7d00000| PB 0x00000000f7d00000| Complete 
|1918|0x00000000f7e00000, 0x00000000f7f00000, 0x00000000f7f00000|100%| O|  |TAMS 0x00000000f7e00000| PB 0x00000000f7e00000| Untracked 
|1919|0x00000000f7f00000, 0x00000000f8000000, 0x00000000f8000000|100%| O|  |TAMS 0x00000000f7f00000| PB 0x00000000f7f00000| Untracked 
|1920|0x00000000f8000000, 0x00000000f8100000, 0x00000000f8100000|100%| O|  |TAMS 0x00000000f8000000| PB 0x00000000f8000000| Untracked 
|1921|0x00000000f8100000, 0x00000000f8200000, 0x00000000f8200000|100%| O|  |TAMS 0x00000000f8100000| PB 0x00000000f8100000| Untracked 
|1922|0x00000000f8200000, 0x00000000f8300000, 0x00000000f8300000|100%| O|  |TAMS 0x00000000f8200000| PB 0x00000000f8200000| Untracked 
|1923|0x00000000f8300000, 0x00000000f8400000, 0x00000000f8400000|100%| O|  |TAMS 0x00000000f8300000| PB 0x00000000f8300000| Untracked 
|1924|0x00000000f8400000, 0x00000000f8500000, 0x00000000f8500000|100%| O|  |TAMS 0x00000000f8400000| PB 0x00000000f8400000| Untracked 
|1925|0x00000000f8500000, 0x00000000f8600000, 0x00000000f8600000|100%| O|  |TAMS 0x00000000f8500000| PB 0x00000000f8500000| Untracked 
|1926|0x00000000f8600000, 0x00000000f8700000, 0x00000000f8700000|100%| O|  |TAMS 0x00000000f8600000| PB 0x00000000f8600000| Untracked 
|1927|0x00000000f8700000, 0x00000000f8800000, 0x00000000f8800000|100%| O|  |TAMS 0x00000000f8700000| PB 0x00000000f8700000| Untracked 
|1928|0x00000000f8800000, 0x00000000f8900000, 0x00000000f8900000|100%| O|  |TAMS 0x00000000f8800000| PB 0x00000000f8800000| Untracked 
|1929|0x00000000f8900000, 0x00000000f8a00000, 0x00000000f8a00000|100%| O|  |TAMS 0x00000000f8900000| PB 0x00000000f8900000| Untracked 
|1930|0x00000000f8a00000, 0x00000000f8b00000, 0x00000000f8b00000|100%| O|  |TAMS 0x00000000f8a00000| PB 0x00000000f8a00000| Untracked 
|1931|0x00000000f8b00000, 0x00000000f8c00000, 0x00000000f8c00000|100%| O|  |TAMS 0x00000000f8b00000| PB 0x00000000f8b00000| Untracked 
|1932|0x00000000f8c00000, 0x00000000f8d00000, 0x00000000f8d00000|100%| O|  |TAMS 0x00000000f8c00000| PB 0x00000000f8c00000| Untracked 
|1933|0x00000000f8d00000, 0x00000000f8e00000, 0x00000000f8e00000|100%| O|  |TAMS 0x00000000f8d00000| PB 0x00000000f8d00000| Untracked 
|1934|0x00000000f8e00000, 0x00000000f8f00000, 0x00000000f8f00000|100%| O|  |TAMS 0x00000000f8e00000| PB 0x00000000f8e00000| Untracked 
|1935|0x00000000f8f00000, 0x00000000f9000000, 0x00000000f9000000|100%| O|  |TAMS 0x00000000f8f00000| PB 0x00000000f8f00000| Untracked 
|1936|0x00000000f9000000, 0x00000000f9100000, 0x00000000f9100000|100%| O|  |TAMS 0x00000000f9000000| PB 0x00000000f9000000| Untracked 
|1937|0x00000000f9100000, 0x00000000f9200000, 0x00000000f9200000|100%| E|CS|TAMS 0x00000000f9100000| PB 0x00000000f9100000| Complete 
|1938|0x00000000f9200000, 0x00000000f9300000, 0x00000000f9300000|100%| E|CS|TAMS 0x00000000f9200000| PB 0x00000000f9200000| Complete 
|1939|0x00000000f9300000, 0x00000000f9400000, 0x00000000f9400000|100%| E|CS|TAMS 0x00000000f9300000| PB 0x00000000f9300000| Complete 
|1943|0x00000000f9700000, 0x00000000f9800000, 0x00000000f9800000|100%| O|  |TAMS 0x00000000f9700000| PB 0x00000000f9700000| Untracked 
|1944|0x00000000f9800000, 0x00000000f9900000, 0x00000000f9900000|100%| O|  |TAMS 0x00000000f9800000| PB 0x00000000f9800000| Untracked 
|1945|0x00000000f9900000, 0x00000000f9a00000, 0x00000000f9a00000|100%| O|  |TAMS 0x00000000f9900000| PB 0x00000000f9900000| Untracked 
|1946|0x00000000f9a00000, 0x00000000f9b00000, 0x00000000f9b00000|100%| O|  |TAMS 0x00000000f9a00000| PB 0x00000000f9a00000| Untracked 
|1947|0x00000000f9b00000, 0x00000000f9c00000, 0x00000000f9c00000|100%| O|  |TAMS 0x00000000f9b00000| PB 0x00000000f9b00000| Untracked 
|1948|0x00000000f9c00000, 0x00000000f9d00000, 0x00000000f9d00000|100%| O|  |TAMS 0x00000000f9c00000| PB 0x00000000f9c00000| Untracked 
|1949|0x00000000f9d00000, 0x00000000f9e00000, 0x00000000f9e00000|100%| O|  |TAMS 0x00000000f9d00000| PB 0x00000000f9d00000| Untracked 
|1950|0x00000000f9e00000, 0x00000000f9f00000, 0x00000000f9f00000|100%| E|CS|TAMS 0x00000000f9e00000| PB 0x00000000f9e00000| Complete 
|1951|0x00000000f9f00000, 0x00000000fa000000, 0x00000000fa000000|100%| O|  |TAMS 0x00000000f9f00000| PB 0x00000000f9f00000| Untracked 
|1952|0x00000000fa000000, 0x00000000fa100000, 0x00000000fa100000|100%| O|  |TAMS 0x00000000fa000000| PB 0x00000000fa000000| Untracked 
|1953|0x00000000fa100000, 0x00000000fa200000, 0x00000000fa200000|100%| O|  |TAMS 0x00000000fa100000| PB 0x00000000fa100000| Untracked 
|1954|0x00000000fa200000, 0x00000000fa300000, 0x00000000fa300000|100%| O|  |TAMS 0x00000000fa200000| PB 0x00000000fa200000| Untracked 
|1955|0x00000000fa300000, 0x00000000fa400000, 0x00000000fa400000|100%| O|  |TAMS 0x00000000fa300000| PB 0x00000000fa300000| Untracked 
|1956|0x00000000fa400000, 0x00000000fa500000, 0x00000000fa500000|100%| O|  |TAMS 0x00000000fa400000| PB 0x00000000fa400000| Untracked 
|1957|0x00000000fa500000, 0x00000000fa600000, 0x00000000fa600000|100%| O|  |TAMS 0x00000000fa500000| PB 0x00000000fa500000| Untracked 
|1958|0x00000000fa600000, 0x00000000fa700000, 0x00000000fa700000|100%| O|  |TAMS 0x00000000fa600000| PB 0x00000000fa600000| Untracked 
|1959|0x00000000fa700000, 0x00000000fa800000, 0x00000000fa800000|100%| O|  |TAMS 0x00000000fa700000| PB 0x00000000fa700000| Untracked 
|1960|0x00000000fa800000, 0x00000000fa900000, 0x00000000fa900000|100%| O|  |TAMS 0x00000000fa800000| PB 0x00000000fa800000| Untracked 
|1961|0x00000000fa900000, 0x00000000faa00000, 0x00000000faa00000|100%| O|  |TAMS 0x00000000fa900000| PB 0x00000000fa900000| Untracked 
|1962|0x00000000faa00000, 0x00000000fab00000, 0x00000000fab00000|100%| O|  |TAMS 0x00000000faa00000| PB 0x00000000faa00000| Untracked 
|1963|0x00000000fab00000, 0x00000000fac00000, 0x00000000fac00000|100%| O|  |TAMS 0x00000000fab00000| PB 0x00000000fab00000| Untracked 
|1964|0x00000000fac00000, 0x00000000fad00000, 0x00000000fad00000|100%| O|  |TAMS 0x00000000fac00000| PB 0x00000000fac00000| Untracked 
|1965|0x00000000fad00000, 0x00000000fae00000, 0x00000000fae00000|100%| E|CS|TAMS 0x00000000fad00000| PB 0x00000000fad00000| Complete 
|1966|0x00000000fae00000, 0x00000000faf00000, 0x00000000faf00000|100%| O|  |TAMS 0x00000000fae00000| PB 0x00000000fae00000| Untracked 
|1967|0x00000000faf00000, 0x00000000fb000000, 0x00000000fb000000|100%| O|  |TAMS 0x00000000faf00000| PB 0x00000000faf00000| Untracked 
|1968|0x00000000fb000000, 0x00000000fb100000, 0x00000000fb100000|100%| O|  |TAMS 0x00000000fb000000| PB 0x00000000fb000000| Untracked 
|1969|0x00000000fb100000, 0x00000000fb200000, 0x00000000fb200000|100%| O|  |TAMS 0x00000000fb100000| PB 0x00000000fb100000| Untracked 
|1970|0x00000000fb200000, 0x00000000fb300000, 0x00000000fb300000|100%| O|Cm|TAMS 0x00000000fb200000| PB 0x00000000fb200000| Complete 
|1971|0x00000000fb300000, 0x00000000fb400000, 0x00000000fb400000|100%| E|CS|TAMS 0x00000000fb300000| PB 0x00000000fb300000| Complete 
|1972|0x00000000fb400000, 0x00000000fb500000, 0x00000000fb500000|100%| O|  |TAMS 0x00000000fb400000| PB 0x00000000fb400000| Untracked 
|1973|0x00000000fb500000, 0x00000000fb600000, 0x00000000fb600000|100%| O|  |TAMS 0x00000000fb500000| PB 0x00000000fb500000| Untracked 
|1974|0x00000000fb600000, 0x00000000fb700000, 0x00000000fb700000|100%| O|  |TAMS 0x00000000fb600000| PB 0x00000000fb600000| Untracked 
|1975|0x00000000fb700000, 0x00000000fb800000, 0x00000000fb800000|100%| E|CS|TAMS 0x00000000fb700000| PB 0x00000000fb700000| Complete 
|1976|0x00000000fb800000, 0x00000000fb900000, 0x00000000fb900000|100%| O|  |TAMS 0x00000000fb800000| PB 0x00000000fb800000| Untracked 
|1977|0x00000000fb900000, 0x00000000fba00000, 0x00000000fba00000|100%| O|Cm|TAMS 0x00000000fb900000| PB 0x00000000fb900000| Complete 
|1978|0x00000000fba00000, 0x00000000fbb00000, 0x00000000fbb00000|100%| O|  |TAMS 0x00000000fba00000| PB 0x00000000fba00000| Untracked 
|1979|0x00000000fbb00000, 0x00000000fbc00000, 0x00000000fbc00000|100%| E|CS|TAMS 0x00000000fbb00000| PB 0x00000000fbb00000| Complete 
|1980|0x00000000fbc00000, 0x00000000fbd00000, 0x00000000fbd00000|100%| E|CS|TAMS 0x00000000fbc00000| PB 0x00000000fbc00000| Complete 
|1981|0x00000000fbd00000, 0x00000000fbe00000, 0x00000000fbe00000|100%| O|  |TAMS 0x00000000fbd00000| PB 0x00000000fbd00000| Untracked 
|1982|0x00000000fbe00000, 0x00000000fbf00000, 0x00000000fbf00000|100%| O|  |TAMS 0x00000000fbe00000| PB 0x00000000fbe00000| Untracked 
|1983|0x00000000fbf00000, 0x00000000fc000000, 0x00000000fc000000|100%| O|  |TAMS 0x00000000fbf00000| PB 0x00000000fbf00000| Untracked 
|1984|0x00000000fc000000, 0x00000000fc100000, 0x00000000fc100000|100%| O|  |TAMS 0x00000000fc000000| PB 0x00000000fc000000| Untracked 
|1985|0x00000000fc100000, 0x00000000fc200000, 0x00000000fc200000|100%| O|  |TAMS 0x00000000fc100000| PB 0x00000000fc100000| Untracked 
|1986|0x00000000fc200000, 0x00000000fc300000, 0x00000000fc300000|100%| E|CS|TAMS 0x00000000fc200000| PB 0x00000000fc200000| Complete 
|1987|0x00000000fc300000, 0x00000000fc400000, 0x00000000fc400000|100%| O|  |TAMS 0x00000000fc300000| PB 0x00000000fc300000| Untracked 
|1988|0x00000000fc400000, 0x00000000fc500000, 0x00000000fc500000|100%| O|  |TAMS 0x00000000fc400000| PB 0x00000000fc400000| Untracked 
|1989|0x00000000fc500000, 0x00000000fc600000, 0x00000000fc600000|100%| O|  |TAMS 0x00000000fc500000| PB 0x00000000fc500000| Untracked 
|1990|0x00000000fc600000, 0x00000000fc700000, 0x00000000fc700000|100%| O|  |TAMS 0x00000000fc600000| PB 0x00000000fc600000| Untracked 
|1991|0x00000000fc700000, 0x00000000fc800000, 0x00000000fc800000|100%| O|  |TAMS 0x00000000fc700000| PB 0x00000000fc700000| Untracked 
|1992|0x00000000fc800000, 0x00000000fc900000, 0x00000000fc900000|100%| O|  |TAMS 0x00000000fc800000| PB 0x00000000fc800000| Untracked 
|1993|0x00000000fc900000, 0x00000000fca00000, 0x00000000fca00000|100%| O|  |TAMS 0x00000000fc900000| PB 0x00000000fc900000| Untracked 
|1994|0x00000000fca00000, 0x00000000fcb00000, 0x00000000fcb00000|100%| O|  |TAMS 0x00000000fca00000| PB 0x00000000fca00000| Untracked 
|1995|0x00000000fcb00000, 0x00000000fcc00000, 0x00000000fcc00000|100%| O|  |TAMS 0x00000000fcb00000| PB 0x00000000fcb00000| Untracked 
|1996|0x00000000fcc00000, 0x00000000fcd00000, 0x00000000fcd00000|100%| O|  |TAMS 0x00000000fcc00000| PB 0x00000000fcc00000| Untracked 
|1997|0x00000000fcd00000, 0x00000000fce00000, 0x00000000fce00000|100%| O|  |TAMS 0x00000000fcd00000| PB 0x00000000fcd00000| Untracked 
|1998|0x00000000fce00000, 0x00000000fcf00000, 0x00000000fcf00000|100%| O|  |TAMS 0x00000000fce00000| PB 0x00000000fce00000| Untracked 
|1999|0x00000000fcf00000, 0x00000000fd000000, 0x00000000fd000000|100%| E|CS|TAMS 0x00000000fcf00000| PB 0x00000000fcf00000| Complete 
|2000|0x00000000fd000000, 0x00000000fd100000, 0x00000000fd100000|100%| E|CS|TAMS 0x00000000fd000000| PB 0x00000000fd000000| Complete 
|2001|0x00000000fd100000, 0x00000000fd200000, 0x00000000fd200000|100%| E|CS|TAMS 0x00000000fd100000| PB 0x00000000fd100000| Complete 
|2002|0x00000000fd200000, 0x00000000fd300000, 0x00000000fd300000|100%| O|  |TAMS 0x00000000fd200000| PB 0x00000000fd200000| Untracked 
|2003|0x00000000fd300000, 0x00000000fd400000, 0x00000000fd400000|100%| E|CS|TAMS 0x00000000fd300000| PB 0x00000000fd300000| Complete 
|2004|0x00000000fd400000, 0x00000000fd500000, 0x00000000fd500000|100%| E|CS|TAMS 0x00000000fd400000| PB 0x00000000fd400000| Complete 
|2005|0x00000000fd500000, 0x00000000fd600000, 0x00000000fd600000|100%| E|CS|TAMS 0x00000000fd500000| PB 0x00000000fd500000| Complete 
|2006|0x00000000fd600000, 0x00000000fd700000, 0x00000000fd700000|100%| E|CS|TAMS 0x00000000fd600000| PB 0x00000000fd600000| Complete 
|2007|0x00000000fd700000, 0x00000000fd800000, 0x00000000fd800000|100%| E|CS|TAMS 0x00000000fd700000| PB 0x00000000fd700000| Complete 
|2008|0x00000000fd800000, 0x00000000fd900000, 0x00000000fd900000|100%| E|CS|TAMS 0x00000000fd800000| PB 0x00000000fd800000| Complete 
|2009|0x00000000fd900000, 0x00000000fda00000, 0x00000000fda00000|100%| E|CS|TAMS 0x00000000fd900000| PB 0x00000000fd900000| Complete 
|2010|0x00000000fda00000, 0x00000000fdb00000, 0x00000000fdb00000|100%| E|CS|TAMS 0x00000000fda00000| PB 0x00000000fda00000| Complete 
|2011|0x00000000fdb00000, 0x00000000fdc00000, 0x00000000fdc00000|100%| E|CS|TAMS 0x00000000fdb00000| PB 0x00000000fdb00000| Complete 
|2012|0x00000000fdc00000, 0x00000000fdd00000, 0x00000000fdd00000|100%| E|CS|TAMS 0x00000000fdc00000| PB 0x00000000fdc00000| Complete 
|2013|0x00000000fdd00000, 0x00000000fde00000, 0x00000000fde00000|100%| E|CS|TAMS 0x00000000fdd00000| PB 0x00000000fdd00000| Complete 
|2014|0x00000000fde00000, 0x00000000fdf00000, 0x00000000fdf00000|100%| E|CS|TAMS 0x00000000fde00000| PB 0x00000000fde00000| Complete 
|2015|0x00000000fdf00000, 0x00000000fe000000, 0x00000000fe000000|100%| E|CS|TAMS 0x00000000fdf00000| PB 0x00000000fdf00000| Complete 
|2016|0x00000000fe000000, 0x00000000fe100000, 0x00000000fe100000|100%| E|CS|TAMS 0x00000000fe000000| PB 0x00000000fe000000| Complete 
|2017|0x00000000fe100000, 0x00000000fe200000, 0x00000000fe200000|100%| E|CS|TAMS 0x00000000fe100000| PB 0x00000000fe100000| Complete 
|2018|0x00000000fe200000, 0x00000000fe300000, 0x00000000fe300000|100%| E|CS|TAMS 0x00000000fe200000| PB 0x00000000fe200000| Complete 
|2019|0x00000000fe300000, 0x00000000fe400000, 0x00000000fe400000|100%| E|CS|TAMS 0x00000000fe300000| PB 0x00000000fe300000| Complete 
|2020|0x00000000fe400000, 0x00000000fe500000, 0x00000000fe500000|100%| E|CS|TAMS 0x00000000fe400000| PB 0x00000000fe400000| Complete 
|2021|0x00000000fe500000, 0x00000000fe600000, 0x00000000fe600000|100%| O|  |TAMS 0x00000000fe500000| PB 0x00000000fe500000| Untracked 
|2022|0x00000000fe600000, 0x00000000fe700000, 0x00000000fe700000|100%| O|  |TAMS 0x00000000fe600000| PB 0x00000000fe600000| Untracked 
|2023|0x00000000fe700000, 0x00000000fe800000, 0x00000000fe800000|100%| E|CS|TAMS 0x00000000fe700000| PB 0x00000000fe700000| Complete 
|2024|0x00000000fe800000, 0x00000000fe900000, 0x00000000fe900000|100%| E|CS|TAMS 0x00000000fe800000| PB 0x00000000fe800000| Complete 
|2025|0x00000000fe900000, 0x00000000fea00000, 0x00000000fea00000|100%| O|  |TAMS 0x00000000fe900000| PB 0x00000000fe900000| Untracked 
|2026|0x00000000fea00000, 0x00000000feb00000, 0x00000000feb00000|100%| E|CS|TAMS 0x00000000fea00000| PB 0x00000000fea00000| Complete 
|2027|0x00000000feb00000, 0x00000000fec00000, 0x00000000fec00000|100%| E|CS|TAMS 0x00000000feb00000| PB 0x00000000feb00000| Complete 
|2028|0x00000000fec00000, 0x00000000fed00000, 0x00000000fed00000|100%| O|  |TAMS 0x00000000fec00000| PB 0x00000000fec00000| Untracked 
|2029|0x00000000fed00000, 0x00000000fee00000, 0x00000000fee00000|100%| O|  |TAMS 0x00000000fed00000| PB 0x00000000fed00000| Untracked 
|2030|0x00000000fee00000, 0x00000000fef00000, 0x00000000fef00000|100%| E|CS|TAMS 0x00000000fee00000| PB 0x00000000fee00000| Complete 
|2031|0x00000000fef00000, 0x00000000ff000000, 0x00000000ff000000|100%| E|CS|TAMS 0x00000000fef00000| PB 0x00000000fef00000| Complete 
|2032|0x00000000ff000000, 0x00000000ff100000, 0x00000000ff100000|100%| E|CS|TAMS 0x00000000ff000000| PB 0x00000000ff000000| Complete 
|2033|0x00000000ff100000, 0x00000000ff200000, 0x00000000ff200000|100%| O|  |TAMS 0x00000000ff100000| PB 0x00000000ff100000| Untracked 
|2034|0x00000000ff200000, 0x00000000ff300000, 0x00000000ff300000|100%| O|  |TAMS 0x00000000ff200000| PB 0x00000000ff200000| Untracked 
|2035|0x00000000ff300000, 0x00000000ff400000, 0x00000000ff400000|100%| O|  |TAMS 0x00000000ff300000| PB 0x00000000ff300000| Untracked 
|2036|0x00000000ff400000, 0x00000000ff500000, 0x00000000ff500000|100%| O|  |TAMS 0x00000000ff400000| PB 0x00000000ff400000| Untracked 
|2037|0x00000000ff500000, 0x00000000ff600000, 0x00000000ff600000|100%| E|CS|TAMS 0x00000000ff500000| PB 0x00000000ff500000| Complete 
|2038|0x00000000ff600000, 0x00000000ff700000, 0x00000000ff700000|100%| O|  |TAMS 0x00000000ff600000| PB 0x00000000ff600000| Untracked 
|2039|0x00000000ff700000, 0x00000000ff800000, 0x00000000ff800000|100%| O|  |TAMS 0x00000000ff700000| PB 0x00000000ff700000| Untracked 
|2040|0x00000000ff800000, 0x00000000ff900000, 0x00000000ff900000|100%| O|  |TAMS 0x00000000ff800000| PB 0x00000000ff800000| Untracked 
|2041|0x00000000ff900000, 0x00000000ffa00000, 0x00000000ffa00000|100%| O|  |TAMS 0x00000000ff900000| PB 0x00000000ff900000| Untracked 
|2042|0x00000000ffa00000, 0x00000000ffb00000, 0x00000000ffb00000|100%| O|  |TAMS 0x00000000ffa00000| PB 0x00000000ffa00000| Untracked 
|2043|0x00000000ffb00000, 0x00000000ffc00000, 0x00000000ffc00000|100%| O|  |TAMS 0x00000000ffb00000| PB 0x00000000ffb00000| Untracked 
|2044|0x00000000ffc00000, 0x00000000ffd00000, 0x00000000ffd00000|100%| E|CS|TAMS 0x00000000ffc00000| PB 0x00000000ffc00000| Complete 
|2045|0x00000000ffd00000, 0x00000000ffe00000, 0x00000000ffe00000|100%| O|  |TAMS 0x00000000ffd00000| PB 0x00000000ffd00000| Untracked 
|2046|0x00000000ffe00000, 0x00000000fff00000, 0x00000000fff00000|100%| O|  |TAMS 0x00000000ffe00000| PB 0x00000000ffe00000| Untracked 
|2047|0x00000000fff00000, 0x0000000100000000, 0x0000000100000000|100%| O|  |TAMS 0x00000000fff00000| PB 0x00000000fff00000| Untracked 

Card table byte_map: [0x000001dfae280000,0x000001dfae680000] _byte_map_base: 0x000001dfade80000

Marking Bits: (CMBitMap*) 0x000001df89116b90
 Bits: [0x000001dfae680000, 0x000001dfb0680000)

Polling page: 0x000001df86840000

Metaspace:

Usage:
  Non-class:    342.65 MB used.
      Class:     48.52 MB used.
       Both:    391.17 MB used.

Virtual space:
  Non-class space:      384.00 MB reserved,     345.94 MB ( 90%) committed,  6 nodes.
      Class space:        1.00 GB reserved,      51.19 MB (  5%) committed,  1 nodes.
             Both:        1.38 GB reserved,     397.12 MB ( 28%) committed. 

Chunk freelists:
   Non-Class:  5.86 MB
       Class:  12.78 MB
        Both:  18.64 MB

MaxMetaspaceSize: unlimited
CompressedClassSpaceSize: 1.00 GB
Initial GC threshold: 21.00 MB
Current GC threshold: 655.00 MB
CDS: on
 - commit_granule_bytes: 65536.
 - commit_granule_words: 8192.
 - virtual_space_node_default_size: 8388608.
 - enlarge_chunks_in_place: 1.
 - use_allocation_guard: 0.


Internal statistics:

num_allocs_failed_limit: 91.
num_arena_births: 7684.
num_arena_deaths: 814.
num_vsnodes_births: 7.
num_vsnodes_deaths: 0.
num_space_committed: 6347.
num_space_uncommitted: 0.
num_chunks_returned_to_freelist: 1167.
num_chunks_taken_from_freelist: 29972.
num_chunk_merges: 462.
num_chunk_splits: 16941.
num_chunks_enlarged: 8100.
num_inconsistent_stats: 0.

CodeHeap 'non-profiled nmethods': size=259328Kb used=20385Kb max_used=20385Kb free=238943Kb
 bounds [0x000001df9d370000, 0x000001df9e760000, 0x000001dfad0b0000]
CodeHeap 'profiled nmethods': size=259264Kb used=79262Kb max_used=79262Kb free=180001Kb
 bounds [0x000001df8d0b0000, 0x000001df91e30000, 0x000001df9cde0000]
CodeHeap 'non-nmethods': size=5696Kb used=3576Kb max_used=3600Kb free=2119Kb
 bounds [0x000001df9cde0000, 0x000001df9d180000, 0x000001df9d370000]
 total_blobs=38906 nmethods=36719 adapters=2088
 compilation: enabled
              stopped_count=0, restarted_count=0
 full_count=0

Compilation events (20 events):
Event: 93.640 Thread 0x000001dfb2a8c9b0 52684       2       com.intellij.psi.stubs.FileLocalStringEnumerator::enumerate (9 bytes)
Event: 93.640 Thread 0x000001dfb2a8c9b0 nmethod 52684 0x000001df91e2a310 code [0x000001df91e2a4c0, 0x000001df91e2a618]
Event: 93.640 Thread 0x000001dfb2a8c9b0 52685       2       com.intellij.psi.stubs.FileLocalStringEnumerator::enumerate (71 bytes)
Event: 93.641 Thread 0x000001dfb2a8c9b0 nmethod 52685 0x000001df91e2a710 code [0x000001df91e2a900, 0x000001df91e2ac08]
Event: 93.641 Thread 0x000001dfb2a8c9b0 52688       2       com.intellij.openapi.util.text.Strings::containsChar (22 bytes)
Event: 93.641 Thread 0x000001dfb2a8c9b0 nmethod 52688 0x000001df91e2ae10 code [0x000001df91e2afc0, 0x000001df91e2b120]
Event: 93.641 Thread 0x000001dfb2a88910 nmethod 52677 0x000001df9e755c10 code [0x000001df9e755dc0, 0x000001df9e756220]
Event: 93.641 Thread 0x000001dfb2a8c9b0 52690       2       com.intellij.psi.stubs.NamedStubBase::getName (19 bytes)
Event: 93.641 Thread 0x000001dfb2a88910 51420       4       com.intellij.lang.impl.PsiBuilderImpl::isWhitespaceOrComment (37 bytes)
Event: 93.641 Thread 0x000001dfb2a8c9b0 nmethod 52690 0x000001df91e2b210 code [0x000001df91e2b3c0, 0x000001df91e2b528]
Event: 93.641 Thread 0x000001dfb2a8c9b0 52691   !   2       com.intellij.util.io.StringRef::getString (55 bytes)
Event: 93.641 Thread 0x000001dfb2a8c9b0 nmethod 52691 0x000001df91e2b610 code [0x000001df91e2b7e0, 0x000001df91e2baf0]
Event: 93.644 Thread 0x000001dfb2a88910 nmethod 51420 0x000001df9e756510 code [0x000001df9e7566c0, 0x000001df9e756978]
Event: 93.644 Thread 0x000001dfb2a88910 51515       4       com.jetbrains.rider.languages.fileTypes.csharp.lexer.CSharpLexer::c (93 bytes)
Event: 93.647 Thread 0x000001dfb2a88910 nmethod 51515 0x000001df9e756c10 code [0x000001df9e756e20, 0x000001df9e7572b0]
Event: 93.648 Thread 0x000001dfb2a88910 52693 %     4       com.intellij.openapi.util.text.TrigramBuilder$AddonlyIntSet::toArray @ 58 (112 bytes)
Event: 93.652 Thread 0x000001dfb2a88910 nmethod 52693% 0x000001df9e757790 code [0x000001df9e757920, 0x000001df9e757c88]
Event: 93.652 Thread 0x000001dfb2a88910 51508       4       com.intellij.openapi.util.text.TrigramBuilder$AddonlyIntSet::add (76 bytes)
Event: 93.654 Thread 0x000001dfb2a88910 nmethod 51508 0x000001df9e757e10 code [0x000001df9e757fc0, 0x000001df9e758238]
Event: 93.654 Thread 0x000001dfb2a88910 51793       4       com.intellij.lang.impl.PsiBuilderImpl::eof (33 bytes)

GC Heap History (20 events):
Event: 69.560 GC heap after
{Heap after GC invocations=85 (full 0):
 garbage-first heap   total 1662976K, used 446018K [0x0000000080000000, 0x0000000100000000)
  region size 1024K, 65 young (66560K), 65 survivors (66560K)
 Metaspace       used 392917K, committed 399232K, reserved 1441792K
  class space    used 48667K, committed 51520K, reserved 1048576K
}
Event: 72.857 GC heap before
{Heap before GC invocations=86 (full 0):
 garbage-first heap   total 1546240K, used 1544770K [0x0000000080000000, 0x0000000100000000)
  region size 1024K, 637 young (652288K), 65 survivors (66560K)
 Metaspace       used 393888K, committed 400192K, reserved 1441792K
  class space    used 48809K, committed 51648K, reserved 1048576K
}
Event: 72.884 GC heap after
{Heap after GC invocations=87 (full 0):
 garbage-first heap   total 1612800K, used 448620K [0x0000000080000000, 0x0000000100000000)
  region size 1024K, 55 young (56320K), 55 survivors (56320K)
 Metaspace       used 393888K, committed 400192K, reserved 1441792K
  class space    used 48809K, committed 51648K, reserved 1048576K
}
Event: 76.306 GC heap before
{Heap before GC invocations=87 (full 0):
 garbage-first heap   total 1616896K, used 1614956K [0x0000000080000000, 0x0000000100000000)
  region size 1024K, 621 young (635904K), 55 survivors (56320K)
 Metaspace       used 394116K, committed 400448K, reserved 1441792K
  class space    used 48824K, committed 51648K, reserved 1048576K
}
Event: 76.335 GC heap after
{Heap after GC invocations=88 (full 0):
 garbage-first heap   total 1685504K, used 441508K [0x0000000080000000, 0x0000000100000000)
  region size 1024K, 56 young (57344K), 56 survivors (57344K)
 Metaspace       used 394116K, committed 400448K, reserved 1441792K
  class space    used 48824K, committed 51648K, reserved 1048576K
}
Event: 76.384 GC heap before
{Heap before GC invocations=88 (full 0):
 garbage-first heap   total 1685504K, used 467108K [0x0000000080000000, 0x0000000100000000)
  region size 1024K, 82 young (83968K), 56 survivors (57344K)
 Metaspace       used 394125K, committed 400448K, reserved 1441792K
  class space    used 48825K, committed 51648K, reserved 1048576K
}
Event: 76.403 GC heap after
{Heap after GC invocations=89 (full 0):
 garbage-first heap   total 1685504K, used 443556K [0x0000000080000000, 0x0000000100000000)
  region size 1024K, 58 young (59392K), 58 survivors (59392K)
 Metaspace       used 394125K, committed 400448K, reserved 1441792K
  class space    used 48825K, committed 51648K, reserved 1048576K
}
Event: 80.624 GC heap before
{Heap before GC invocations=90 (full 0):
 garbage-first heap   total 1588224K, used 1586340K [0x0000000080000000, 0x0000000100000000)
  region size 1024K, 595 young (609280K), 58 survivors (59392K)
 Metaspace       used 394261K, committed 400512K, reserved 1441792K
  class space    used 48800K, committed 51648K, reserved 1048576K
}
Event: 80.651 GC heap after
{Heap after GC invocations=91 (full 0):
 garbage-first heap   total 1651712K, used 446173K [0x0000000080000000, 0x0000000100000000)
  region size 1024K, 58 young (59392K), 58 survivors (59392K)
 Metaspace       used 394261K, committed 400512K, reserved 1441792K
  class space    used 48800K, committed 51648K, reserved 1048576K
}
Event: 84.040 GC heap before
{Heap before GC invocations=91 (full 0):
 garbage-first heap   total 1651712K, used 1648349K [0x0000000080000000, 0x0000000100000000)
  region size 1024K, 642 young (657408K), 58 survivors (59392K)
 Metaspace       used 394376K, committed 400640K, reserved 1441792K
  class space    used 48829K, committed 51712K, reserved 1048576K
}
Event: 84.077 GC heap after
{Heap after GC invocations=92 (full 0):
 garbage-first heap   total 1745920K, used 456306K [0x0000000080000000, 0x0000000100000000)
  region size 1024K, 67 young (68608K), 67 survivors (68608K)
 Metaspace       used 394376K, committed 400640K, reserved 1441792K
  class space    used 48829K, committed 51712K, reserved 1048576K
}
Event: 84.082 GC heap before
{Heap before GC invocations=92 (full 0):
 garbage-first heap   total 1745920K, used 457330K [0x0000000080000000, 0x0000000100000000)
  region size 1024K, 69 young (70656K), 67 survivors (68608K)
 Metaspace       used 394376K, committed 400640K, reserved 1441792K
  class space    used 48829K, committed 51712K, reserved 1048576K
}
Event: 84.113 GC heap after
{Heap after GC invocations=93 (full 0):
 garbage-first heap   total 1745920K, used 451769K [0x0000000080000000, 0x0000000100000000)
  region size 1024K, 55 young (56320K), 55 survivors (56320K)
 Metaspace       used 394376K, committed 400640K, reserved 1441792K
  class space    used 48829K, committed 51712K, reserved 1048576K
}
Event: 87.541 GC heap before
{Heap before GC invocations=94 (full 0):
 garbage-first heap   total 1570816K, used 1568953K [0x0000000080000000, 0x0000000100000000)
  region size 1024K, 607 young (621568K), 55 survivors (56320K)
 Metaspace       used 395468K, committed 401536K, reserved 1441792K
  class space    used 48959K, committed 51712K, reserved 1048576K
}
Event: 87.563 GC heap after
{Heap after GC invocations=95 (full 0):
 garbage-first heap   total 1629184K, used 448183K [0x0000000080000000, 0x0000000100000000)
  region size 1024K, 51 young (52224K), 51 survivors (52224K)
 Metaspace       used 395468K, committed 401536K, reserved 1441792K
  class space    used 48959K, committed 51712K, reserved 1048576K
}
Event: 90.580 GC heap before
{Heap before GC invocations=95 (full 0):
 garbage-first heap   total 1652736K, used 1650359K [0x0000000080000000, 0x0000000100000000)
  region size 1024K, 673 young (689152K), 51 survivors (52224K)
 Metaspace       used 396395K, committed 402432K, reserved 1441792K
  class space    used 49080K, committed 51776K, reserved 1048576K
}
Event: 90.610 GC heap after
{Heap after GC invocations=96 (full 0):
 garbage-first heap   total 1722368K, used 447893K [0x0000000080000000, 0x0000000100000000)
  region size 1024K, 57 young (58368K), 57 survivors (58368K)
 Metaspace       used 396395K, committed 402432K, reserved 1441792K
  class space    used 49080K, committed 51776K, reserved 1048576K
}
Event: 90.694 GC heap before
{Heap before GC invocations=96 (full 0):
 garbage-first heap   total 1722368K, used 487829K [0x0000000080000000, 0x0000000100000000)
  region size 1024K, 97 young (99328K), 57 survivors (58368K)
 Metaspace       used 396414K, committed 402432K, reserved 1441792K
  class space    used 49080K, committed 51776K, reserved 1048576K
}
Event: 90.713 GC heap after
{Heap after GC invocations=97 (full 0):
 garbage-first heap   total 1722368K, used 450508K [0x0000000080000000, 0x0000000100000000)
  region size 1024K, 57 young (58368K), 57 survivors (58368K)
 Metaspace       used 396414K, committed 402432K, reserved 1441792K
  class space    used 49080K, committed 51776K, reserved 1048576K
}
Event: 93.656 GC heap before
{Heap before GC invocations=98 (full 0):
 garbage-first heap   total 1703936K, used 1701836K [0x0000000080000000, 0x0000000100000000)
  region size 1024K, 853 young (873472K), 57 survivors (58368K)
 Metaspace       used 400560K, committed 406656K, reserved 1441792K
  class space    used 49688K, committed 52416K, reserved 1048576K
}

Dll operation events (3 events):
Event: 0.004 Loaded shared library C:\Program Files\JetBrains\JetBrains Rider 2025.2\jbr\bin\java.dll
Event: 0.004 Loaded shared library C:\Program Files\JetBrains\JetBrains Rider 2025.2\jbr\bin\zip.dll
Event: 0.258 Loaded shared library C:\Program Files\JetBrains\JetBrains Rider 2025.2\jbr\bin\verify.dll

Deoptimization events (20 events):
Event: 93.552 Thread 0x000001e02dc2a2c0 DEOPT PACKING pc=0x000001df919c5e59 sp=0x0000006343efdcb0
Event: 93.552 Thread 0x000001e02dc2a2c0 DEOPT UNPACKING pc=0x000001df9ce34e42 sp=0x0000006343efd128 mode 0
Event: 93.553 Thread 0x000001e02dc2a2c0 DEOPT PACKING pc=0x000001df919c5fa6 sp=0x0000006343efddd0
Event: 93.553 Thread 0x000001e02dc2a2c0 DEOPT UNPACKING pc=0x000001df9ce34e42 sp=0x0000006343efd248 mode 0
Event: 93.558 Thread 0x000001e0277a8d70 DEOPT PACKING pc=0x000001df8e442857 sp=0x000000633b9fe3e0
Event: 93.558 Thread 0x000001e0277a8d70 DEOPT UNPACKING pc=0x000001df9ce34e42 sp=0x000000633b9fd878 mode 0
Event: 93.559 Thread 0x000001e0277a9a90 DEOPT PACKING pc=0x000001df8e442857 sp=0x000000633bffd510
Event: 93.559 Thread 0x000001e0277a9a90 DEOPT UNPACKING pc=0x000001df9ce34e42 sp=0x000000633bffc9a8 mode 0
Event: 93.564 Thread 0x000001e036dd1000 DEOPT PACKING pc=0x000001df9167b45a sp=0x00000063466fd520
Event: 93.564 Thread 0x000001e036dd1000 DEOPT UNPACKING pc=0x000001df9ce34e42 sp=0x00000063466fc9a8 mode 0
Event: 93.564 Thread 0x000001e036dd1000 DEOPT PACKING pc=0x000001df91c4d2df sp=0x00000063466fd560
Event: 93.564 Thread 0x000001e036dd1000 DEOPT UNPACKING pc=0x000001df9ce34e42 sp=0x00000063466fca60 mode 0
Event: 93.569 Thread 0x000001e0277ad5a0 DEOPT PACKING pc=0x000001df91bfba02 sp=0x000000633c3fc4a0
Event: 93.569 Thread 0x000001e0277ad5a0 DEOPT UNPACKING pc=0x000001df9ce34e42 sp=0x000000633c3fb968 mode 0
Event: 93.569 Thread 0x000001e0277abb60 DEOPT PACKING pc=0x000001df91bfba52 sp=0x000000633bbfc770
Event: 93.569 Thread 0x000001e0277abb60 DEOPT UNPACKING pc=0x000001df9ce34e42 sp=0x000000633bbfbc38 mode 0
Event: 93.615 Thread 0x000001e02dc2a2c0 DEOPT PACKING pc=0x000001df9167b45a sp=0x0000006343efd6c0
Event: 93.615 Thread 0x000001e02dc2a2c0 DEOPT UNPACKING pc=0x000001df9ce34e42 sp=0x0000006343efcb48 mode 0
Event: 93.615 Thread 0x000001e02dc2a2c0 DEOPT PACKING pc=0x000001df91c4d2df sp=0x0000006343efd700
Event: 93.615 Thread 0x000001e02dc2a2c0 DEOPT UNPACKING pc=0x000001df9ce34e42 sp=0x0000006343efcc00 mode 0

Classes loaded (20 events):
Event: 93.443 Loading class com/intellij/diagnostic/DialogAppender$queueEvent$1
Event: 93.443 Loading class com/intellij/diagnostic/DialogAppender$queueEvent$1 done
Event: 93.444 Loading class com/intellij/diagnostic/DefaultIdeaErrorLogger
Event: 93.444 Loading class com/intellij/diagnostic/DefaultIdeaErrorLogger done
Event: 93.447 Loading class com/intellij/featureStatistics/fusCollectors/ThrowableDescription
Event: 93.447 Loading class com/intellij/featureStatistics/fusCollectors/ThrowableDescription done
Event: 93.447 Loading class com/intellij/openapi/diagnostic/ErrorReportSubmitter
Event: 93.447 Loading class com/intellij/openapi/diagnostic/ErrorReportSubmitter done
Event: 93.447 Loading class com/intellij/openapi/diagnostic/UntraceableException
Event: 93.447 Loading class com/intellij/openapi/diagnostic/UntraceableException done
Event: 93.450 Loading class com/jetbrains/rider/ea/DotNetExceptionReporter
Event: 93.450 Loading class com/jetbrains/rider/ea/DotNetExceptionReporter done
Event: 93.452 Loading class com/intellij/diagnostic/ITNReporter
Event: 93.452 Loading class com/intellij/diagnostic/ITNReporter done
Event: 93.453 Loading class com/intellij/openapi/diagnostic/IdeaLoggingEvent
Event: 93.453 Loading class com/intellij/openapi/diagnostic/IdeaLoggingEvent done
Event: 93.549 Loading class com/intellij/util/text/XmlCharsetDetector
Event: 93.549 Loading class com/intellij/util/text/XmlCharsetDetector done
Event: 93.646 Loading class com/jetbrains/rider/languages/fileTypes/csharp/psi/impl/CSharpContexualKeywordWrapper
Event: 93.646 Loading class com/jetbrains/rider/languages/fileTypes/csharp/psi/impl/CSharpContexualKeywordWrapper done

Classes unloaded (20 events):
Event: 90.896 Thread 0x000001dfb2a63e90 Unloading class 0x000001dfb7259c00 'java/lang/invoke/LambdaForm$MH+0x000001dfb7259c00'
Event: 90.896 Thread 0x000001dfb2a63e90 Unloading class 0x000001dfb7259800 'java/lang/invoke/LambdaForm$MH+0x000001dfb7259800'
Event: 90.896 Thread 0x000001dfb2a63e90 Unloading class 0x000001dfb7258c00 'java/lang/invoke/LambdaForm$MH+0x000001dfb7258c00'
Event: 90.896 Thread 0x000001dfb2a63e90 Unloading class 0x000001dfb7258800 'java/lang/invoke/LambdaForm$MH+0x000001dfb7258800'
Event: 90.896 Thread 0x000001dfb2a63e90 Unloading class 0x000001dfb71c4400 'java/lang/invoke/LambdaForm$MH+0x000001dfb71c4400'
Event: 90.896 Thread 0x000001dfb2a63e90 Unloading class 0x000001dfb71c3800 'java/lang/invoke/LambdaForm$MH+0x000001dfb71c3800'
Event: 90.896 Thread 0x000001dfb2a63e90 Unloading class 0x000001dfb71c2c00 'java/lang/invoke/LambdaForm$MH+0x000001dfb71c2c00'
Event: 90.896 Thread 0x000001dfb2a63e90 Unloading class 0x000001dfb71c2800 'java/lang/invoke/LambdaForm$MH+0x000001dfb71c2800'
Event: 90.896 Thread 0x000001dfb2a63e90 Unloading class 0x000001dfb71c2400 'java/lang/invoke/LambdaForm$MH+0x000001dfb71c2400'
Event: 90.896 Thread 0x000001dfb2a63e90 Unloading class 0x000001dfb71c2000 'java/lang/invoke/LambdaForm$MH+0x000001dfb71c2000'
Event: 90.896 Thread 0x000001dfb2a63e90 Unloading class 0x000001dfb71c0800 'java/lang/invoke/LambdaForm$MH+0x000001dfb71c0800'
Event: 90.896 Thread 0x000001dfb2a63e90 Unloading class 0x000001dfb71c0400 'java/lang/invoke/LambdaForm$MH+0x000001dfb71c0400'
Event: 90.896 Thread 0x000001dfb2a63e90 Unloading class 0x000001dfb71c0000 'java/lang/invoke/LambdaForm$MH+0x000001dfb71c0000'
Event: 90.896 Thread 0x000001dfb2a63e90 Unloading class 0x000001dfb70bdc00 'java/lang/invoke/LambdaForm$DMH+0x000001dfb70bdc00'
Event: 90.896 Thread 0x000001dfb2a63e90 Unloading class 0x000001dfb639b000 'java/lang/invoke/LambdaForm$MH+0x000001dfb639b000'
Event: 90.896 Thread 0x000001dfb2a63e90 Unloading class 0x000001dfb639ac00 'java/lang/invoke/LambdaForm$MH+0x000001dfb639ac00'
Event: 90.896 Thread 0x000001dfb2a63e90 Unloading class 0x000001dfb6391400 'java/lang/invoke/LambdaForm$MH+0x000001dfb6391400'
Event: 90.896 Thread 0x000001dfb2a63e90 Unloading class 0x000001dfb6391000 'java/lang/invoke/LambdaForm$MH+0x000001dfb6391000'
Event: 90.896 Thread 0x000001dfb2a63e90 Unloading class 0x000001dfb6212c00 'java/lang/invoke/LambdaForm$MH+0x000001dfb6212c00'
Event: 90.896 Thread 0x000001dfb2a63e90 Unloading class 0x000001dfb6013000 'java/lang/invoke/LambdaForm$MH+0x000001dfb6013000'

Classes redefined (4 events):
Event: 0.169 Thread 0x000001dfb2a63e90 redefined class name=java.math.BigInteger, count=1
Event: 0.176 Thread 0x000001dfb2a63e90 redefined class name=java.net.InetAddress, count=1
Event: 0.180 Thread 0x000001dfb2a63e90 redefined class name=sun.management.VMManagementImpl, count=1
Event: 0.194 Thread 0x000001dfb2a63e90 redefined class name=java.lang.Class, count=1

Internal exceptions (20 events):
Event: 93.358 Thread 0x000001e0277abb60 Exception <a 'java/io/IOException'{0x00000000b1acfed8}> (0x00000000b1acfed8) 
thrown [s\src\hotspot\share\prims\jni.cpp, line 537]
Event: 93.358 Thread 0x000001e0277abb60 Exception <a 'java/io/IOException'{0x00000000b1ad01f0}> (0x00000000b1ad01f0) 
thrown [s\src\hotspot\share\prims\jni.cpp, line 537]
Event: 93.359 Thread 0x000001e0277abb60 Exception <a 'java/io/IOException'{0x00000000b1915068}> (0x00000000b1915068) 
thrown [s\src\hotspot\share\prims\jni.cpp, line 537]
Event: 93.359 Thread 0x000001e0277abb60 Exception <a 'java/io/IOException'{0x00000000b1915380}> (0x00000000b1915380) 
thrown [s\src\hotspot\share\prims\jni.cpp, line 537]
Event: 93.365 Thread 0x000001e024a8dc70 Exception <a 'java/io/IOException'{0x00000000b19daf38}> (0x00000000b19daf38) 
thrown [s\src\hotspot\share\prims\jni.cpp, line 537]
Event: 93.367 Thread 0x000001e024a8dc70 Exception <a 'java/io/IOException'{0x00000000b19db250}> (0x00000000b19db250) 
thrown [s\src\hotspot\share\prims\jni.cpp, line 537]
Event: 93.443 Thread 0x000001e0277ae950 Exception <a 'java/io/IOException'{0x00000000b17f5810}> (0x00000000b17f5810) 
thrown [s\src\hotspot\share\prims\jni.cpp, line 537]
Event: 93.443 Thread 0x000001e0277ae950 Exception <a 'java/io/IOException'{0x00000000b17f5b28}> (0x00000000b17f5b28) 
thrown [s\src\hotspot\share\prims\jni.cpp, line 537]
Event: 93.444 Thread 0x000001e0277ae950 Exception <a 'java/io/IOException'{0x00000000b17f8228}> (0x00000000b17f8228) 
thrown [s\src\hotspot\share\prims\jni.cpp, line 537]
Event: 93.444 Thread 0x000001e0277ae950 Exception <a 'java/io/IOException'{0x00000000b17f8540}> (0x00000000b17f8540) 
thrown [s\src\hotspot\share\prims\jni.cpp, line 537]
Event: 93.444 Thread 0x000001e0277ae950 Exception <a 'java/io/IOException'{0x00000000b17f95d0}> (0x00000000b17f95d0) 
thrown [s\src\hotspot\share\prims\jni.cpp, line 537]
Event: 93.444 Thread 0x000001e0277ae950 Exception <a 'java/io/IOException'{0x00000000b17f98e8}> (0x00000000b17f98e8) 
thrown [s\src\hotspot\share\prims\jni.cpp, line 537]
Event: 93.444 Thread 0x000001e0277ae950 Exception <a 'java/io/IOException'{0x00000000b17fa848}> (0x00000000b17fa848) 
thrown [s\src\hotspot\share\prims\jni.cpp, line 537]
Event: 93.444 Thread 0x000001e0277ae950 Exception <a 'java/io/IOException'{0x00000000b17fab60}> (0x00000000b17fab60) 
thrown [s\src\hotspot\share\prims\jni.cpp, line 537]
Event: 93.479 Thread 0x000001e024a8dc70 Exception <a 'java/io/IOException'{0x00000000af79be28}> (0x00000000af79be28) 
thrown [s\src\hotspot\share\prims\jni.cpp, line 537]
Event: 93.479 Thread 0x000001e024a8dc70 Exception <a 'java/io/IOException'{0x00000000af79c140}> (0x00000000af79c140) 
thrown [s\src\hotspot\share\prims\jni.cpp, line 537]
Event: 93.486 Thread 0x000001e024a8dc70 Exception <a 'java/io/IOException'{0x00000000af7bfa78}> (0x00000000af7bfa78) 
thrown [s\src\hotspot\share\prims\jni.cpp, line 537]
Event: 93.486 Thread 0x000001e024a8dc70 Exception <a 'java/io/IOException'{0x00000000af7bfd90}> (0x00000000af7bfd90) 
thrown [s\src\hotspot\share\prims\jni.cpp, line 537]
Event: 93.486 Thread 0x000001e024a8dc70 Exception <a 'java/io/IOException'{0x00000000af7e3538}> (0x00000000af7e3538) 
thrown [s\src\hotspot\share\prims\jni.cpp, line 537]
Event: 93.486 Thread 0x000001e024a8dc70 Exception <a 'java/io/IOException'{0x00000000af7e3850}> (0x00000000af7e3850) 
thrown [s\src\hotspot\share\prims\jni.cpp, line 537]

ZGC Phase Switch (0 events):
No events

VM Operations (20 events):
Event: 93.153 Executing VM operation: HandshakeAllThreads (Deoptimize) done
Event: 93.259 Executing VM operation: ThreadDump
Event: 93.265 Executing VM operation: ThreadDump done
Event: 93.463 Executing VM operation: ThreadDump
Event: 93.470 Executing VM operation: ThreadDump done
Event: 93.618 Executing VM operation: ICBufferFull
Event: 93.618 Executing VM operation: ICBufferFull done
Event: 93.618 Executing VM operation: ICBufferFull
Event: 93.618 Executing VM operation: ICBufferFull done
Event: 93.618 Executing VM operation: ICBufferFull
Event: 93.619 Executing VM operation: ICBufferFull done
Event: 93.619 Executing VM operation: ICBufferFull
Event: 93.619 Executing VM operation: ICBufferFull done
Event: 93.619 Executing VM operation: ICBufferFull
Event: 93.619 Executing VM operation: ICBufferFull done
Event: 93.619 Executing VM operation: ICBufferFull
Event: 93.619 Executing VM operation: ICBufferFull done
Event: 93.624 Executing VM operation: ICBufferFull
Event: 93.624 Executing VM operation: ICBufferFull done
Event: 93.656 Executing VM operation: G1CollectForAllocation (G1 Evacuation Pause)

Memory protections (0 events):
No events

Nmethod flushes (20 events):
Event: 90.928 Thread 0x000001dfb2a63e90 flushing  nmethod 0x000001df8f452790
Event: 90.928 Thread 0x000001dfb2a63e90 flushing  nmethod 0x000001df8f452b90
Event: 90.928 Thread 0x000001dfb2a63e90 flushing  nmethod 0x000001df8f453410
Event: 90.928 Thread 0x000001dfb2a63e90 flushing  nmethod 0x000001df8f7e6890
Event: 90.928 Thread 0x000001dfb2a63e90 flushing  nmethod 0x000001df8f93ef90
Event: 90.928 Thread 0x000001dfb2a63e90 flushing  nmethod 0x000001df8f9c8390
Event: 90.928 Thread 0x000001dfb2a63e90 flushing  nmethod 0x000001df8faa7310
Event: 90.928 Thread 0x000001dfb2a63e90 flushing  nmethod 0x000001df8fd51210
Event: 90.928 Thread 0x000001dfb2a63e90 flushing  nmethod 0x000001df9000c390
Event: 90.928 Thread 0x000001dfb2a63e90 flushing  nmethod 0x000001df9000d990
Event: 90.928 Thread 0x000001dfb2a63e90 flushing  nmethod 0x000001df90139090
Event: 90.928 Thread 0x000001dfb2a63e90 flushing  nmethod 0x000001df906dc610
Event: 90.928 Thread 0x000001dfb2a63e90 flushing  nmethod 0x000001df910a9810
Event: 90.928 Thread 0x000001dfb2a63e90 flushing  nmethod 0x000001df91218290
Event: 90.928 Thread 0x000001dfb2a63e90 flushing  nmethod 0x000001df91218710
Event: 90.928 Thread 0x000001dfb2a63e90 flushing  nmethod 0x000001df91219290
Event: 90.928 Thread 0x000001dfb2a63e90 flushing  nmethod 0x000001df9121b090
Event: 90.928 Thread 0x000001dfb2a63e90 flushing  nmethod 0x000001df914a9510
Event: 90.928 Thread 0x000001dfb2a63e90 flushing  nmethod 0x000001df91aa0e90
Event: 90.928 Thread 0x000001dfb2a63e90 flushing  nmethod 0x000001df91b15e10

Events (20 events):
Event: 75.472 Thread 0x000001e10572e130 Thread added: 0x000001e02c78d1e0
Event: 75.484 Thread 0x000001e02c78d1e0 Thread exited: 0x000001e02c78d1e0
Event: 75.560 Thread 0x000001e10572e130 Thread added: 0x000001e02c78aa80
Event: 75.560 Thread 0x000001e02c78aa80 Thread exited: 0x000001e02c78aa80
Event: 75.720 Thread 0x000001e0adf0a780 Thread added: 0x000001e02fff0390
Event: 75.755 Thread 0x000001e02fff0390 Thread exited: 0x000001e02fff0390
Event: 78.341 Thread 0x000001e026c7bc20 Thread added: 0x000001e0300cb440
Event: 78.342 Thread 0x000001e0300cb440 Thread exited: 0x000001e0300cb440
Event: 82.677 Thread 0x000001e10ea30100 Thread exited: 0x000001e10ea30100
Event: 82.677 Thread 0x000001e10ea37720 Thread exited: 0x000001e10ea37720
Event: 84.117 Thread 0x000001e10ea37090 Thread exited: 0x000001e10ea37090
Event: 86.352 Thread 0x000001e0e6ee6db0 Thread exited: 0x000001e0e6ee6db0
Event: 88.721 Thread 0x000001e024d8d3e0 Thread added: 0x000001e0308c0010
Event: 88.722 Thread 0x000001e0308c0010 Thread exited: 0x000001e0308c0010
Event: 92.706 Thread 0x000001e10572d410 Thread added: 0x000001e02dc29c30
Event: 92.706 Thread 0x000001e10572d410 Thread added: 0x000001e02dc2a2c0
Event: 92.734 Thread 0x000001e027839bc0 Thread added: 0x000001e101892dd0
Event: 92.734 Thread 0x000001e024d8d3e0 Thread added: 0x000001e02dbe9030
Event: 92.737 Thread 0x000001e0277aa120 Thread added: 0x000001e036dd1000
Event: 93.096 Thread 0x000001e105730200 Thread added: 0x000001e0300016c0


Dynamic libraries:
0x00007ff7b8ac0000 - 0x00007ff7b8c35000 	C:\Program Files\JetBrains\JetBrains Rider 2025.2\bin\rider64.exe
0x00007ffd3afd0000 - 0x00007ffd3b1e7000 	C:\WINDOWS\SYSTEM32\ntdll.dll
0x00007ffd398c0000 - 0x00007ffd39984000 	C:\WINDOWS\System32\KERNEL32.DLL
0x00007ffd384a0000 - 0x00007ffd38870000 	C:\WINDOWS\System32\KERNELBASE.dll
0x00007ffd3aeb0000 - 0x00007ffd3af88000 	C:\WINDOWS\System32\oleaut32.dll
0x00007ffd38870000 - 0x00007ffd3890a000 	C:\WINDOWS\System32\msvcp_win.dll
0x00007ffd38a80000 - 0x00007ffd38b91000 	C:\WINDOWS\System32\ucrtbase.dll
0x00007ffd399d0000 - 0x00007ffd39d61000 	C:\WINDOWS\System32\combase.dll
0x00007ffd38fe0000 - 0x00007ffd390f8000 	C:\WINDOWS\System32\RPCRT4.dll
0x00007ffd3a120000 - 0x00007ffd3a2d1000 	C:\WINDOWS\System32\user32.dll
0x00007ffd38100000 - 0x00007ffd38126000 	C:\WINDOWS\System32\win32u.dll
0x00007ffd39100000 - 0x00007ffd39129000 	C:\WINDOWS\System32\GDI32.dll
0x00007ffd38130000 - 0x00007ffd38253000 	C:\WINDOWS\System32\gdi32full.dll
0x00007ffd3a530000 - 0x00007ffd3add1000 	C:\WINDOWS\System32\shell32.dll
0x00007ffd382e0000 - 0x00007ffd3841f000 	C:\WINDOWS\System32\wintypes.dll
0x00007ffd3ade0000 - 0x00007ffd3ae91000 	C:\WINDOWS\System32\advapi32.dll
0x00007ffd376b0000 - 0x00007ffd376d8000 	C:\WINDOWS\SYSTEM32\userenv.dll
0x00007ffd397d0000 - 0x00007ffd39877000 	C:\WINDOWS\System32\msvcrt.dll
0x00007ffd38d30000 - 0x00007ffd38dd8000 	C:\WINDOWS\System32\sechost.dll
0x00007ffd380d0000 - 0x00007ffd380f8000 	C:\WINDOWS\System32\bcrypt.dll
0x00007ffd38420000 - 0x00007ffd3849b000 	C:\WINDOWS\System32\bcryptprimitives.dll
0x00007ffd2dbf0000 - 0x00007ffd2dc24000 	C:\WINDOWS\SYSTEM32\WINMM.dll
0x00007ffd33af0000 - 0x00007ffd33d23000 	C:\WINDOWS\SYSTEM32\dbghelp.dll
0x00007ffd39990000 - 0x00007ffd399c1000 	C:\WINDOWS\System32\IMM32.DLL
0x00007ffd35f60000 - 0x00007ffd3687a000 	C:\WINDOWS\SYSTEM32\windows.storage.dll
0x00007ffd3a2e0000 - 0x00007ffd3a3ea000 	C:\WINDOWS\System32\SHCORE.dll
0x00007ffd38c70000 - 0x00007ffd38cd9000 	C:\WINDOWS\System32\shlwapi.dll
0x00007ffd38000000 - 0x00007ffd38025000 	C:\WINDOWS\SYSTEM32\profapi.dll
0x00007ffd37260000 - 0x00007ffd37294000 	C:\WINDOWS\SYSTEM32\ntmarta.dll
0x00007ffcb2d60000 - 0x00007ffcb3b24000 	C:\Program Files\JetBrains\JetBrains Rider 2025.2\jbr\bin\server\jvm.dll
0x00007ffd39240000 - 0x00007ffd392b1000 	C:\WINDOWS\System32\WS2_32.dll
0x00007ffd36eb0000 - 0x00007ffd36efd000 	C:\WINDOWS\SYSTEM32\POWRPROF.dll
0x00007ffd1e2f0000 - 0x00007ffd1e30b000 	C:\Program Files\JetBrains\JetBrains Rider 2025.2\jbr\bin\VCRUNTIME140.dll
0x00007ffd30570000 - 0x00007ffd3057a000 	C:\WINDOWS\SYSTEM32\VERSION.dll
0x00007ffd324a0000 - 0x00007ffd324ac000 	C:\Program Files\JetBrains\JetBrains Rider 2025.2\jbr\bin\VCRUNTIME140_1.dll
0x00007ffd36e90000 - 0x00007ffd36ea3000 	C:\WINDOWS\SYSTEM32\UMPDC.dll
0x00007ffd2c860000 - 0x00007ffd2c86a000 	C:\Program Files\JetBrains\JetBrains Rider 2025.2\jbr\bin\jimage.dll
0x00007ffd17a40000 - 0x00007ffd17a72000 	C:\WINDOWS\SYSTEM32\dbgcore.DLL
0x00007ffd1d1f0000 - 0x00007ffd1d1fe000 	C:\Program Files\JetBrains\JetBrains Rider 2025.2\jbr\bin\instrument.dll
0x00007ffd18bd0000 - 0x00007ffd18be8000 	C:\Program Files\JetBrains\JetBrains Rider 2025.2\jbr\bin\jli.dll
0x00007ffd1c390000 - 0x00007ffd1c3b0000 	C:\Program Files\JetBrains\JetBrains Rider 2025.2\jbr\bin\java.dll
0x00007ffd27710000 - 0x00007ffd277c3000 	C:\WINDOWS\WinSxS\amd64_microsoft.windows.common-controls_6595b64144ccf1df_5.82.22621.5840_none_b43e4507638a5a27\COMCTL32.dll
0x00007ffd11e50000 - 0x00007ffd11e68000 	C:\Program Files\JetBrains\JetBrains Rider 2025.2\jbr\bin\zip.dll
0x00007ffd370f0000 - 0x00007ffd37108000 	C:\WINDOWS\SYSTEM32\kernel.appcore.dll
0x00007ffd1d1e0000 - 0x00007ffd1d1f0000 	C:\Program Files\JetBrains\JetBrains Rider 2025.2\jbr\bin\net.dll
0x00007ffd320f0000 - 0x00007ffd3221c000 	C:\WINDOWS\SYSTEM32\WINHTTP.dll
0x00007ffd37610000 - 0x00007ffd37679000 	C:\WINDOWS\system32\mswsock.dll
0x00007ffd11e30000 - 0x00007ffd11e46000 	C:\Program Files\JetBrains\JetBrains Rider 2025.2\jbr\bin\nio.dll
0x00007ffd18bc0000 - 0x00007ffd18bc9000 	C:\Program Files\JetBrains\JetBrains Rider 2025.2\jbr\bin\management.dll
0x00007ffd11e20000 - 0x00007ffd11e2b000 	C:\Program Files\JetBrains\JetBrains Rider 2025.2\jbr\bin\management_ext.dll
0x00007ffd3a520000 - 0x00007ffd3a528000 	C:\WINDOWS\System32\PSAPI.DLL
0x00007ffd16dc0000 - 0x00007ffd16dd7000 	C:\WINDOWS\system32\napinsp.dll
0x00007ffd16da0000 - 0x00007ffd16dbb000 	C:\WINDOWS\system32\pnrpnsp.dll
0x00007ffd36bc0000 - 0x00007ffd36cb8000 	C:\WINDOWS\SYSTEM32\DNSAPI.dll
0x00007ffd36b90000 - 0x00007ffd36bbd000 	C:\WINDOWS\SYSTEM32\IPHLPAPI.DLL
0x00007ffd38c60000 - 0x00007ffd38c69000 	C:\WINDOWS\System32\NSI.dll
0x00007ffd16d80000 - 0x00007ffd16d91000 	C:\WINDOWS\System32\winrnr.dll
0x00007ffd306b0000 - 0x00007ffd306c5000 	C:\WINDOWS\system32\wshbth.dll
0x00007ffd16d40000 - 0x00007ffd16d61000 	C:\WINDOWS\system32\nlansp_c.dll
0x0000000055160000 - 0x0000000055186000 	C:\Program Files\Bonjour\mdnsNSP.dll
0x00007ffd30230000 - 0x00007ffd3023a000 	C:\Windows\System32\rasadhlp.dll
0x00007ffd30760000 - 0x00007ffd307e4000 	C:\WINDOWS\System32\fwpuclnt.dll
0x00007ffd0f590000 - 0x00007ffd0f5a0000 	C:\Program Files\JetBrains\JetBrains Rider 2025.2\jbr\bin\verify.dll
0x00007ffce99d0000 - 0x00007ffce9b68000 	C:\Program Files\JetBrains\JetBrains Rider 2025.2\jbr\bin\awt.dll
0x00007ffcf96c0000 - 0x00007ffcf9704000 	C:\Program Files\JetBrains\JetBrains Rider 2025.2\jbr\bin\nvdaControllerClient64.dll
0x00007ffd358f0000 - 0x00007ffd3591b000 	C:\WINDOWS\SYSTEM32\dwmapi.dll
0x00007ffcede30000 - 0x00007ffcedebd000 	C:\Program Files\JetBrains\JetBrains Rider 2025.2\bin\MSVCP140.dll
0x00007ffd33300000 - 0x00007ffd33397000 	C:\WINDOWS\SYSTEM32\apphelp.dll
0x00007ffd0b150000 - 0x00007ffd0b15e000 	C:\Program Files\JetBrains\JetBrains Rider 2025.2\jbr\bin\sunmscapi.dll
0x00007ffd38910000 - 0x00007ffd38a78000 	C:\WINDOWS\System32\CRYPT32.dll
0x00007ffd37a60000 - 0x00007ffd37a8d000 	C:\WINDOWS\SYSTEM32\ncrypt.dll
0x00007ffd37a20000 - 0x00007ffd37a57000 	C:\WINDOWS\SYSTEM32\NTASN1.dll
0x00007ffd0aa80000 - 0x00007ffd0aa89000 	C:\Program Files\JetBrains\JetBrains Rider 2025.2\jbr\bin\prefs.dll
0x00007ffd0e390000 - 0x00007ffd0e398000 	C:\WINDOWS\system32\wshunix.dll
0x00007ffd355e0000 - 0x00007ffd35693000 	C:\WINDOWS\system32\uxtheme.dll
0x00007ffd39fb0000 - 0x00007ffd3a110000 	C:\WINDOWS\System32\MSCTF.dll
0x00007ffd0a870000 - 0x00007ffd0a879000 	C:\Program Files\JetBrains\JetBrains Rider 2025.2\jbr\bin\extnet.dll
0x00007ffd38de0000 - 0x00007ffd38f80000 	C:\WINDOWS\System32\ole32.dll
0x00007ffcec4f0000 - 0x00007ffcec577000 	C:\Program Files\JetBrains\JetBrains Rider 2025.2\jbr\bin\freetype.dll
0x00007ffce98f0000 - 0x00007ffce99ce000 	C:\Program Files\JetBrains\JetBrains Rider 2025.2\jbr\bin\fontmanager.dll
0x00007ffcee360000 - 0x00007ffcee3a9000 	C:\Program Files\JetBrains\JetBrains Rider 2025.2\lib\jna\amd64\jnidispatch.dll
0x00007ffd36f00000 - 0x00007ffd36f14000 	C:\WINDOWS\system32\Wtsapi32.dll
0x00007ffd36ae0000 - 0x00007ffd36b4c000 	C:\WINDOWS\SYSTEM32\WINSTA.dll
0x00007ffc8bef0000 - 0x00007ffc8bff0000 	C:\WINDOWS\system32\opengl32.dll
0x00007ffc8bec0000 - 0x00007ffc8beed000 	C:\WINDOWS\SYSTEM32\GLU32.dll
0x00007ffd35780000 - 0x00007ffd357b7000 	C:\WINDOWS\SYSTEM32\dxcore.dll
0x00007ffd378b0000 - 0x00007ffd378cb000 	C:\WINDOWS\SYSTEM32\CRYPTSP.dll
0x00007ffd370b0000 - 0x00007ffd370e7000 	C:\WINDOWS\system32\rsaenh.dll
0x00007ffd37810000 - 0x00007ffd3781c000 	C:\WINDOWS\SYSTEM32\CRYPTBASE.dll
0x00007ffce4160000 - 0x00007ffce4198000 	C:\Program Files\JetBrains\JetBrains Rider 2025.2\bin\WinShellIntegrationBridge.dll
0x00007ffd37d70000 - 0x00007ffd37d82000 	C:\WINDOWS\SYSTEM32\MSASN1.dll
0x00007ffd3a3f0000 - 0x00007ffd3a4a0000 	C:\WINDOWS\System32\clbcatq.dll
0x00007ffd089c0000 - 0x00007ffd08a77000 	C:\Windows\System32\appresolver.dll
0x00007ffd34d30000 - 0x00007ffd34e38000 	C:\WINDOWS\system32\propsys.dll
0x00007ffd2c050000 - 0x00007ffd2c0b0000 	C:\Windows\System32\Bcp47Langs.dll
0x00007ffd37680000 - 0x00007ffd376a6000 	C:\WINDOWS\SYSTEM32\gpapi.dll
0x00007ffd30510000 - 0x00007ffd30542000 	C:\WINDOWS\SYSTEM32\cryptnet.dll
0x00007ffd35710000 - 0x00007ffd3571d000 	C:\WINDOWS\SYSTEM32\WINNSI.DLL
0x00007ffd3a4a0000 - 0x00007ffd3a51d000 	C:\WINDOWS\System32\coml2.dll
0x00007ffc9b030000 - 0x00007ffc9b1e5000 	C:\Windows\System32\TaskFlowDataEngine.dll
0x00007ffd13320000 - 0x00007ffd133d2000 	C:\Windows\System32\OneCoreCommonProxyStub.dll
0x00007ffd37dc0000 - 0x00007ffd37e0e000 	C:\WINDOWS\SYSTEM32\CFGMGR32.dll
0x00007ffd10510000 - 0x00007ffd105cb000 	C:\Windows\System32\Windows.FileExplorer.Common.dll
0x00007ffd02340000 - 0x00007ffd0235a000 	C:\WINDOWS\system32\NetworkExplorer.dll
0x00007ffd1f6d0000 - 0x00007ffd1f6dd000 	C:\WINDOWS\SYSTEM32\LINKINFO.dll
0x00007ffd02190000 - 0x00007ffd0223e000 	C:\WINDOWS\SYSTEM32\ntshrui.dll
0x00007ffd373b0000 - 0x00007ffd373f3000 	C:\WINDOWS\SYSTEM32\SspiCli.dll
0x00007ffd28550000 - 0x00007ffd28578000 	C:\WINDOWS\SYSTEM32\srvcli.dll
0x00007ffcf6750000 - 0x00007ffcf6762000 	C:\WINDOWS\SYSTEM32\cscapi.dll
0x00007ffd34e80000 - 0x00007ffd34f25000 	C:\WINDOWS\SYSTEM32\policymanager.dll
0x00007ffd34a40000 - 0x00007ffd34ad3000 	C:\WINDOWS\SYSTEM32\msvcp110_win.dll
0x00007ffd2f460000 - 0x00007ffd2f470000 	C:\WINDOWS\system32\wbem\wbemprox.dll
0x00007ffd2c410000 - 0x00007ffd2c490000 	C:\WINDOWS\SYSTEM32\wbemcomn.dll
0x00007ffd2ad90000 - 0x00007ffd2ada4000 	C:\WINDOWS\system32\wbem\wbemsvc.dll
0x00007ffd2b060000 - 0x00007ffd2b158000 	C:\WINDOWS\system32\wbem\fastprox.dll
0x00007ffd0e7a0000 - 0x00007ffd0e7bd000 	C:\WINDOWS\SYSTEM32\amsi.dll
0x00007ffd0e6f0000 - 0x00007ffd0e792000 	C:\ProgramData\Microsoft\Windows Defender\Platform\4.18.25080.5-0\MpOav.dll
0x00007ffd28b20000 - 0x00007ffd28ce1000 	C:\WINDOWS\WinSxS\amd64_microsoft.windows.gdiplus_6595b64144ccf1df_1.1.22621.5840_none_57fbdcecce171ecc\gdiplus.dll
0x00007ffd32ef0000 - 0x00007ffd32f09000 	C:\WINDOWS\SYSTEM32\dhcpcsvc6.DLL
0x00007ffd32aa0000 - 0x00007ffd32abf000 	C:\WINDOWS\SYSTEM32\dhcpcsvc.DLL
0x00007ffd28880000 - 0x00007ffd28b1c000 	C:\WINDOWS\WinSxS\amd64_microsoft.windows.common-controls_6595b64144ccf1df_6.0.22621.5840_none_2710ea077384a4fe\comctl32.dll
0x00007ffd353a0000 - 0x00007ffd35551000 	C:\WINDOWS\SYSTEM32\WindowsCodecs.dll
0x00007ffd09910000 - 0x00007ffd0996e000 	C:\WINDOWS\system32\dataexchange.dll
0x00007ffd333a0000 - 0x00007ffd33646000 	C:\WINDOWS\system32\twinapi.appcore.dll
0x00007ffd1f450000 - 0x00007ffd1f595000 	C:\WINDOWS\SYSTEM32\textinputframework.dll
0x00007ffd32f90000 - 0x00007ffd3300a000 	C:\WINDOWS\system32\Oleacc.dll
0x00007ffd32960000 - 0x00007ffd32a93000 	C:\WINDOWS\SYSTEM32\CoreMessaging.dll
0x00007ffd2a9a0000 - 0x00007ffd2ad0c000 	C:\WINDOWS\SYSTEM32\CoreUIComponents.dll

dbghelp: loaded successfully - version: 4.0.5 - missing functions: none
symbol engine: initialized successfully - sym options: 0x614 - pdb path: .;C:\Program Files\JetBrains\JetBrains Rider 2025.2\bin;C:\WINDOWS\SYSTEM32;C:\Program Files\JetBrains\JetBrains Rider 2025.2\jbr\bin\server;C:\Program Files\JetBrains\JetBrains Rider 2025.2\jbr\bin;C:\WINDOWS\WinSxS\amd64_microsoft.windows.common-controls_6595b64144ccf1df_5.82.22621.5840_none_b43e4507638a5a27;C:\Program Files\Bonjour;C:\Program Files\JetBrains\JetBrains Rider 2025.2\lib\jna\amd64;C:\WINDOWS\system32\wbem;C:\ProgramData\Microsoft\Windows Defender\Platform\4.18.25080.5-0;C:\WINDOWS\WinSxS\amd64_microsoft.windows.gdiplus_6595b64144ccf1df_1.1.22621.5840_none_57fbdcecce171ecc;C:\WINDOWS\WinSxS\amd64_microsoft.windows.common-controls_6595b64144ccf1df_6.0.22621.5840_none_2710ea077384a4fe

VM Arguments:
jvm_args: abort vfprintf -XX:ErrorFile=C:\Users\yeric\java_error_in_rider_%p.log -XX:HeapDumpPath=C:\Users\yeric\java_error_in_rider.hprof -Xms128m -Xmx2048m -XX:JbrShrinkingGcMaxHeapFreeRatio=40 -XX:ReservedCodeCacheSize=512m -XX:+HeapDumpOnOutOfMemoryError -XX:-OmitStackTraceInFastThrow -XX:CICompilerCount=2 -XX:+IgnoreUnrecognizedVMOptions -XX:+UnlockDiagnosticVMOptions -XX:TieredOldPercentage=100000 -ea -Dsun.io.useCanonCaches=false -Dsun.java2d.metal=true -Djbr.catch.SIGABRT=true -Djdk.http.auth.tunneling.disabledSchemes="" -Djdk.attach.allowAttachSelf=true -Djdk.module.illegalAccess.silent=true -Djdk.nio.maxCachedBufferSize=2097152 -Djava.util.zip.use.nio.for.zip.file.access=true -Dkotlinx.coroutines.debug=off -Djava.nio.file.spi.DefaultFileSystemProvider=com.intellij.platform.core.nio.fs.MultiRoutingFileSystemProvider -Dllm.show.ai.promotion.window.on.start=false -Xms128m -Xmx2048m -XX:ReservedCodeCacheSize=512m -XX:+IgnoreUnrecognizedVMOptions -XX:+UseG1GC -XX:SoftRefLRUPolicyMSPerMB=50 -XX:CICompilerCount=2 -XX:+HeapDumpOnOutOfMemoryError -XX:-OmitStackTraceInFastThrow -ea -Dsun.io.useCanonCaches=false -Djdk.http.auth.tunneling.disabledSchemes="" -Djdk.attach.allowAttachSelf=true -Djdk.module.illegalAccess.silent=true -Dkotlinx.coroutines.debug=off -XX:ErrorFile=$USER_HOME/java_error_in_idea_%p.log -XX:HeapDumpPath=$USER_HOME/java_error_in_idea.hprof --add-opens=java.base/jdk.internal.org.objectweb.asm=ALL-UNNAMED --add-opens=java.base/jdk.internal.org.objectweb.asm.tree=ALL-UNNAMED -javaagent:C:\ja-netfilter-all\ja-netfilter.jar=jetbrains -Djb.vmOptionsFile=C:\ja-netfilter-all\vmoptions\rider.vmoptions -Xbootclasspath/a:C:\Program Files\JetBrains\JetBrains Rider 2025.2\lib\nio-fs.jar -Djava.system.class.loader=com.intellij.util.lang.PathClassLoader -Didea.vendor.name=JetBrains -Didea.paths.selector=Rider2025.2 -Djna.boot.library.path=C:\Program Files\JetBrains\JetBrains Rider 2025.2/lib/jna/amd64 -Djna.nosys=true -Djna.noclasspath=true -Dpty4j.preferred.native.folder=C:\Program Files\JetBrains\JetBrains Rider 2025.2/lib/pty4j -Dio.netty.allocator.type=pooled -Dintellij.platform.runtime.repository.path=C:\Program Files\JetBrains\JetBrains Rider 2025.2/modules/module-descriptors.dat -Didea.platform.prefix=Rider -Dwsl.use.remote.agent.for.nio.filesystem=true -Djava.nio.file.spi.DefaultFileSystemProvider=com.intellij.platform.core.nio.fs.MultiRoutingFileSystemProvider -Dide.native.launcher=true -Didea.class.before.app=com.jetbrains.rider.protocol.EarlyBackendStarter -Didea.show.customize.ide.wizard=true -DFilePageCache.THROW_ERROR_ON_DUPLICATE_STORAGE_REGISTRATION=false -Dsplash=true -Daether.connector.resumeDownloads=false -Dcompose.swing.render.on.graphics=true --add-opens=java.base/java.io=ALL-UNNAMED --add-opens=java.base/java.lang=ALL-UNNAMED --add-opens=java.base/java.lang.ref=ALL-UNNAMED --add-opens=java.base/java.lang.reflect=ALL-UNNAMED --add-opens=java.base/java.net=ALL-UNNAMED --add-opens=java.base/java.nio=ALL-UNNAMED --add-opens=java.base/java.nio.charset=ALL-UNNAMED --add-opens=java.base/java.text=ALL-UNNAMED --add-opens=java.base/java.time=ALL-UNNAMED --add-opens=java.base/java.util=ALL-UNNAMED --add-opens=java.base/java.util.concurrent=ALL-UNNAMED --add-opens=java.base/java.util.concurrent.atomic=ALL-UNNAMED --add-opens=java.base/java.util.concurrent.locks=ALL-UNNAMED --add-opens=java.base/jdk.internal.vm=ALL-UNNAMED --add-opens=java.base/sun.net.dns=ALL-UNNAMED --add-opens=java.base/sun.nio.ch=ALL-UNNAMED --add-opens=java.base/sun.nio.fs=ALL-UNNAMED --add-opens=java.base/sun.security.ssl=ALL-UNNAMED --add-opens=java.base/sun.security.util=ALL-UNNAMED --add-opens=java.desktop/com.sun.java.swing=ALL-UNNAMED --add-opens=java.desktop/java.awt=ALL-UNNAMED --add-opens=java.desktop/java.awt.dnd.peer=ALL-UNNAMED --add-opens=java.desktop/java.awt.event=ALL-UNNAMED --add-opens=java.desktop/java.awt.font=ALL-UNNAMED --add-opens=java.desktop/java.awt.image=ALL-UNNAMED --add-opens=java.desktop/java.awt.peer=ALL-UNNAMED --add-opens=java.desktop/javax.swing=ALL-UNNAMED --add-opens=java.desktop/javax.swing.plaf.basic=ALL-UNNAMED --add-opens=java.desktop/javax.swing.text=ALL-UNNAMED --add-opens=java.desktop/javax.swing.text.html=ALL-UNNAMED --add-opens=java.desktop/javax.swing.text.html.parser=ALL-UNNAMED --add-opens=java.desktop/sun.awt=ALL-UNNAMED --add-opens=java.desktop/sun.awt.datatransfer=ALL-UNNAMED --add-opens=java.desktop/sun.awt.image=ALL-UNNAMED --add-opens=java.desktop/sun.awt.windows=ALL-UNNAMED --add-opens=java.desktop/sun.font=ALL-UNNAMED --add-opens=java.desktop/sun.java2d=ALL-UNNAMED --add-opens=java.desktop/sun.swing=ALL-UNNAMED --add-opens=java.management/sun.management=ALL-UNNAMED --add-opens=jdk.attach/sun.tools.attach=ALL-UNNAMED --add-opens=jdk.compiler/com.sun.tools.javac.api=ALL-UNNAMED --add-opens=jdk.internal.jvmstat/sun.jvmstat.monitor=ALL-UNNAMED --add-opens=jdk.jdi/com.sun.tools.jdi=ALL-UNNAMED -Dide.native.launcher=true -Djcef.sandbox.ptr=000001DF86898C10 -Djcef.sandbox.cefVersion=122.1.9+gd14e051+chromium-122.0.6261.94 
java_command: com.intellij.idea.Main C:\Dekel\Tishel\Hafifot\Unity\Avishai\TheCubeMaster\TheCubeMaster.sln --line -1 --column -1 C:\Dekel\Tishel\Hafifot\Unity\Avishai\TheCubeMaster\Assets\Scripts\Factory\PickupFactory.cs
java_class_path (initial): C:\Program Files\JetBrains\JetBrains Rider 2025.2\lib\platform-loader.jar;C:\Program Files\JetBrains\JetBrains Rider 2025.2\lib\util-8.jar;C:\Program Files\JetBrains\JetBrains Rider 2025.2\lib\app-client.jar;C:\Program Files\JetBrains\JetBrains Rider 2025.2\lib\util.jar;C:\Program Files\JetBrains\JetBrains Rider 2025.2\lib\product.jar;C:\Program Files\JetBrains\JetBrains Rider 2025.2\lib\app.jar;C:\Program Files\JetBrains\JetBrains Rider 2025.2\lib\annotations.jar;C:\Program Files\JetBrains\JetBrains Rider 2025.2\lib\bouncy-castle.jar;C:\Program Files\JetBrains\JetBrains Rider 2025.2\lib\eclipse.lsp4j.debug.jar;C:\Program Files\JetBrains\JetBrains Rider 2025.2\lib\eclipse.lsp4j.jar;C:\Program Files\JetBrains\JetBrains Rider 2025.2\lib\eclipse.lsp4j.jsonrpc.debug.jar;C:\Program Files\JetBrains\JetBrains Rider 2025.2\lib\eclipse.lsp4j.jsonrpc.jar;C:\Program Files\JetBrains\JetBrains Rider 2025.2\lib\external-system-rt.jar;C:\Program Files\JetBrains\JetBrains Rider 2025.2\lib\externalProcess-rt.jar;C:\Program Files\JetBrains\JetBrains Rider 2025.2\lib\forms_rt.jar;C:\Program Files\JetBrains\JetBrains Rider 2025.2\lib\groovy.jar;C:\Program Files\JetBrains\JetBrains Rider 2025.2\lib\javax.activation.jar;C:\Program Files\JetBrains\JetBrains Rider 2025.2\lib\javax.annotation-api.jar;C:\Program Files\JetBrains\JetBrains Rider 2025.2\lib\jaxb-api.jar;C:\Program Files\JetBrains\JetBrains Rider 2025.2\lib\jaxb-runtime.jar;C:\Program Files\JetBrains\JetBrains Rider 2025.2\lib\jps-model.jar;C:\Program Files\JetBrains\JetBrains Rider 2025.2\lib\jsch-agent.jar;C:\Program Files\JetBrains\JetBrains Rider 2025.2\lib\kotlinx-coroutines-slf4j-1.10.1-intellij.jar;C:\Program Files\JetBrains\JetBrains Rider 2025.2\lib\lib-client.jar;C:\Program Files\JetBrains\JetBrains Rider 2025.2\lib\lib.jar;C:\Program Files\JetBrains\JetBrains Rider 2025.2\lib\opentelemetry.jar;C:\Program Files\JetBrains\JetBrains Rider 2025.2\lib\product-client.jar;C:\Program Files\JetBrains\JetBrains Rider 2025.2\lib\protobuf.jar;C:\Program Files\JetBrains\JetBrains Rider 2025.2\lib\rd.jar;C:\Program Files\JetBrains\JetBrains Rider 2025.2\lib\rhino.jar;C:\Program Files\JetBrains\JetBrains Rider 2025.2\lib\stats.jar;C:\Program Files\JetBrains\JetBrains Rider 2025.2\lib\trove.jar;C:\Program Files\JetBrains\JetBrains Rider 2025.2\lib\util_rt.jar
Launcher Type: generic

[Global flags]
     intx CICompilerCount                          = 2                                         {product} {command line}
     uint ConcGCThreads                            = 4                                         {product} {ergonomic}
    ccstr ErrorFile                                = $USER_HOME/java_error_in_idea_%p.log            {product} {command line}
     uint G1ConcRefinementThreads                  = 15                                        {product} {ergonomic}
   size_t G1HeapRegionSize                         = 1048576                                   {product} {ergonomic}
    uintx GCDrainStackTargetSize                   = 64                                        {product} {ergonomic}
     bool HeapDumpOnOutOfMemoryError               = true                                   {manageable} {command line}
    ccstr HeapDumpPath                             = $USER_HOME/java_error_in_idea.hprof         {manageable} {command line}
     bool IgnoreUnrecognizedVMOptions              = true                                      {product} {command line}
   size_t InitialHeapSize                          = 134217728                                 {product} {command line}
    uintx JbrShrinkingGcMaxHeapFreeRatio           = 40                                     {manageable} {command line}
   size_t MarkStackSize                            = 4194304                                   {product} {ergonomic}
   size_t MaxHeapSize                              = 2147483648                                {product} {command line}
   size_t MaxNewSize                               = 1287651328                                {product} {ergonomic}
   size_t MinHeapDeltaBytes                        = 1048576                                   {product} {ergonomic}
   size_t MinHeapSize                              = 134217728                                 {product} {command line}
    uintx NonNMethodCodeHeapSize                   = 5826188                                {pd product} {ergonomic}
    uintx NonProfiledCodeHeapSize                  = 265522362                              {pd product} {ergonomic}
     bool OmitStackTraceInFastThrow                = false                                     {product} {command line}
    uintx ProfiledCodeHeapSize                     = 265522362                              {pd product} {ergonomic}
    uintx ReservedCodeCacheSize                    = 536870912                              {pd product} {command line}
     bool SegmentedCodeCache                       = true                                      {product} {ergonomic}
   size_t SoftMaxHeapSize                          = 2147483648                             {manageable} {ergonomic}
     intx SoftRefLRUPolicyMSPerMB                  = 50                                        {product} {command line}
     intx TieredOldPercentage                      = 100000                                 {diagnostic} {command line}
     bool UnlockDiagnosticVMOptions                = true                                   {diagnostic} {command line}
     bool UseCompressedOops                        = true                           {product lp64_product} {ergonomic}
     bool UseG1GC                                  = true                                      {product} {command line}
     bool UseLargePagesIndividualAllocation        = false                                  {pd product} {ergonomic}

Logging:
Log output configuration:
 #0: stdout all=warning uptime,level,tags foldmultilines=false
 #1: stderr all=off uptime,level,tags foldmultilines=false

Environment Variables:
JAVA_HOME=C:\Program Files\OpenLogic\jre-11.0.22.7-hotspot
CLASSPATH=C:\Users\yeric\AppData\Roaming\DekelTeam\PitchRTI\lib\prti1516_202X.jar;C:\Users\yeric\AppData\Roaming\DekelTeam\PitchRTI\libC:\Users\yeric\AppData\Roaming\DekelTeam\PitchRTI.jar;C:\Users\yeric\AppData\Roaming\DekelTeam\PitchRTI\lib\prti1516.jar;C:\Users\yeric\AppData\Roaming\DekelTeam\PitchRTI\lib\prti.jar;
PATH=C:\Program Files\Oculus\Support\oculus-runtime;C:\Program Files (x86)\PC Connectivity Solution\;C:\Program Files\Common Files\Oracle\Java\javapat%;C:\Program Files\OpenLogic\jre-11.0.22.7-hotspot\bin;C:\Program Files\Eclipse Adoptium\jdk-21.0.2.13-hotspot\bin;C:\Program Files (x86)\Common Files\Oracle\Java\javapat%;C:\Program Files (x86)\Common Files\Intel\Shared Libraries\redist\intel64\compiler;C:\Windows\system32;C:\Windows;C:\Windows\System32\Wbem;C:\Windows\System32\WindowsPowerShell\v1.0\;C:\Windows\System32\OpenSSH\;C:\Program Files (x86)\NVIDIA Corporation\PhysX\Common;C:\WINDOWS\system32;C:\WINDOWS;C:\WINDOWS\System32\Wbem;C:\WINDOWS\System32\WindowsPowerShell\v1.0\;C:\WINDOWS\System32\OpenSSH\;C:\Program Files\dotnet\;C:\ProgramData\Microsoft\Windows\Start Menu\Programs\Python 3.9;C:\Program Files\Git\cmd;C:\Program Files\Common Files\Autodesk Shared\;C:\Program Files\Calibre2\;C:\Program Files (x86)\Microsoft SQL Server\160\Tools\Binn\;C:\Program Files\Microsoft SQL Server\160\Tools\Binn\;C:\Program Files\Microsoft SQL Server\Client SDK\ODBC\170\Tools\Binn\;C:\Program Files\Microsoft SQL Server\160\DTS\Binn\;C:\Python27;C:\Program Files\Docker\Docker\resources\bin;C:\Users\yeric\AppData\Roaming\nvm;C:\Program Files\nodejs;C:\Program Files\Microsoft SQL Server\150\Tools\Binn\;C:\Users\yeric\AppData\Local\Programs\Python\Python313\Scripts\;C:\Users\yeric\AppData\Local\Programs\Python\Python313\;C:\Users\yeric\AppData\Local\Programs\Python\Python311\Scripts\;C:\Users\yeric\AppData\Local\Microsoft\WindowsApps;C:\Users\yeric\.dotnet\tools;C:\Users\yeric\AppData\Local\GitHubDesktop\bin;C:\Users\yeric\AppData\Roaming\npm;C:\Users\yeric\AppData\Local\Programs\Microsoft VS Code\bin;C:\Program Files\Java\jdk-17\bin;C:\Users\yeric\AppData\Roaming\DekelTeam\PitchRTI;C:\Users\yeric\AppData\Roaming\DekelTeam\PitchRTI\lib;C:\Users\yeric\AppData\Roaming\DekelTeam\PitchRTI\lib\vc141_64;C:\Users\yeric\AppData\Roaming\DekelTeam\PitchRTI\lib;C:\Users\yeric\AppData\Roaming\DekelTeam\PitchRTI\jre\bin\server;C:\Users\yeric\AppData\Roaming\nvm;C:\Program Files\nodejs;C:\Users\yeric\AppData\Roaming\DekelTeam\PitchRTI\jre\bin\client;C:\Users\yeric\AppData\Roaming\DekelTeam\PitchRTI\jre\bin\client;C:\Program Files\JetBrains\PyCharm 2024.2.4\bin;
USERNAME=yeric
OS=Windows_NT
PROCESSOR_IDENTIFIER=Intel64 Family 6 Model 151 Stepping 2, GenuineIntel
TMP=C:\Users\yeric\AppData\Local\Temp
TEMP=C:\Users\yeric\AppData\Local\Temp




Periodic native trim disabled

JNI global refs:
JNI global refs: 129, weak refs: 321

JNI global refs memory usage: 2099, weak refs: 6081

Process memory usage:
Resident Set Size: 2536212K (15% of 16617412K total physical memory with 435880K free physical memory)

OOME stack traces (most recent first):
Classloader memory used:
Loader com.intellij.util.lang.PathClassLoader                                          : 209M
Loader com.intellij.ide.plugins.cl.PluginClassLoader                                   : 127M
Loader bootstrap                                                                       : 47523K
Loader jdk.internal.loader.ClassLoaders$AppClassLoader                                 : 4765K
Loader jdk.internal.loader.ClassLoaders$PlatformClassLoader                            : 2701K
Loader jdk.internal.reflect.DelegatingClassLoader                                      : 14176B
Loader sun.reflect.misc.MethodUtil                                                     : 4232B

Classes loaded by more than one classloader:
Class kotlin.collections.CollectionsKt                                                : loaded 3 times (x 69B)
Class kotlin.jvm.internal.markers.KMappedMarker                                       : loaded 3 times (x 68B)
Class kotlin.KotlinNullPointerException                                               : loaded 3 times (x 81B)
Class kotlin.collections.CollectionsKt__IterablesKt                                   : loaded 3 times (x 69B)
Class kotlin.jvm.internal.Intrinsics                                                  : loaded 3 times (x 69B)
Class kotlin.coroutines.intrinsics.IntrinsicsKt                                       : loaded 3 times (x 69B)
Class kotlin.collections.CollectionsKt__MutableCollectionsJVMKt                       : loaded 3 times (x 69B)
Class kotlin.collections.CollectionsKt___CollectionsKt                                : loaded 3 times (x 69B)
Class kotlin.TuplesKt                                                                 : loaded 3 times (x 69B)
Class com.google.gson.JsonElement                                                     : loaded 3 times (x 90B)
Class kotlin.collections.CollectionsKt___CollectionsJvmKt                             : loaded 3 times (x 69B)
Class kotlin.NotImplementedError                                                      : loaded 3 times (x 80B)
Class kotlin.collections.EmptyIterator                                                : loaded 3 times (x 87B)
Class kotlin.coroutines.intrinsics.IntrinsicsKt__IntrinsicsJvmKt                      : loaded 3 times (x 69B)
Class kotlin.collections.CollectionsKt__IteratorsKt                                   : loaded 3 times (x 69B)
Class kotlin.collections.CollectionsKt__CollectionsJVMKt                              : loaded 3 times (x 69B)
Class kotlin.coroutines.intrinsics.IntrinsicsKt__IntrinsicsKt                         : loaded 3 times (x 69B)
Class kotlin.UninitializedPropertyAccessException                                     : loaded 3 times (x 80B)
Class kotlin.ResultKt                                                                 : loaded 3 times (x 69B)
Class kotlin.collections.EmptyList                                                    : loaded 3 times (x 172B)
Class kotlin.collections.CollectionsKt__MutableCollectionsKt                          : loaded 3 times (x 69B)
Class kotlin.collections.CollectionsKt__IteratorsJVMKt                                : loaded 3 times (x 69B)
Class kotlin.collections.CollectionsKt__CollectionsKt                                 : loaded 3 times (x 69B)
Class com.google.gson.JsonArray                                                       : loaded 3 times (x 98B)
Class com.google.gson.JsonObject                                                      : loaded 3 times (x 91B)
Class kotlin.collections.CollectionsKt__ReversedViewsKt                               : loaded 3 times (x 69B)
Class kotlin.jvm.internal.CollectionToArray                                           : loaded 2 times (x 69B)
Class io.netty.channel.ChannelHandlerAdapter                                          : loaded 2 times (x 79B)
Class io.netty.channel.socket.nio.NioChannelOption                                    : loaded 2 times (x 79B)
Class kotlin.sequences.SequencesKt__SequenceBuilderKt                                 : loaded 2 times (x 69B)
Class com.fasterxml.jackson.annotation.ObjectIdGenerator                              : loaded 2 times (x 77B)
Class com.fasterxml.jackson.core.io.JsonStringEncoder                                 : loaded 2 times (x 69B)
Class com.fasterxml.jackson.core.util.Instantiatable                                  : loaded 2 times (x 68B)
Class com.fasterxml.jackson.databind.ext.Java7SupportImpl                             : loaded 2 times (x 73B)
Class com.fasterxml.jackson.databind.ser.VirtualBeanPropertyWriter                    : loaded 2 times (x 141B)
Class com.fasterxml.jackson.databind.node.NullNode                                    : loaded 2 times (x 195B)
Class kotlin.collections.builders.MapBuilder                                          : loaded 2 times (x 110B)
Class io.netty.handler.codec.http.HttpResponse                                        : loaded 2 times (x 68B)
Class io.netty.util.HashingStrategy                                                   : loaded 2 times (x 68B)
Class io.netty.util.concurrent.CompleteFuture                                         : loaded 2 times (x 128B)
Class com.google.gson.stream.MalformedJsonException                                   : loaded 2 times (x 80B)
Class com.fasterxml.jackson.databind.deser.std.ReferenceTypeDeserializer              : loaded 2 times (x 162B)
Class [Lcom.fasterxml.jackson.databind.cfg.CoercionAction;                            : loaded 2 times (x 67B)
Class com.fasterxml.jackson.databind.util.internal.PrivateMaxEntriesMap$DrainStatus   : loaded 2 times (x 78B)
Class com.fasterxml.jackson.databind.jsontype.PolymorphicTypeValidator                : loaded 2 times (x 72B)
Class com.fasterxml.jackson.databind.ser.SerializerFactory                            : loaded 2 times (x 76B)
Class io.netty.buffer.AdvancedLeakAwareByteBuf                                        : loaded 2 times (x 283B)
Class kotlin.ranges.CharRange$Companion                                               : loaded 2 times (x 69B)
Class com.google.gson.internal.bind.JsonTreeReader                                    : loaded 2 times (x 96B)
Class com.google.gson.TypeAdapterFactory                                              : loaded 2 times (x 68B)
Class com.fasterxml.jackson.databind.node.DoubleNode                                  : loaded 2 times (x 195B)
Class com.fasterxml.jackson.databind.node.BaseJsonNode                                : loaded 2 times (x 194B)
Class kotlin.sequences.TransformingSequence                                           : loaded 2 times (x 73B)
Class io.ktor.http.content.OutgoingContent                                            : loaded 2 times (x 77B)
Class org.slf4j.helpers.Util                                                          : loaded 2 times (x 69B)
Class org.slf4j.helpers.BasicMDCAdapter$1                                             : loaded 2 times (x 84B)
Class [Lio.netty.buffer.SizeClassesMetric;                                            : loaded 2 times (x 67B)
Class io.netty.buffer.ByteBuf                                                         : loaded 2 times (x 281B)
Class io.netty.channel.DefaultChannelPipeline$PendingHandlerRemovedTask               : loaded 2 times (x 75B)
Class io.netty.util.internal.DefaultPriorityQueue                                     : loaded 2 times (x 165B)
Class io.netty.util.concurrent.AbstractScheduledEventExecutor                         : loaded 2 times (x 236B)
Class io.netty.channel.DefaultSelectStrategyFactory                                   : loaded 2 times (x 72B)
Class io.netty.bootstrap.ServerBootstrapConfig                                        : loaded 2 times (x 70B)
Class com.google.gson.internal.bind.JsonAdapterAnnotationTypeAdapterFactory$DummyTypeAdapterFactory: loaded 2 times (x 73B)
Class com.google.gson.internal.bind.TypeAdapters$31                                   : loaded 2 times (x 74B)
Class com.google.gson.JsonSyntaxException                                             : loaded 2 times (x 80B)
Class com.fasterxml.jackson.databind.deser.std.StdKeyDeserializer$StringFactoryKeyDeserializer: loaded 2 times (x 77B)
Class com.fasterxml.jackson.databind.deser.impl.SetterlessProperty                    : loaded 2 times (x 138B)
Class com.fasterxml.jackson.databind.node.BooleanNode                                 : loaded 2 times (x 195B)
Class com.fasterxml.jackson.databind.node.FloatNode                                   : loaded 2 times (x 195B)
Class com.fasterxml.jackson.databind.SerializationFeature                             : loaded 2 times (x 82B)
Class com.fasterxml.jackson.annotation.Nulls                                          : loaded 2 times (x 77B)
Class com.google.common.base.Platform$JdkPatternCompiler                              : loaded 2 times (x 73B)
Class com.fasterxml.jackson.core.JsonFactory$Feature                                  : loaded 2 times (x 82B)
Class [Lcom.fasterxml.jackson.databind.util.internal.PrivateMaxEntriesMap$DrainStatus;: loaded 2 times (x 67B)
Class com.fasterxml.jackson.databind.DatabindException                                : loaded 2 times (x 87B)
Class io.netty.channel.ChannelInboundInvoker                                          : loaded 2 times (x 68B)
Class io.ktor.utils.io.CloseToken                                                     : loaded 2 times (x 70B)
Class io.netty.buffer.PoolThreadCache                                                 : loaded 2 times (x 70B)
Class io.netty.channel.DefaultChannelPipeline$TailContext                             : loaded 2 times (x 206B)
Class io.netty.channel.ChannelOutboundBuffer$Entry                                    : loaded 2 times (x 70B)
Class io.netty.channel.SelectStrategy                                                 : loaded 2 times (x 68B)
Class io.netty.util.concurrent.ScheduledFutureTask                                    : loaded 2 times (x 237B)
Class io.netty.util.internal.BoundedInputStream                                       : loaded 2 times (x 90B)
Class io.netty.util.internal.ObjectUtil                                               : loaded 2 times (x 69B)
Class com.google.gson.internal.bind.TypeAdapters$32                                   : loaded 2 times (x 74B)
Class com.fasterxml.jackson.databind.deser.std.UntypedObjectDeserializer              : loaded 2 times (x 171B)
Class com.fasterxml.jackson.annotation.JsonInclude$Value                              : loaded 2 times (x 84B)
Class [Lcom.fasterxml.jackson.core.util.JacksonFeature;                               : loaded 2 times (x 67B)
Class com.fasterxml.jackson.databind.ext.Java7Support                                 : loaded 2 times (x 72B)
Class kotlin.sequences.SequencesKt___SequencesKt                                      : loaded 2 times (x 69B)
Class io.netty.channel.ChannelPipeline                                                : loaded 2 times (x 68B)
Class kotlin.collections.AbstractList$Companion                                       : loaded 2 times (x 69B)
Class io.netty.handler.codec.http.DefaultFullHttpResponse                             : loaded 2 times (x 215B)
Class io.netty.util.ResourceLeakDetectorFactory                                       : loaded 2 times (x 71B)
Class io.netty.buffer.AdvancedLeakAwareCompositeByteBuf                               : loaded 2 times (x 403B)
Class io.netty.channel.DefaultChannelPipeline                                         : loaded 2 times (x 211B)
Class io.netty.channel.VoidChannelPromise                                             : loaded 2 times (x 255B)
Class io.netty.channel.nio.SelectedSelectionKeySet                                    : loaded 2 times (x 134B)
Class com.google.gson.internal.bind.ObjectTypeAdapter                                 : loaded 2 times (x 72B)
Class com.fasterxml.jackson.databind.ser.std.ToStringSerializerBase                   : loaded 2 times (x 112B)
Class com.fasterxml.jackson.databind.deser.std.StdKeyDeserializer$DelegatingKD        : loaded 2 times (x 71B)
Class [Lcom.fasterxml.jackson.databind.AbstractTypeResolver;                          : loaded 2 times (x 67B)
Class com.fasterxml.jackson.databind.deser.std.StringCollectionDeserializer           : loaded 2 times (x 162B)
Class com.fasterxml.jackson.databind.introspect.TypeResolutionContext                 : loaded 2 times (x 68B)
Class com.fasterxml.jackson.databind.exc.MismatchedInputException                     : loaded 2 times (x 96B)
Class io.ktor.http.HttpStatusCode$Companion                                           : loaded 2 times (x 69B)
Class io.netty.handler.codec.PrematureChannelClosureException                         : loaded 2 times (x 80B)
Class io.netty.channel.ChannelFutureListener$1                                        : loaded 2 times (x 74B)
Class io.netty.util.concurrent.SingleThreadEventExecutor                              : loaded 2 times (x 299B)
Class io.netty.util.AttributeMap                                                      : loaded 2 times (x 68B)
Class com.fasterxml.jackson.databind.node.IntNode                                     : loaded 2 times (x 195B)
Class kotlin.text.StringsKt__AppendableKt                                             : loaded 2 times (x 69B)
Class io.netty.buffer.UnsafeByteBufUtil                                               : loaded 2 times (x 69B)
Class io.netty.handler.codec.http.TooLongHttpLineException                            : loaded 2 times (x 80B)
Class io.netty.channel.ChannelFutureListener$2                                        : loaded 2 times (x 74B)
Class [Lio.netty.channel.DefaultChannelPipeline$AddStrategy;                          : loaded 2 times (x 67B)
Class io.netty.channel.ChannelFlushPromiseNotifier$FlushCheckpoint                    : loaded 2 times (x 68B)
Class io.netty.buffer.ByteBufHolder                                                   : loaded 2 times (x 68B)
Class com.google.gson.internal.bind.TypeAdapters                                      : loaded 2 times (x 69B)
Class com.google.gson.FormattingStyle                                                 : loaded 2 times (x 76B)
Class com.google.gson.FieldNamingPolicy                                               : loaded 2 times (x 81B)
Class com.fasterxml.jackson.databind.deser.std.StdKeyDeserializer$StringCtorKeyDeserializer: loaded 2 times (x 77B)
Class io.ktor.util.AttributesJvmBase                                                  : loaded 2 times (x 85B)
Class kotlin.collections.builders.MapBuilder$EntryRef                                 : loaded 2 times (x 79B)
Class io.ktor.util.StringValuesBuilder                                                : loaded 2 times (x 68B)
Class io.ktor.http.Headers                                                            : loaded 2 times (x 68B)
Class io.netty.channel.ChannelFutureListener$3                                        : loaded 2 times (x 74B)
Class io.netty.util.internal.CleanerJava9                                             : loaded 2 times (x 72B)
Class kotlin.sequences.FilteringSequence$iterator$1                                   : loaded 2 times (x 77B)
Class com.google.gson.FieldNamingStrategy                                             : loaded 2 times (x 68B)
Class com.fasterxml.jackson.databind.ser.std.ToStringSerializer                       : loaded 2 times (x 112B)
Class com.fasterxml.jackson.databind.cfg.DatatypeFeatures                             : loaded 2 times (x 78B)
Class com.fasterxml.jackson.databind.type.TypeParser                                  : loaded 2 times (x 76B)
Class io.ktor.util.PlatformUtilsJvmKt                                                 : loaded 2 times (x 69B)
Class kotlin.text.StringsKt__StringNumberConversionsJVMKt                             : loaded 2 times (x 69B)
Class io.netty.buffer.ReadOnlyByteBufferBuf                                           : loaded 2 times (x 307B)
Class io.netty.buffer.SizeClassesMetric                                               : loaded 2 times (x 68B)
Class io.netty.channel.FileRegion                                                     : loaded 2 times (x 68B)
Class com.fasterxml.jackson.databind.node.MissingNode                                 : loaded 2 times (x 194B)
Class com.fasterxml.jackson.annotation.JsonSetter$Value                               : loaded 2 times (x 83B)
Class com.fasterxml.jackson.core.async.ByteArrayFeeder                                : loaded 2 times (x 68B)
Class com.fasterxml.jackson.annotation.JsonTypeInfo                                   : loaded 2 times (x 68B)
Class io.netty.handler.codec.http.HttpUtil                                            : loaded 2 times (x 69B)
Class io.netty.buffer.UnsafeDirectSwappedByteBuf                                      : loaded 2 times (x 289B)
Class io.netty.buffer.PoolArena$HeapArena                                             : loaded 2 times (x 150B)
Class io.netty.buffer.ByteBufConvertible                                              : loaded 2 times (x 68B)
Class io.netty.buffer.ByteBufUtil$1                                                   : loaded 2 times (x 71B)
Class [Lio.netty.util.DefaultAttributeMap$DefaultAttribute;                           : loaded 2 times (x 67B)
Class io.netty.util.concurrent.BlockingOperationException                             : loaded 2 times (x 80B)
Class io.netty.util.concurrent.RejectedExecutionHandlers                              : loaded 2 times (x 69B)
Class com.fasterxml.jackson.databind.ser.std.NumberSerializers$IntLikeSerializer      : loaded 2 times (x 116B)
Class com.fasterxml.jackson.databind.ser.impl.TypeWrappedSerializer                   : loaded 2 times (x 89B)
Class com.fasterxml.jackson.databind.annotation.JsonSerialize                         : loaded 2 times (x 68B)
Class io.ktor.events.Events                                                           : loaded 2 times (x 70B)
Class kotlin.collections.builders.MapBuilderEntries                                   : loaded 2 times (x 143B)
Class io.ktor.util.CaseInsensitiveMap                                                 : loaded 2 times (x 110B)
Class io.ktor.utils.io.core.OutputArraysJVMKt                                         : loaded 2 times (x 69B)
Class io.netty.buffer.ByteBufUtil$2                                                   : loaded 2 times (x 72B)
Class io.netty.channel.AbstractChannelHandlerContext$Tasks                            : loaded 2 times (x 70B)
Class io.netty.util.concurrent.PromiseTask                                            : loaded 2 times (x 193B)
Class io.ktor.http.HttpMethod                                                         : loaded 2 times (x 70B)
Class com.fasterxml.jackson.databind.ser.std.UUIDSerializer                           : loaded 2 times (x 118B)
Class com.fasterxml.jackson.databind.deser.NullValueProvider                          : loaded 2 times (x 68B)
Class com.fasterxml.jackson.core.util.DefaultIndenter                                 : loaded 2 times (x 80B)
Class com.fasterxml.jackson.databind.cfg.CoercionAction                               : loaded 2 times (x 77B)
Class com.fasterxml.jackson.core.StreamReadConstraints                                : loaded 2 times (x 78B)
Class [Lcom.fasterxml.jackson.core.sym.CharsToNameCanonicalizer$Bucket;               : loaded 2 times (x 67B)
Class com.fasterxml.jackson.core.sym.CharsToNameCanonicalizer$Bucket                  : loaded 2 times (x 70B)
Class com.fasterxml.jackson.databind.util.ClassUtil                                   : loaded 2 times (x 69B)
Class com.fasterxml.jackson.annotation.JsonUnwrapped                                  : loaded 2 times (x 68B)
Class com.fasterxml.jackson.databind.DatabindContext                                  : loaded 2 times (x 98B)
Class kotlin.coroutines.jvm.internal.SuspendLambda                                    : loaded 2 times (x 89B)
Class io.netty.handler.codec.http.HttpUtil$BitSet128                                  : loaded 2 times (x 69B)
Class io.netty.buffer.UnpooledByteBufAllocator$UnpooledByteBufAllocatorMetric         : loaded 2 times (x 74B)
Class io.netty.channel.ChannelProgressiveFuture                                       : loaded 2 times (x 68B)
Class io.netty.channel.nio.SelectedSelectionKeySetSelector                            : loaded 2 times (x 88B)
Class io.netty.channel.AbstractChannel                                                : loaded 2 times (x 185B)
Class kotlin.collections.ArraysKt___ArraysJvmKt                                       : loaded 2 times (x 69B)
Class com.fasterxml.jackson.databind.cfg.BaseSettings                                 : loaded 2 times (x 70B)
Class kotlin.text.StringsKt__RegexExtensionsJVMKt                                     : loaded 2 times (x 69B)
Class kotlin.text.Regex$Companion                                                     : loaded 2 times (x 69B)
Class io.netty.util.ResourceLeakDetectorFactory$DefaultResourceLeakDetectorFactory    : loaded 2 times (x 72B)
Class io.netty.util.internal.MathUtil                                                 : loaded 2 times (x 69B)
Class io.netty.channel.nio.AbstractNioByteChannel$1                                   : loaded 2 times (x 74B)
Class [Lio.netty.util.ResourceLeakDetector$Level;                                     : loaded 2 times (x 67B)
Class [Lio.netty.util.concurrent.EventExecutorGroup;                                  : loaded 2 times (x 67B)
Class io.netty.util.concurrent.FailedFuture                                           : loaded 2 times (x 128B)
Class io.netty.channel.EventLoop                                                      : loaded 2 times (x 68B)
Class com.google.gson.LongSerializationPolicy                                         : loaded 2 times (x 78B)
Class com.fasterxml.jackson.databind.cfg.ConfigOverride                               : loaded 2 times (x 78B)
Class com.fasterxml.jackson.databind.util.Annotations                                 : loaded 2 times (x 68B)
Class io.ktor.util.pipeline.PipelineContextKt                                         : loaded 2 times (x 69B)
Class kotlin.io.path.PathsKt__PathUtilsKt                                             : loaded 2 times (x 69B)
Class io.netty.channel.DefaultMaxMessagesRecvByteBufAllocator                         : loaded 2 times (x 80B)
Class com.fasterxml.jackson.databind.cfg.ConfigOverrides                              : loaded 2 times (x 85B)
Class com.fasterxml.jackson.databind.introspect.AnnotatedConstructor                  : loaded 2 times (x 96B)
Class com.fasterxml.jackson.databind.type.ReferenceType                               : loaded 2 times (x 147B)
Class io.ktor.http.HttpStatusCodeKt                                                   : loaded 2 times (x 69B)
Class kotlin.enums.EnumEntriesList                                                    : loaded 2 times (x 221B)
Class kotlin.jvm.internal.FunctionBase                                                : loaded 2 times (x 68B)
Class kotlin.collections.builders.AbstractMapBuilderEntrySet                          : loaded 2 times (x 142B)
Class io.ktor.utils.io.charsets.TooLongLineException                                  : loaded 2 times (x 82B)
Class kotlin.io.path.PathsKt                                                          : loaded 2 times (x 69B)
Class com.google.gson.internal.bind.DefaultDateTypeAdapter                            : loaded 2 times (x 72B)
Class com.fasterxml.jackson.databind.deser.std.StdScalarDeserializer                  : loaded 2 times (x 154B)
Class com.fasterxml.jackson.databind.ser.std.StdSerializer                            : loaded 2 times (x 111B)
Class com.fasterxml.jackson.databind.cfg.MutableCoercionConfig                        : loaded 2 times (x 75B)
Class com.google.common.base.MoreObjects                                              : loaded 2 times (x 69B)
Class com.fasterxml.jackson.databind.introspect.AnnotatedClass$Creators               : loaded 2 times (x 70B)
Class com.fasterxml.jackson.databind.type.SimpleType                                  : loaded 2 times (x 140B)
Class kotlin.comparisons.ComparisonsKt___ComparisonsJvmKt                             : loaded 2 times (x 69B)
Class io.ktor.util.Platform                                                           : loaded 2 times (x 69B)
Class com.fasterxml.jackson.databind.introspect.DefaultAccessorNamingStrategy         : loaded 2 times (x 78B)
Class io.ktor.http.HttpHeaders                                                        : loaded 2 times (x 69B)
Class io.netty.buffer.AbstractDerivedByteBuf                                          : loaded 2 times (x 310B)
Class io.netty.util.internal.ThreadExecutorMap                                        : loaded 2 times (x 69B)
Class io.netty.channel.nio.AbstractNioChannel                                         : loaded 2 times (x 194B)
Class com.google.gson.internal.Primitives                                             : loaded 2 times (x 69B)
Class com.google.gson.stream.JsonWriter                                               : loaded 2 times (x 96B)
Class [Lcom.fasterxml.jackson.databind.ser.BeanSerializerModifier;                    : loaded 2 times (x 67B)
Class com.fasterxml.jackson.databind.ser.std.FileSerializer                           : loaded 2 times (x 112B)
Class com.fasterxml.jackson.databind.node.ContainerNode                               : loaded 2 times (x 234B)
Class com.fasterxml.jackson.databind.node.DecimalNode                                 : loaded 2 times (x 196B)
Class com.fasterxml.jackson.databind.DeserializationFeature                           : loaded 2 times (x 82B)
Class com.google.common.collect.UnmodifiableIterator                                  : loaded 2 times (x 78B)
Class io.ktor.utils.io.ByteChannel$flush$1                                            : loaded 2 times (x 86B)
Class io.netty.util.concurrent.FastThreadLocalRunnable                                : loaded 2 times (x 73B)
Class io.netty.channel.DefaultChannelPipeline$AddStrategy                             : loaded 2 times (x 77B)
Class io.netty.util.internal.SocketUtils$11                                           : loaded 2 times (x 73B)
Class io.netty.util.internal.LongAdderCounter                                         : loaded 2 times (x 88B)
Class io.netty.util.ResourceLeakDetector$Level                                        : loaded 2 times (x 77B)
Class io.netty.util.concurrent.DefaultEventExecutorChooserFactory$GenericEventExecutorChooser: loaded 2 times (x 73B)
Class io.netty.util.internal.ThreadExecutorMap$1                                      : loaded 2 times (x 73B)
Class io.netty.channel.ChannelException                                               : loaded 2 times (x 80B)
Class com.google.gson.internal.bind.TypeAdapterRuntimeTypeWrapper                     : loaded 2 times (x 72B)
Class com.fasterxml.jackson.databind.ser.std.NumberSerializer$BigDecimalAsStringSerializer: loaded 2 times (x 112B)
Class com.fasterxml.jackson.databind.ser.std.StaticListSerializerBase                 : loaded 2 times (x 120B)
Class com.fasterxml.jackson.databind.ser.std.EnumSetSerializer                        : loaded 2 times (x 129B)
Class com.fasterxml.jackson.databind.cfg.JsonNodeFeature                              : loaded 2 times (x 85B)
Class com.fasterxml.jackson.databind.type.TypeFactory                                 : loaded 2 times (x 132B)
Class com.fasterxml.jackson.core.TreeNode                                             : loaded 2 times (x 68B)
Class kotlin.sequences.TransformingSequence$iterator$1                                : loaded 2 times (x 77B)
Class com.google.common.collect.AbstractMapEntry                                      : loaded 2 times (x 79B)
Class io.ktor.util.pipeline.PipelinePhaseRelation$Last                                : loaded 2 times (x 69B)
Class io.ktor.utils.io.ByteReadChannelOperationsKt$discard$1                          : loaded 2 times (x 86B)
Class io.netty.handler.codec.http.HttpHeaders                                         : loaded 2 times (x 119B)
Class io.netty.handler.codec.DefaultHeaders$NameValidator                             : loaded 2 times (x 68B)
Class kotlin.io.CloseableKt                                                           : loaded 2 times (x 69B)
Class io.netty.util.internal.ThreadExecutorMap$2                                      : loaded 2 times (x 73B)
Class io.netty.channel.socket.nio.NioServerSocketChannel$NioServerSocketChannelConfig : loaded 2 times (x 166B)
Class io.netty.channel.VoidChannelPromise$1                                           : loaded 2 times (x 77B)
Class com.fasterxml.jackson.databind.introspect.VisibilityChecker$Std                 : loaded 2 times (x 120B)
Class com.fasterxml.jackson.databind.introspect.AnnotatedClassResolver                : loaded 2 times (x 72B)
Class com.fasterxml.jackson.core.sym.ByteQuadsCanonicalizer                           : loaded 2 times (x 70B)
Class com.fasterxml.jackson.core.json.async.NonBlockingByteBufferJsonParser           : loaded 2 times (x 304B)
Class com.fasterxml.jackson.core.ObjectCodec                                          : loaded 2 times (x 90B)
Class io.grpc.netty.shaded.io.netty.internal.tcnative.CertificateCallback             : loaded 2 times (x 68B)
Class com.fasterxml.jackson.databind.BeanDescription                                  : loaded 2 times (x 109B)
Class io.ktor.http.IllegalHeaderNameException                                         : loaded 2 times (x 81B)
Class io.netty.handler.codec.http.DefaultHttpHeaders$HeaderValueConverter             : loaded 2 times (x 128B)
Class io.netty.buffer.SwappedByteBuf                                                  : loaded 2 times (x 282B)
Class io.netty.buffer.AbstractUnpooledSlicedByteBuf                                   : loaded 2 times (x 313B)
Class io.netty.handler.codec.http.HttpObject                                          : loaded 2 times (x 68B)
Class io.netty.buffer.PooledDirectByteBuf                                             : loaded 2 times (x 309B)
Class io.netty.util.internal.ThreadExecutorMap$3                                      : loaded 2 times (x 73B)
Class com.google.gson.internal.bind.MapTypeAdapterFactory$Adapter                     : loaded 2 times (x 72B)
Class com.google.gson.internal.sql.SqlTimeTypeAdapter$1                               : loaded 2 times (x 73B)
Class com.fasterxml.jackson.databind.deser.UnresolvedForwardReference                 : loaded 2 times (x 100B)
Class com.fasterxml.jackson.databind.node.JsonNodeCreator                             : loaded 2 times (x 68B)
Class [Lcom.fasterxml.jackson.core.JsonFactory$Feature;                               : loaded 2 times (x 67B)
Class io.grpc.netty.shaded.io.netty.internal.tcnative.AsyncTask                       : loaded 2 times (x 68B)
Class io.ktor.util.AttributesJvmKt                                                    : loaded 2 times (x 69B)
Class io.ktor.utils.io.charsets.MalformedInputException                               : loaded 2 times (x 82B)
Class io.netty.bootstrap.ServerBootstrap$ServerBootstrapAcceptor$1                    : loaded 2 times (x 74B)
Class io.netty.channel.DefaultMessageSizeEstimator$HandleImpl                         : loaded 2 times (x 72B)
Class io.netty.util.NettyRuntime                                                      : loaded 2 times (x 69B)
Class com.fasterxml.jackson.databind.ser.impl.StringCollectionSerializer              : loaded 2 times (x 121B)
Class com.fasterxml.jackson.databind.ser.ContainerSerializer                          : loaded 2 times (x 117B)
Class com.fasterxml.jackson.core.JsonGenerator$Feature                                : loaded 2 times (x 77B)
Class com.fasterxml.jackson.databind.introspect.BeanPropertyDefinition                : loaded 2 times (x 106B)
Class com.fasterxml.jackson.databind.jsontype.TypeResolverBuilder                     : loaded 2 times (x 68B)
Class com.fasterxml.jackson.databind.SerializerProvider                               : loaded 2 times (x 147B)
Class org.slf4j.spi.MDCAdapter                                                        : loaded 2 times (x 68B)
Class kotlin.text.CharsKt                                                             : loaded 2 times (x 69B)
Class io.netty.handler.codec.http.DefaultHttpHeaders                                  : loaded 2 times (x 121B)
Class io.netty.channel.AdaptiveRecvByteBufAllocator                                   : loaded 2 times (x 81B)
Class io.netty.buffer.SimpleLeakAwareCompositeByteBuf                                 : loaded 2 times (x 403B)
Class io.netty.channel.RecvByteBufAllocator$Handle                                    : loaded 2 times (x 68B)
Class io.netty.channel.MaxMessagesRecvByteBufAllocator                                : loaded 2 times (x 68B)
Class io.netty.channel.ChannelHandlerMask$1                                           : loaded 2 times (x 71B)
Class io.netty.channel.AbstractChannelHandlerContext                                  : loaded 2 times (x 190B)
Class io.netty.util.concurrent.ProgressiveFuture                                      : loaded 2 times (x 68B)
Class com.google.gson.internal.bind.DefaultDateTypeAdapter$DateType                   : loaded 2 times (x 71B)
Class com.fasterxml.jackson.databind.node.POJONode                                    : loaded 2 times (x 197B)
Class com.fasterxml.jackson.databind.MappingJsonFactory                               : loaded 2 times (x 162B)
Class com.fasterxml.jackson.core.JsonFactory                                          : loaded 2 times (x 162B)
Class kotlin.text.DelimitedRangesSequence$iterator$1                                  : loaded 2 times (x 77B)
Class io.netty.bootstrap.ServerBootstrap                                              : loaded 2 times (x 102B)
Class kotlin.collections.builders.MapBuilder$EntriesItr                               : loaded 2 times (x 79B)
Class io.netty.handler.codec.http.DefaultHttpHeadersFactory$1                         : loaded 2 times (x 72B)
Class kotlin.io.path.IllegalFileNameException                                         : loaded 2 times (x 83B)
Class io.netty.channel.ChannelHandlerMask$2                                           : loaded 2 times (x 73B)
Class com.google.gson.internal.bind.ReflectiveTypeAdapterFactory$1                    : loaded 2 times (x 72B)
Class com.fasterxml.jackson.databind.ser.ContextualSerializer                         : loaded 2 times (x 68B)
Class com.fasterxml.jackson.databind.util.internal.PrivateMaxEntriesMap$DrainStatus$1 : loaded 2 times (x 78B)
Class kotlin.coroutines.jvm.internal.DebugMetadata                                    : loaded 2 times (x 68B)
Class io.ktor.util.pipeline.PhaseContent$Companion                                    : loaded 2 times (x 69B)
Class io.netty.handler.codec.DefaultHeadersImpl                                       : loaded 2 times (x 275B)
Class io.netty.handler.codec.http.DefaultHttpHeadersFactory$2                         : loaded 2 times (x 72B)
Class io.netty.buffer.PooledByteBufAllocator                                          : loaded 2 times (x 132B)
Class io.netty.channel.DefaultChannelPipeline$PendingHandlerCallback                  : loaded 2 times (x 75B)
Class io.netty.channel.ReflectiveChannelFactory                                       : loaded 2 times (x 77B)
Class com.google.gson.internal.bind.ReflectiveTypeAdapterFactory$2                    : loaded 2 times (x 77B)
Class com.fasterxml.jackson.databind.ser.std.NumberSerializers$Base                   : loaded 2 times (x 116B)
Class com.fasterxml.jackson.databind.node.BigIntegerNode                              : loaded 2 times (x 196B)
Class com.fasterxml.jackson.databind.util.internal.PrivateMaxEntriesMap$DrainStatus$2 : loaded 2 times (x 78B)
Class com.fasterxml.jackson.core.JsonProcessingException                              : loaded 2 times (x 85B)
Class [Lio.ktor.http.HttpStatusCode;                                                  : loaded 2 times (x 67B)
Class io.ktor.util.AttributeKey                                                       : loaded 2 times (x 70B)
Class kotlin.collections.MapsKt__MapsJVMKt                                            : loaded 2 times (x 69B)
Class com.fasterxml.jackson.databind.ser.std.NullSerializer                           : loaded 2 times (x 111B)
Class kotlin.collections.builders.ListBuilderKt                                       : loaded 2 times (x 69B)
Class io.ktor.utils.io.ByteChannel$Slot$Read                                          : loaded 2 times (x 77B)
Class io.ktor.utils.io.ByteChannel                                                    : loaded 2 times (x 89B)
Class io.netty.handler.codec.http.DefaultHttpObject                                   : loaded 2 times (x 80B)
Class io.netty.handler.codec.http.FullHttpMessage                                     : loaded 2 times (x 68B)
Class io.netty.buffer.UnpooledByteBufAllocator$InstrumentedUnpooledDirectByteBuf      : loaded 2 times (x 311B)
Class io.netty.buffer.FixedCompositeByteBuf                                           : loaded 2 times (x 305B)
Class io.netty.handler.codec.http.DefaultHttpHeadersFactory$3                         : loaded 2 times (x 72B)
Class io.netty.channel.StacklessClosedChannelException                                : loaded 2 times (x 80B)
Class io.netty.channel.Channel$Unsafe                                                 : loaded 2 times (x 68B)
Class io.netty.util.concurrent.FastThreadLocal                                        : loaded 2 times (x 71B)
Class io.netty.channel.ChannelFactory                                                 : loaded 2 times (x 68B)
Class io.ktor.http.URLDecodeException                                                 : loaded 2 times (x 80B)
Class com.google.gson.ToNumberStrategy                                                : loaded 2 times (x 68B)
Class com.google.gson.TypeAdapter                                                     : loaded 2 times (x 71B)
Class com.fasterxml.jackson.core.io.CharTypes                                         : loaded 2 times (x 69B)
Class com.fasterxml.jackson.core.io.SerializedString                                  : loaded 2 times (x 94B)
Class com.fasterxml.jackson.core.base.GeneratorBase                                   : loaded 2 times (x 213B)
Class com.fasterxml.jackson.databind.util.internal.PrivateMaxEntriesMap$DrainStatus$3 : loaded 2 times (x 78B)
Class com.google.common.base.Objects                                                  : loaded 2 times (x 69B)
Class com.google.common.collect.BiMap                                                 : loaded 2 times (x 68B)
Class io.ktor.http.HttpHeadersKt                                                      : loaded 2 times (x 69B)
Class io.netty.handler.codec.http.HttpContent                                         : loaded 2 times (x 68B)
Class io.netty.handler.codec.http.DefaultHttpHeadersFactory                           : loaded 2 times (x 74B)
Class com.fasterxml.jackson.databind.deser.KeyDeserializers                           : loaded 2 times (x 68B)
Class io.ktor.http.HttpMethod$Companion                                               : loaded 2 times (x 69B)
Class [Lio.netty.handler.codec.http.HttpStatusClass;                                  : loaded 2 times (x 67B)
Class io.netty.handler.codec.http.HttpStatusClass                                     : loaded 2 times (x 80B)
Class io.netty.handler.codec.DefaultHeaders$ValueValidator                            : loaded 2 times (x 68B)
Class io.netty.util.NetUtilInitializations                                            : loaded 2 times (x 69B)
Class io.netty.buffer.AbstractReferenceCountedByteBuf                                 : loaded 2 times (x 304B)
Class io.netty.util.internal.StringUtil                                               : loaded 2 times (x 69B)
Class com.fasterxml.jackson.databind.ser.std.NumberSerializers                        : loaded 2 times (x 69B)
Class com.fasterxml.jackson.databind.deser.std.StdKeyDeserializer                     : loaded 2 times (x 77B)
Class com.fasterxml.jackson.databind.exc.InvalidTypeIdException                       : loaded 2 times (x 98B)
Class com.fasterxml.jackson.core.JsonFactoryBuilder                                   : loaded 2 times (x 126B)
Class com.fasterxml.jackson.databind.util.TokenBuffer                                 : loaded 2 times (x 218B)
Class com.google.common.math.MathPreconditions                                        : loaded 2 times (x 69B)
Class kotlin.collections.ArraysKt__ArraysKt                                           : loaded 2 times (x 69B)
Class io.ktor.utils.io.ByteChannel$Slot$Task$DefaultImpls                             : loaded 2 times (x 69B)
Class io.ktor.utils.io.ByteChannel$Slot$Task                                          : loaded 2 times (x 68B)
Class io.netty.handler.codec.http.HttpHeaderValues                                    : loaded 2 times (x 69B)
Class io.netty.handler.codec.ByteToMessageDecoder$1                                   : loaded 2 times (x 72B)
Class io.netty.bootstrap.AbstractBootstrap$1                                          : loaded 2 times (x 77B)
Class io.netty.buffer.PooledByteBufAllocatorMetric                                    : loaded 2 times (x 74B)
Class com.google.gson.internal.ObjectConstructor                                      : loaded 2 times (x 68B)
Class com.fasterxml.jackson.databind.ser.impl.StringArraySerializer                   : loaded 2 times (x 126B)
Class com.fasterxml.jackson.databind.ser.impl.IndexedStringListSerializer             : loaded 2 times (x 120B)
Class com.fasterxml.jackson.annotation.JsonBackReference                              : loaded 2 times (x 68B)
Class io.grpc.netty.shaded.io.netty.internal.tcnative.SSLPrivateKeyMethodDecryptTask  : loaded 2 times (x 78B)
Class kotlin.collections.SetsKt__SetsJVMKt                                            : loaded 2 times (x 69B)
Class io.ktor.util.StringValuesBuilderImpl                                            : loaded 2 times (x 111B)
Class [Lio.netty.handler.codec.DefaultHeaders$HeaderEntry;                            : loaded 2 times (x 67B)
Class io.netty.buffer.Unpooled                                                        : loaded 2 times (x 69B)
Class io.netty.handler.codec.ByteToMessageDecoder$2                                   : loaded 2 times (x 72B)
Class io.netty.bootstrap.AbstractBootstrap$2                                          : loaded 2 times (x 73B)
Class io.netty.buffer.PooledByteBuf                                                   : loaded 2 times (x 309B)
Class io.netty.util.DefaultAttributeMap$DefaultAttribute                              : loaded 2 times (x 80B)
Class kotlin.collections.CharIterator                                                 : loaded 2 times (x 80B)
Class kotlin.internal.ProgressionUtilKt                                               : loaded 2 times (x 69B)
Class com.fasterxml.jackson.databind.deser.BeanDeserializerBase                       : loaded 2 times (x 209B)
Class com.fasterxml.jackson.databind.deser.impl.UnsupportedTypeDeserializer           : loaded 2 times (x 154B)
Class com.fasterxml.jackson.databind.node.ValueNode                                   : loaded 2 times (x 194B)
Class org.slf4j.ILoggerFactory                                                        : loaded 2 times (x 68B)
Class io.ktor.utils.io.CloseTokenKt                                                   : loaded 2 times (x 69B)
Class io.netty.channel.MessageSizeEstimator                                           : loaded 2 times (x 68B)
Class com.fasterxml.jackson.databind.deser.SettableBeanProperty                       : loaded 2 times (x 138B)
Class com.fasterxml.jackson.databind.cfg.ContextAttributes$Impl                       : loaded 2 times (x 76B)
Class com.fasterxml.jackson.databind.introspect.SimpleMixInResolver                   : loaded 2 times (x 83B)
Class com.fasterxml.jackson.databind.introspect.AnnotatedMethod                       : loaded 2 times (x 96B)
Class org.slf4j.helpers.ThreadLocalMapOfStacks                                        : loaded 2 times (x 74B)
Class io.ktor.utils.io.BufferedByteWriteChannel                                       : loaded 2 times (x 68B)
Class io.netty.handler.codec.http.HttpObjectDecoder$LineParser                        : loaded 2 times (x 73B)
Class io.netty.util.Constant                                                          : loaded 2 times (x 68B)
Class io.netty.util.concurrent.ThreadPerTaskExecutor                                  : loaded 2 times (x 73B)
Class io.netty.util.internal.ReferenceCountUpdater                                    : loaded 2 times (x 72B)
Class kotlin.ranges.CharProgressionIterator                                           : loaded 2 times (x 80B)
Class com.fasterxml.jackson.annotation.JsonRawValue                                   : loaded 2 times (x 68B)
Class com.fasterxml.jackson.databind.introspect.AnnotatedMember                       : loaded 2 times (x 88B)
Class com.fasterxml.jackson.databind.introspect.JacksonAnnotationIntrospector         : loaded 2 times (x 168B)
Class io.ktor.utils.io.ByteReadChannel                                                : loaded 2 times (x 68B)
Class io.ktor.http.content.OutgoingContent$WriteChannelContent                        : loaded 2 times (x 78B)
Class io.netty.channel.ChannelOption                                                  : loaded 2 times (x 79B)
Class io.netty.channel.RecvByteBufAllocator                                           : loaded 2 times (x 68B)
Class io.netty.util.internal.logging.InternalLogger                                   : loaded 2 times (x 68B)
Class [Lcom.google.gson.ToNumberPolicy;                                               : loaded 2 times (x 67B)
Class com.google.gson.ToNumberPolicy                                                  : loaded 2 times (x 81B)
Class com.fasterxml.jackson.databind.deser.BeanDeserializer                           : loaded 2 times (x 221B)
Class com.fasterxml.jackson.core.json.async.NonBlockingJsonParserBase                 : loaded 2 times (x 262B)
Class io.grpc.netty.shaded.io.netty.internal.tcnative.CertificateCallbackTask         : loaded 2 times (x 74B)
Class io.ktor.utils.io.ByteReadChannel$DefaultImpls                                   : loaded 2 times (x 69B)
Class io.netty.handler.codec.http.HttpVersion                                         : loaded 2 times (x 81B)
Class io.netty.util.ByteProcessor                                                     : loaded 2 times (x 68B)
Class kotlin.jvm.JvmClassMappingKt                                                    : loaded 2 times (x 69B)
Class com.fasterxml.jackson.databind.util.LRUMap                                      : loaded 2 times (x 84B)
Class com.fasterxml.jackson.databind.type.ArrayType                                   : loaded 2 times (x 136B)
Class com.fasterxml.jackson.databind.jsontype.PolymorphicTypeValidator$Base           : loaded 2 times (x 72B)
Class org.slf4j.spi.SLF4JServiceProvider                                              : loaded 2 times (x 68B)
Class io.netty.handler.codec.DecoderException                                         : loaded 2 times (x 80B)
Class [Lio.netty.buffer.PoolArenaMetric;                                              : loaded 2 times (x 67B)
Class io.netty.channel.AbstractChannel$AnnotatedConnectException                      : loaded 2 times (x 80B)
Class io.netty.channel.ChannelFutureListener                                          : loaded 2 times (x 68B)
Class io.netty.util.concurrent.GenericFutureListener                                  : loaded 2 times (x 68B)
Class [Lio.ktor.http.HttpMethod;                                                      : loaded 2 times (x 67B)
Class com.fasterxml.jackson.databind.node.LongNode                                    : loaded 2 times (x 195B)
Class com.fasterxml.jackson.databind.cfg.ConfigFeature                                : loaded 2 times (x 68B)
Class com.fasterxml.jackson.annotation.JsonFormat$Value                               : loaded 2 times (x 95B)
Class com.fasterxml.jackson.databind.util.SimpleBeanPropertyDefinition                : loaded 2 times (x 109B)
Class com.fasterxml.jackson.databind.ser.BasicSerializerFactory                       : loaded 2 times (x 104B)
Class com.google.common.base.ExtraObjectsMethodsForWeb                                : loaded 2 times (x 69B)
Class kotlin.jvm.internal.TypeIntrinsics                                              : loaded 2 times (x 69B)
Class kotlin.text.StringsKt__StringsJVMKt                                             : loaded 2 times (x 69B)
Class com.google.gson.internal.bind.ArrayTypeAdapter$1                                : loaded 2 times (x 73B)
Class com.google.gson.internal.bind.JsonTreeWriter                                    : loaded 2 times (x 96B)
Class com.fasterxml.jackson.databind.ser.std.CollectionSerializer                     : loaded 2 times (x 129B)
Class com.fasterxml.jackson.core.util.DefaultPrettyPrinter$NopIndenter                : loaded 2 times (x 75B)
Class com.google.common.io.ByteSink                                                   : loaded 2 times (x 74B)
Class kotlin.text.StringsKt__IndentKt                                                 : loaded 2 times (x 69B)
Class kotlin.collections.SetsKt                                                       : loaded 2 times (x 69B)
Class io.netty.channel.ChannelHandlerContext                                          : loaded 2 times (x 68B)
Class io.netty.channel.ChannelOutboundBuffer$1                                        : loaded 2 times (x 71B)
Class io.netty.util.internal.Cleaner                                                  : loaded 2 times (x 68B)
Class com.fasterxml.jackson.annotation.JsonMerge                                      : loaded 2 times (x 68B)
Class kotlin.collections.ArrayDeque                                                   : loaded 2 times (x 205B)
Class com.google.common.base.JdkPattern                                               : loaded 2 times (x 73B)
Class org.slf4j.Logger                                                                : loaded 2 times (x 68B)
Class io.ktor.http.Headers$Companion                                                  : loaded 2 times (x 69B)
Class io.netty.buffer.ByteBufAllocatorMetric                                          : loaded 2 times (x 68B)
Class io.netty.channel.CompleteChannelFuture                                          : loaded 2 times (x 172B)
Class io.netty.channel.DefaultChannelPipeline$HeadContext                             : loaded 2 times (x 216B)
Class io.netty.channel.ChannelOutboundHandler                                         : loaded 2 times (x 68B)
Class io.netty.util.concurrent.FutureListener                                         : loaded 2 times (x 68B)
Class com.fasterxml.jackson.databind.exc.InvalidFormatException                       : loaded 2 times (x 97B)
Class [Lcom.fasterxml.jackson.databind.cfg.CoercionInputShape;                        : loaded 2 times (x 67B)
Class kotlin.collections.MapsKt__MapsKt                                               : loaded 2 times (x 69B)
Class kotlin.jvm.internal.markers.KMutableMap$Entry                                   : loaded 2 times (x 68B)
Class [Lio.netty.buffer.PoolSubpage;                                                  : loaded 2 times (x 67B)
Class io.netty.util.concurrent.MultithreadEventExecutorGroup$1                        : loaded 2 times (x 76B)
Class com.google.gson.internal.bind.ReflectiveTypeAdapterFactory                      : loaded 2 times (x 73B)
Class com.google.gson.internal.sql.SqlTimestampTypeAdapter                            : loaded 2 times (x 74B)
Class com.fasterxml.jackson.databind.ser.std.BeanSerializerBase                       : loaded 2 times (x 130B)
Class com.fasterxml.jackson.databind.ser.std.TimeZoneSerializer                       : loaded 2 times (x 113B)
Class com.fasterxml.jackson.databind.deser.BasicDeserializerFactory                   : loaded 2 times (x 135B)
Class com.fasterxml.jackson.databind.deser.DefaultDeserializationContext              : loaded 2 times (x 186B)
Class org.slf4j.Marker                                                                : loaded 2 times (x 68B)
Class com.intellij.ultimate.PluginVerifier                                            : loaded 2 times (x 69B)
Class kotlin.collections.AbstractMutableSet                                           : loaded 2 times (x 140B)
Class io.ktor.utils.io.ByteChannel$Slot$Closed                                        : loaded 2 times (x 70B)
Class io.ktor.util.CaseInsensitiveString                                              : loaded 2 times (x 70B)
Class io.ktor.http.Headers$DefaultImpls                                               : loaded 2 times (x 69B)
Class io.netty.util.Signal$SignalConstant                                             : loaded 2 times (x 78B)
Class io.netty.buffer.ReadOnlyUnsafeDirectByteBuf                                     : loaded 2 times (x 307B)
Class com.google.gson.internal.sql.SqlDateTypeAdapter$1                               : loaded 2 times (x 73B)
Class com.fasterxml.jackson.databind.exc.PropertyBindingException                     : loaded 2 times (x 99B)
Class com.google.common.collect.ImmutableMap$IteratorBasedImmutableMap                : loaded 2 times (x 123B)
Class io.ktor.util.Platform$WasmJs                                                    : loaded 2 times (x 70B)
Class io.netty.util.concurrent.ScheduledFuture                                        : loaded 2 times (x 68B)
Class kotlin.Metadata                                                                 : loaded 2 times (x 68B)
Class io.netty.channel.CombinedChannelDuplexHandler$DelegatingChannelHandlerContext   : loaded 2 times (x 184B)
Class io.netty.channel.socket.DuplexChannelConfig                                     : loaded 2 times (x 68B)
Class io.netty.util.ResourceLeak                                                      : loaded 2 times (x 68B)
Class io.netty.channel.MessageSizeEstimator$Handle                                    : loaded 2 times (x 68B)
Class [Lcom.fasterxml.jackson.core.JsonParser$NumberType;                             : loaded 2 times (x 67B)
Class [Lcom.fasterxml.jackson.annotation.JsonAutoDetect$Visibility;                   : loaded 2 times (x 67B)
Class com.fasterxml.jackson.core.io.UTF8Writer                                        : loaded 2 times (x 98B)
Class com.fasterxml.jackson.databind.JsonNode                                         : loaded 2 times (x 185B)
Class com.fasterxml.jackson.databind.deser.DeserializerFactory                        : loaded 2 times (x 89B)
Class io.netty.channel.ChannelHandler$Sharable                                        : loaded 2 times (x 68B)
Class io.netty.buffer.ByteBufAllocator                                                : loaded 2 times (x 68B)
Class io.netty.util.internal.ReflectionUtil                                           : loaded 2 times (x 69B)
Class io.netty.util.internal.PlatformDependent0$1                                     : loaded 2 times (x 72B)
Class com.google.gson.internal.bind.ReflectiveTypeAdapterFactory$Adapter              : loaded 2 times (x 75B)
Class com.google.gson.internal.bind.TypeAdapters$10                                   : loaded 2 times (x 73B)
Class com.fasterxml.jackson.databind.introspect.AnnotatedWithParams                   : loaded 2 times (x 96B)
Class io.netty.handler.codec.MessageToMessageEncoder                                  : loaded 2 times (x 100B)
Class io.netty.buffer.ReadOnlyByteBuf                                                 : loaded 2 times (x 311B)
Class io.netty.buffer.UnpooledUnsafeHeapByteBuf                                       : loaded 2 times (x 307B)
Class io.netty.util.IntSupplier                                                       : loaded 2 times (x 68B)
Class io.netty.util.concurrent.AbstractEventExecutorGroup                             : loaded 2 times (x 180B)
Class io.netty.util.internal.PlatformDependent0$2                                     : loaded 2 times (x 73B)
Class io.netty.util.internal.logging.AbstractInternalLogger                           : loaded 2 times (x 159B)
Class com.google.gson.internal.bind.TypeAdapters$11                                   : loaded 2 times (x 73B)
Class [Lcom.google.gson.FieldNamingPolicy;                                            : loaded 2 times (x 67B)
Class com.fasterxml.jackson.core.util.Separators                                      : loaded 2 times (x 75B)
Class com.fasterxml.jackson.databind.JsonSerializable$Base                            : loaded 2 times (x 76B)
Class com.fasterxml.jackson.databind.ser.BeanSerializerFactory                        : loaded 2 times (x 126B)
Class io.netty.channel.CombinedChannelDuplexHandler$1                                 : loaded 2 times (x 184B)
Class io.netty.util.concurrent.ThreadProperties                                       : loaded 2 times (x 68B)
Class io.netty.channel.SelectStrategyFactory                                          : loaded 2 times (x 68B)
Class io.netty.util.internal.PlatformDependent0$3                                     : loaded 2 times (x 73B)
Class com.google.gson.internal.bind.TypeAdapters$12                                   : loaded 2 times (x 73B)
Class [Lcom.google.gson.ToNumberStrategy;                                             : loaded 2 times (x 67B)
Class com.fasterxml.jackson.databind.ser.std.ObjectArraySerializer                    : loaded 2 times (x 130B)
Class com.fasterxml.jackson.core.async.ByteBufferFeeder                               : loaded 2 times (x 68B)
Class com.fasterxml.jackson.databind.type.TypeBase                                    : loaded 2 times (x 136B)
Class com.fasterxml.jackson.core.TokenStreamFactory                                   : loaded 2 times (x 112B)
Class org.slf4j.event.LoggingEvent                                                    : loaded 2 times (x 68B)
Class io.netty.channel.socket.ChannelOutputShutdownException                          : loaded 2 times (x 80B)
Class kotlinx.io.unsafe.UnsafeBufferOperations                                        : loaded 2 times (x 69B)
Class io.netty.util.Signal$1                                                          : loaded 2 times (x 75B)
Class io.netty.buffer.WrappedUnpooledUnsafeDirectByteBuf                              : loaded 2 times (x 314B)
Class io.netty.handler.codec.CodecException                                           : loaded 2 times (x 80B)
Class io.netty.util.internal.SocketUtils                                              : loaded 2 times (x 69B)
Class io.netty.util.internal.PlatformDependent0$4                                     : loaded 2 times (x 73B)
Class com.google.gson.internal.bind.TypeAdapters$13                                   : loaded 2 times (x 73B)
Class com.fasterxml.jackson.databind.cfg.SerializerFactoryConfig                      : loaded 2 times (x 70B)
Class com.fasterxml.jackson.core.JsonParser$NumberType                                : loaded 2 times (x 77B)
Class com.fasterxml.jackson.databind.ser.std.SerializableSerializer                   : loaded 2 times (x 113B)
Class com.fasterxml.jackson.databind.ser.impl.FailingSerializer                       : loaded 2 times (x 111B)
Class com.fasterxml.jackson.databind.cfg.CoercionConfig                               : loaded 2 times (x 72B)
Class [Lcom.fasterxml.jackson.annotation.JsonInclude$Include;                         : loaded 2 times (x 67B)
Class com.fasterxml.jackson.databind.ser.DefaultSerializerProvider$Impl               : loaded 2 times (x 160B)
Class io.grpc.netty.shaded.io.netty.internal.tcnative.SSLTask                         : loaded 2 times (x 73B)
Class com.google.common.collect.ImmutableCollection                                   : loaded 2 times (x 123B)
Class io.ktor.util.Attributes                                                         : loaded 2 times (x 68B)
Class [Lio.ktor.util.pipeline.PipelinePhase;                                          : loaded 2 times (x 67B)
Class io.netty.bootstrap.ServerBootstrap$ServerBootstrapAcceptor                      : loaded 2 times (x 99B)
Class ai.grazie.model.cloud.exceptions.HTTPStatusException$AccessProhibited           : loaded 2 times (x 81B)
Class kotlin.collections.builders.MapBuilder$Itr                                      : loaded 2 times (x 70B)
Class kotlinx.io.RawSource                                                            : loaded 2 times (x 68B)
Class io.netty.handler.codec.http.FullHttpResponse                                    : loaded 2 times (x 68B)
Class io.netty.buffer.PooledHeapByteBuf                                               : loaded 2 times (x 309B)
Class io.netty.util.AsciiString                                                       : loaded 2 times (x 84B)
Class io.netty.channel.AbstractChannel$AnnotatedNoRouteToHostException                : loaded 2 times (x 80B)
Class io.netty.channel.AbstractChannel$AbstractUnsafe                                 : loaded 2 times (x 92B)
Class io.netty.util.internal.PlatformDependent0$5                                     : loaded 2 times (x 73B)
Class kotlin.ranges.CharProgression$Companion                                         : loaded 2 times (x 69B)
Class com.google.gson.internal.bind.NumberTypeAdapter$1                               : loaded 2 times (x 74B)
Class com.google.gson.internal.bind.TypeAdapters$1                                    : loaded 2 times (x 73B)
Class com.google.gson.internal.bind.TypeAdapters$14                                   : loaded 2 times (x 73B)
Class com.fasterxml.jackson.databind.ser.std.NumberSerializers$LongSerializer         : loaded 2 times (x 116B)
Class com.fasterxml.jackson.databind.exc.UnrecognizedPropertyException                : loaded 2 times (x 99B)
Class com.fasterxml.jackson.databind.introspect.Annotated                             : loaded 2 times (x 79B)
Class com.fasterxml.jackson.core.JsonParser                                           : loaded 2 times (x 194B)
Class kotlin.sequences.SequencesKt                                                    : loaded 2 times (x 69B)
Class com.google.common.util.concurrent.ListenableFuture                              : loaded 2 times (x 68B)
Class com.google.common.collect.ImmutableSet$CachingAsList                            : loaded 2 times (x 145B)
Class io.ktor.util.date.DateJvmKt                                                     : loaded 2 times (x 69B)
Class kotlinx.io.Buffer                                                               : loaded 2 times (x 114B)
Class kotlin.jvm.internal.markers.KMutableSet                                         : loaded 2 times (x 68B)
Class io.ktor.util.pipeline.PipelineContext                                           : loaded 2 times (x 80B)
Class io.netty.bootstrap.AbstractBootstrap$PendingRegistrationPromise                 : loaded 2 times (x 304B)
Class io.netty.util.internal.PlatformDependent0$6                                     : loaded 2 times (x 73B)
Class com.google.gson.Strictness                                                      : loaded 2 times (x 77B)
Class com.google.gson.internal.bind.TypeAdapters$2                                    : loaded 2 times (x 73B)
Class com.google.gson.internal.bind.TypeAdapters$15                                   : loaded 2 times (x 73B)
Class com.google.gson.internal.sql.SqlTypesSupport$1                                  : loaded 2 times (x 72B)
Class com.fasterxml.jackson.databind.deser.std.StdKeyDeserializers                    : loaded 2 times (x 73B)
Class com.fasterxml.jackson.databind.util.StdDateFormat                               : loaded 2 times (x 106B)
Class com.fasterxml.jackson.databind.ObjectMapper                                     : loaded 2 times (x 332B)
Class io.ktor.util.pipeline.PipelinePhaseRelation$After                               : loaded 2 times (x 70B)
Class kotlin.text.StringsKt                                                           : loaded 2 times (x 69B)
Class io.netty.util.Attribute                                                         : loaded 2 times (x 68B)
Class com.google.gson.internal.bind.TypeAdapters$16                                   : loaded 2 times (x 73B)
Class com.google.gson.internal.bind.TypeAdapters$3                                    : loaded 2 times (x 73B)
Class com.google.gson.internal.sql.SqlTypesSupport$2                                  : loaded 2 times (x 72B)
Class com.fasterxml.jackson.databind.ser.std.IterableSerializer                       : loaded 2 times (x 128B)
Class com.fasterxml.jackson.databind.cfg.MapperConfig                                 : loaded 2 times (x 115B)
Class com.fasterxml.jackson.core.util.JacksonFeature                                  : loaded 2 times (x 68B)
Class com.fasterxml.jackson.databind.introspect.DefaultAccessorNamingStrategy$Provider: loaded 2 times (x 79B)
Class org.slf4j.helpers.NOPMDCAdapter                                                 : loaded 2 times (x 91B)
Class kotlin.LazyKt__LazyJVMKt                                                        : loaded 2 times (x 69B)
Class io.ktor.http.HeadersBuilder                                                     : loaded 2 times (x 111B)
Class io.ktor.utils.io.ByteWriteChannel                                               : loaded 2 times (x 68B)
Class io.netty.buffer.AbstractByteBufAllocator$1                                      : loaded 2 times (x 69B)
Class io.netty.util.concurrent.EventExecutorChooserFactory$EventExecutorChooser       : loaded 2 times (x 68B)
Class io.netty.util.internal.logging.InternalLoggerFactory                            : loaded 2 times (x 70B)
Class com.google.gson.internal.bind.TypeAdapters$17                                   : loaded 2 times (x 73B)
Class com.google.gson.internal.bind.TypeAdapters$4                                    : loaded 2 times (x 73B)
Class com.fasterxml.jackson.databind.deser.std.StdDeserializer                        : loaded 2 times (x 154B)
Class com.fasterxml.jackson.databind.node.TreeTraversingParser                        : loaded 2 times (x 220B)
Class com.fasterxml.jackson.databind.deser.DefaultDeserializationContext$Impl         : loaded 2 times (x 186B)
Class kotlin.jvm.internal.markers.KMutableList                                        : loaded 2 times (x 68B)
Class org.slf4j.spi.LoggingEventBuilder                                               : loaded 2 times (x 68B)
Class org.slf4j.helpers.NOPLoggerFactory                                              : loaded 2 times (x 73B)
Class kotlin.text.StringsKt__StringNumberConversionsKt                                : loaded 2 times (x 69B)
Class kotlinx.io.SegmentPool                                                          : loaded 2 times (x 69B)
Class io.netty.handler.codec.http.HttpHeadersFactory                                  : loaded 2 times (x 68B)
Class io.netty.buffer.PooledByteBufAllocator$1                                        : loaded 2 times (x 74B)
Class io.netty.buffer.UnpooledUnsafeDirectByteBuf                                     : loaded 2 times (x 314B)
Class io.ktor.utils.io.ByteChannel$Slot$Empty                                         : loaded 2 times (x 69B)
Class com.google.gson.annotations.JsonAdapter                                         : loaded 2 times (x 68B)
Class com.google.gson.internal.bind.TypeAdapters$18                                   : loaded 2 times (x 73B)
Class com.google.gson.internal.bind.TypeAdapters$5                                    : loaded 2 times (x 73B)
Class com.google.gson.internal.bind.SerializationDelegatingTypeAdapter                : loaded 2 times (x 72B)
Class com.fasterxml.jackson.databind.ser.BeanSerializerModifier                       : loaded 2 times (x 80B)
Class com.fasterxml.jackson.databind.deser.impl.MethodProperty                        : loaded 2 times (x 139B)
Class [Lcom.fasterxml.jackson.databind.type.LogicalType;                              : loaded 2 times (x 67B)
Class com.fasterxml.jackson.core.base.ParserBase                                      : loaded 2 times (x 256B)
Class io.netty.handler.codec.EncoderException                                         : loaded 2 times (x 80B)
Class io.netty.handler.codec.http.CombinedHttpHeaders                                 : loaded 2 times (x 121B)
Class io.netty.util.concurrent.DefaultPromise$LeanCancellationException               : loaded 2 times (x 80B)
Class io.netty.channel.socket.nio.NioServerSocketChannel                              : loaded 2 times (x 212B)
Class io.netty.util.internal.LongCounter                                              : loaded 2 times (x 68B)
Class com.google.gson.internal.bind.ReflectiveTypeAdapterFactory$FieldReflectionAdapter: loaded 2 times (x 75B)
Class com.google.gson.internal.bind.TypeAdapters$19                                   : loaded 2 times (x 73B)
Class com.google.gson.internal.bind.TypeAdapters$6                                    : loaded 2 times (x 73B)
Class com.fasterxml.jackson.databind.ser.std.StringSerializer                         : loaded 2 times (x 111B)
Class com.fasterxml.jackson.databind.deser.impl.PropertyBasedObjectIdGenerator        : loaded 2 times (x 78B)
Class com.fasterxml.jackson.databind.jsontype.SubtypeResolver                         : loaded 2 times (x 79B)
Class io.ktor.util.pipeline.PipelinePhase                                             : loaded 2 times (x 70B)
Class com.google.common.base.CommonPattern                                            : loaded 2 times (x 72B)
Class kotlin.io.path.PathsKt__PathRecursiveFunctionsKt                                : loaded 2 times (x 69B)
Class io.netty.buffer.WrappedByteBuf                                                  : loaded 2 times (x 282B)
Class io.netty.buffer.AbstractByteBufAllocator                                        : loaded 2 times (x 114B)
Class io.netty.buffer.ByteBufUtil$ThreadLocalUnsafeDirectByteBuf                      : loaded 2 times (x 315B)
Class io.netty.channel.socket.nio.SelectorProviderUtil                                : loaded 2 times (x 69B)
Class io.netty.util.concurrent.AbstractEventExecutor                                  : loaded 2 times (x 230B)
Class io.netty.util.concurrent.AbstractFuture                                         : loaded 2 times (x 126B)
Class com.google.gson.annotations.SerializedName                                      : loaded 2 times (x 68B)
Class com.google.gson.internal.bind.TypeAdapters$7                                    : loaded 2 times (x 73B)
Class com.fasterxml.jackson.databind.ser.Serializers                                  : loaded 2 times (x 68B)
Class com.fasterxml.jackson.core.util.DefaultPrettyPrinter                            : loaded 2 times (x 107B)
Class com.fasterxml.jackson.core.Base64Variants                                       : loaded 2 times (x 69B)
Class com.fasterxml.jackson.core.Versioned                                            : loaded 2 times (x 68B)
Class com.google.common.math.IntMath                                                  : loaded 2 times (x 69B)
Class io.ktor.util.StringValues$DefaultImpls                                          : loaded 2 times (x 69B)
Class kotlin.jvm.internal.markers.KMutableMap                                         : loaded 2 times (x 68B)
Class io.netty.handler.codec.http.HttpRequest                                         : loaded 2 times (x 68B)
Class io.netty.handler.codec.http.HttpHeaderNames                                     : loaded 2 times (x 69B)
Class io.netty.channel.ChannelOutboundHandlerAdapter                                  : loaded 2 times (x 97B)
Class io.netty.buffer.AbstractUnsafeSwappedByteBuf                                    : loaded 2 times (x 289B)
Class io.netty.handler.codec.http.LastHttpContent                                     : loaded 2 times (x 68B)
Class io.netty.handler.codec.DecoderResult                                            : loaded 2 times (x 74B)
Class io.netty.handler.codec.DefaultHeaders$NameValidator$1                           : loaded 2 times (x 72B)
Class io.netty.buffer.PoolChunkList                                                   : loaded 2 times (x 82B)
Class io.netty.channel.MultithreadEventLoopGroup                                      : loaded 2 times (x 224B)
Class io.netty.channel.socket.ServerSocketChannel                                     : loaded 2 times (x 68B)
Class com.google.gson.internal.bind.CollectionTypeAdapterFactory$Adapter              : loaded 2 times (x 72B)
Class com.google.gson.internal.bind.TypeAdapters$8                                    : loaded 2 times (x 73B)
Class com.fasterxml.jackson.databind.deser.std.EnumDeserializer                       : loaded 2 times (x 168B)
Class [Lcom.fasterxml.jackson.annotation.JsonFormat$Shape;                            : loaded 2 times (x 67B)
Class com.fasterxml.jackson.core.sym.CharsToNameCanonicalizer$TableInfo               : loaded 2 times (x 70B)
Class com.fasterxml.jackson.databind.util.internal.Linked                             : loaded 2 times (x 68B)
Class com.fasterxml.jackson.databind.ser.BeanPropertyWriter                           : loaded 2 times (x 139B)
Class com.fasterxml.jackson.databind.ser.PropertyWriter                               : loaded 2 times (x 110B)
Class com.fasterxml.jackson.databind.type.CollectionType                              : loaded 2 times (x 142B)
Class io.netty.channel.ChannelInboundHandler                                          : loaded 2 times (x 68B)
Class ai.grazie.model.cloud.exceptions.HTTPStatusException                            : loaded 2 times (x 81B)
Class io.ktor.util.pipeline.PipelineContext_jvmKt                                     : loaded 2 times (x 69B)
Class io.netty.channel.ChannelDuplexHandler                                           : loaded 2 times (x 116B)
Class com.google.gson.internal.bind.TypeAdapters$9                                    : loaded 2 times (x 73B)
Class [Lcom.fasterxml.jackson.databind.deser.ValueInstantiators;                      : loaded 2 times (x 67B)
Class [Lcom.fasterxml.jackson.databind.DeserializationFeature;                        : loaded 2 times (x 67B)
Class com.fasterxml.jackson.core.exc.StreamConstraintsException                       : loaded 2 times (x 85B)
Class com.fasterxml.jackson.core.io.DataOutputAsStream                                : loaded 2 times (x 84B)
Class org.slf4j.helpers.SubstituteLoggerFactory                                       : loaded 2 times (x 79B)
Class kotlin.enums.EnumEntries                                                        : loaded 2 times (x 68B)
Class io.netty.handler.codec.ValueConverter                                           : loaded 2 times (x 68B)
Class io.netty.handler.codec.http.EmptyHttpHeaders                                    : loaded 2 times (x 119B)
Class io.netty.bootstrap.ChannelInitializerExtensions                                 : loaded 2 times (x 70B)
Class io.netty.buffer.WrappedCompositeByteBuf                                         : loaded 2 times (x 402B)
Class io.netty.channel.ChannelMetadata                                                : loaded 2 times (x 69B)
Class com.google.gson.JsonParseException                                              : loaded 2 times (x 80B)
Class com.fasterxml.jackson.annotation.ObjectIdGenerators$PropertyGenerator           : loaded 2 times (x 78B)
Class com.fasterxml.jackson.databind.jsonFormatVisitors.JsonFormatVisitable           : loaded 2 times (x 68B)
Class com.fasterxml.jackson.core.util.DefaultPrettyPrinter$FixedSpaceIndenter         : loaded 2 times (x 75B)
Class com.fasterxml.jackson.core.json.UTF8DataInputJsonParser                         : loaded 2 times (x 271B)
Class com.fasterxml.jackson.core.type.ResolvedType                                    : loaded 2 times (x 92B)
Class com.fasterxml.jackson.databind.ser.DefaultSerializerProvider                    : loaded 2 times (x 160B)
Class com.fasterxml.jackson.core.JacksonException                                     : loaded 2 times (x 83B)
Class io.ktor.http.EmptyParameters                                                    : loaded 2 times (x 82B)
Class io.netty.handler.codec.http.EmptyHttpHeaders$InstanceInitializer                : loaded 2 times (x 69B)
Class io.netty.channel.nio.AbstractNioByteChannel$NioByteUnsafe                       : loaded 2 times (x 99B)
Class io.netty.buffer.PooledByteBufAllocator$PoolThreadLocalCache                     : loaded 2 times (x 72B)
Class io.netty.channel.nio.AbstractNioChannel$NioUnsafe                               : loaded 2 times (x 68B)
Class io.netty.util.internal.PriorityQueue                                            : loaded 2 times (x 68B)
Class com.fasterxml.jackson.databind.ser.impl.IndexedListSerializer                   : loaded 2 times (x 124B)
Class com.fasterxml.jackson.annotation.ObjectIdGenerators$Base                        : loaded 2 times (x 78B)
Class com.fasterxml.jackson.databind.deser.std.ContainerDeserializerBase              : loaded 2 times (x 159B)
Class com.fasterxml.jackson.core.json.ReaderBasedJsonParser                           : loaded 2 times (x 273B)
Class com.fasterxml.jackson.core.type.TypeReference                                   : loaded 2 times (x 76B)
Class io.netty.util.IllegalReferenceCountException                                    : loaded 2 times (x 80B)
Class com.fasterxml.jackson.databind.deser.std.EnumMapDeserializer                    : loaded 2 times (x 172B)
Class com.fasterxml.jackson.databind.deser.std.StringDeserializer                     : loaded 2 times (x 156B)
Class com.fasterxml.jackson.databind.cfg.MapperConfigBase                             : loaded 2 times (x 129B)
Class com.fasterxml.jackson.core.sym.CharsToNameCanonicalizer                         : loaded 2 times (x 70B)
Class com.fasterxml.jackson.databind.util.internal.PrivateMaxEntriesMap               : loaded 2 times (x 146B)
Class io.netty.handler.codec.DefaultHeaders$HeaderEntry                               : loaded 2 times (x 78B)
Class io.netty.util.CharsetUtil                                                       : loaded 2 times (x 69B)
Class io.netty.util.internal.UnpaddedInternalThreadLocalMap                           : loaded 2 times (x 69B)
Class io.netty.util.concurrent.MultithreadEventExecutorGroup                          : loaded 2 times (x 183B)
Class com.fasterxml.jackson.databind.ser.std.ClassSerializer                          : loaded 2 times (x 112B)
Class [Lcom.fasterxml.jackson.databind.cfg.EnumFeature;                               : loaded 2 times (x 67B)
Class com.fasterxml.jackson.annotation.JacksonAnnotationValue                         : loaded 2 times (x 68B)
Class io.ktor.http.Parameters                                                         : loaded 2 times (x 68B)
Class kotlin.UnsafeLazyImpl                                                           : loaded 2 times (x 74B)
Class kotlin.LazyKt__LazyJVMKt$WhenMappings                                           : loaded 2 times (x 69B)
Class io.netty.buffer.UnpooledByteBufAllocator$InstrumentedUnpooledUnsafeNoCleanerDirectByteBuf: loaded 2 times (x 315B)
Class io.netty.handler.codec.http.HttpObjectDecoder                                   : loaded 2 times (x 123B)
Class io.netty.util.NetUtil                                                           : loaded 2 times (x 69B)
Class [Lio.netty.buffer.PoolSubpageMetric;                                            : loaded 2 times (x 67B)
Class io.netty.buffer.AbstractByteBuf                                                 : loaded 2 times (x 302B)
Class io.netty.channel.socket.ServerSocketChannelConfig                               : loaded 2 times (x 68B)
Class io.netty.util.concurrent.RejectedExecutionHandler                               : loaded 2 times (x 68B)
Class io.netty.bootstrap.ChannelFactory                                               : loaded 2 times (x 68B)
Class com.google.gson.internal.sql.SqlDateTypeAdapter                                 : loaded 2 times (x 72B)
Class com.fasterxml.jackson.databind.ser.BeanSerializer                               : loaded 2 times (x 130B)
Class com.fasterxml.jackson.databind.introspect.AnnotationCollector$NoAnnotations     : loaded 2 times (x 79B)
Class com.fasterxml.jackson.core.TSFBuilder                                           : loaded 2 times (x 106B)
Class com.fasterxml.jackson.core.Base64Variant                                        : loaded 2 times (x 70B)
Class [Lcom.fasterxml.jackson.databind.util.ClassUtil$Ctor;                           : loaded 2 times (x 67B)
Class com.fasterxml.jackson.annotation.JsonManagedReference                           : loaded 2 times (x 68B)
Class io.grpc.netty.shaded.io.netty.internal.tcnative.SSLPrivateKeyMethodSignTask     : loaded 2 times (x 79B)
Class [Lcom.google.common.collect.ImmutableEntry;                                     : loaded 2 times (x 67B)
Class io.ktor.util.pipeline.PipelinePhaseRelation                                     : loaded 2 times (x 69B)
Class kotlin.LazyThreadSafetyMode                                                     : loaded 2 times (x 77B)
Class io.netty.handler.codec.http.HttpObjectDecoder$State                             : loaded 2 times (x 77B)
Class io.netty.handler.codec.http.HttpMessageDecoderResult                            : loaded 2 times (x 74B)
Class io.netty.channel.DefaultChannelPipeline$1                                       : loaded 2 times (x 71B)
Class [Lio.netty.util.Attribute;                                                      : loaded 2 times (x 67B)
Class [Lio.netty.util.concurrent.EventExecutor;                                       : loaded 2 times (x 67B)
Class io.netty.util.concurrent.PromiseTask$SentinelRunnable                           : loaded 2 times (x 74B)
Class io.netty.channel.Channel                                                        : loaded 2 times (x 68B)
Class com.fasterxml.jackson.databind.cfg.DeserializerFactoryConfig                    : loaded 2 times (x 85B)
Class com.fasterxml.jackson.core.JsonParser$Feature                                   : loaded 2 times (x 77B)
Class io.netty.handler.codec.http.HttpResponseStatus                                  : loaded 2 times (x 80B)
Class io.netty.buffer.PoolSubpageMetric                                               : loaded 2 times (x 68B)
Class io.netty.util.concurrent.EventExecutorChooserFactory                            : loaded 2 times (x 68B)
Class com.google.gson.internal.bind.ReflectiveTypeAdapterFactory$RecordAdapter        : loaded 2 times (x 75B)
Class com.google.common.base.Platform                                                 : loaded 2 times (x 69B)
Class com.fasterxml.jackson.databind.type.MapType                                     : loaded 2 times (x 145B)
Class com.fasterxml.jackson.core.io.SegmentedStringWriter                             : loaded 2 times (x 97B)
Class kotlin.text.StringsKt__StringsKt                                                : loaded 2 times (x 69B)
Class org.slf4j.LoggerFactory                                                         : loaded 2 times (x 69B)
Class kotlin.SynchronizedLazyImpl                                                     : loaded 2 times (x 74B)
Class kotlin.text.StringsKt__RegexExtensionsKt                                        : loaded 2 times (x 69B)
Class io.netty.channel.ChannelOption$1                                                : loaded 2 times (x 75B)
Class [Lio.netty.channel.ChannelHandler;                                              : loaded 2 times (x 67B)
Class io.netty.channel.socket.DefaultServerSocketChannelConfig                        : loaded 2 times (x 166B)
Class io.netty.channel.DefaultChannelPromise                                          : loaded 2 times (x 304B)
Class io.netty.util.concurrent.AbstractScheduledEventExecutor$1                       : loaded 2 times (x 87B)
Class io.netty.util.concurrent.DefaultThreadFactory                                   : loaded 2 times (x 75B)
Class com.google.gson.internal.reflect.ReflectionHelper$RecordNotSupportedHelper      : loaded 2 times (x 76B)
Class com.google.gson.JsonIOException                                                 : loaded 2 times (x 80B)
Class com.fasterxml.jackson.databind.ser.std.NumberSerializers$ShortSerializer        : loaded 2 times (x 116B)
Class com.fasterxml.jackson.databind.deser.ValueInstantiators                         : loaded 2 times (x 68B)
Class com.fasterxml.jackson.databind.deser.ContextualDeserializer                     : loaded 2 times (x 68B)
Class com.fasterxml.jackson.databind.deser.impl.TypeWrappedDeserializer               : loaded 2 times (x 96B)
Class com.fasterxml.jackson.databind.node.NumericNode                                 : loaded 2 times (x 195B)
Class com.fasterxml.jackson.databind.type.LogicalType                                 : loaded 2 times (x 77B)
Class com.fasterxml.jackson.databind.JsonSerializable                                 : loaded 2 times (x 68B)
Class kotlin.sequences.SequencesKt__SequencesJVMKt                                    : loaded 2 times (x 69B)
Class io.ktor.util.Platform$Jvm                                                       : loaded 2 times (x 69B)
Class kotlin.collections.AbstractList                                                 : loaded 2 times (x 195B)
Class kotlin.collections.AbstractCollection                                           : loaded 2 times (x 115B)
Class kotlin.text.Regex                                                               : loaded 2 times (x 70B)
Class io.netty.channel.socket.DuplexChannel                                           : loaded 2 times (x 68B)
Class io.netty.buffer.ByteBufUtil                                                     : loaded 2 times (x 69B)
Class io.netty.util.concurrent.AbstractScheduledEventExecutor$2                       : loaded 2 times (x 72B)
Class io.netty.util.concurrent.OrderedEventExecutor                                   : loaded 2 times (x 68B)
Class com.fasterxml.jackson.databind.ser.std.ToEmptyObjectSerializer                  : loaded 2 times (x 111B)
Class [Lcom.fasterxml.jackson.databind.SerializationFeature;                          : loaded 2 times (x 67B)
Class com.fasterxml.jackson.databind.type.ResolvedRecursiveType                       : loaded 2 times (x 138B)
Class com.fasterxml.jackson.databind.util.ClassUtil$Ctor                              : loaded 2 times (x 70B)
Class kotlin.collections.ArrayAsCollection                                            : loaded 2 times (x 103B)
Class kotlin.LazyKt__LazyKt                                                           : loaded 2 times (x 69B)
Class kotlin.text.StringsKt__StringBuilderJVMKt                                       : loaded 2 times (x 69B)
Class dk.brics.automaton.Transition                                                   : loaded 2 times (x 75B)
Class dk.brics.automaton.RunAutomaton                                                 : loaded 2 times (x 81B)
Class kotlin.jvm.internal.Ref$ObjectRef                                               : loaded 2 times (x 70B)
Class kotlinx.io.Source                                                               : loaded 2 times (x 68B)
Class io.netty.handler.codec.http.TooLongHttpHeaderException                          : loaded 2 times (x 80B)
Class io.netty.buffer.UnpooledDuplicatedByteBuf                                       : loaded 2 times (x 312B)
Class [Lio.netty.handler.codec.http.HttpObjectDecoder$State;                          : loaded 2 times (x 67B)
Class io.netty.handler.codec.ByteToMessageDecoder                                     : loaded 2 times (x 110B)
Class kotlin.ranges.CharRange                                                         : loaded 2 times (x 91B)
Class com.google.gson.LongSerializationPolicy$1                                       : loaded 2 times (x 78B)
Class com.fasterxml.jackson.core.sym.ByteQuadsCanonicalizer$TableInfo                 : loaded 2 times (x 70B)
Class com.fasterxml.jackson.core.async.NonBlockingInputFeeder                         : loaded 2 times (x 68B)
Class com.fasterxml.jackson.databind.BeanProperty                                     : loaded 2 times (x 68B)
Class com.fasterxml.jackson.core.JsonGenerator                                        : loaded 2 times (x 204B)
Class kotlin.UNINITIALIZED_VALUE                                                      : loaded 2 times (x 69B)
Class io.ktor.http.IllegalHeaderValueException                                        : loaded 2 times (x 81B)
Class io.netty.channel.ChannelPipelineException                                       : loaded 2 times (x 80B)
Class io.netty.channel.nio.AbstractNioMessageChannel                                  : loaded 2 times (x 200B)
Class com.google.gson.LongSerializationPolicy$2                                       : loaded 2 times (x 78B)
Class com.fasterxml.jackson.databind.ser.std.StdScalarSerializer                      : loaded 2 times (x 111B)
Class [Lcom.fasterxml.jackson.databind.deser.KeyDeserializers;                        : loaded 2 times (x 67B)
Class com.fasterxml.jackson.databind.introspect.ClassIntrospector$MixInResolver       : loaded 2 times (x 68B)
Class kotlin.sequences.SequencesKt__SequencesKt                                       : loaded 2 times (x 69B)
Class kotlin.comparisons.ComparisonsKt__ComparisonsKt                                 : loaded 2 times (x 69B)
Class kotlin.ranges.RangesKt__RangesKt                                                : loaded 2 times (x 69B)
Class com.google.common.math.IntMath$1                                                : loaded 2 times (x 69B)
Class kotlin.collections.SetsKt___SetsKt                                              : loaded 2 times (x 69B)
Class io.netty.channel.DefaultChannelPipeline$7                                       : loaded 2 times (x 69B)
Class io.netty.channel.DefaultMessageSizeEstimator                                    : loaded 2 times (x 73B)
Class com.fasterxml.jackson.databind.ser.std.BooleanSerializer                        : loaded 2 times (x 114B)
Class com.fasterxml.jackson.databind.exc.ValueInstantiationException                  : loaded 2 times (x 95B)
Class kotlin.sequences.FilteringSequence                                              : loaded 2 times (x 73B)
Class kotlin.comparisons.ComparisonsKt                                                : loaded 2 times (x 69B)
Class kotlin.comparisons.ComparisonsKt___ComparisonsKt                                : loaded 2 times (x 69B)
Class kotlin.text.CharsKt__CharJVMKt                                                  : loaded 2 times (x 69B)
Class io.netty.util.AsciiString$1                                                     : loaded 2 times (x 73B)
Class io.netty.util.internal.PlatformDependent                                        : loaded 2 times (x 69B)
Class [Lcom.google.gson.Strictness;                                                   : loaded 2 times (x 67B)
Class com.google.gson.reflect.TypeToken                                               : loaded 2 times (x 73B)
Class com.fasterxml.jackson.databind.deser.AbstractDeserializer                       : loaded 2 times (x 102B)
Class com.google.common.collect.ImmutableSet                                          : loaded 2 times (x 143B)
Class io.ktor.util.reflect.TypeInfo                                                   : loaded 2 times (x 70B)
Class io.ktor.http.content.OutgoingContent$ReadChannelContent                         : loaded 2 times (x 79B)
Class io.ktor.http.UnsafeHeaderException                                              : loaded 2 times (x 80B)
Class io.netty.util.internal.TypeParameterMatcher                                     : loaded 2 times (x 70B)
Class io.netty.util.AsciiString$2                                                     : loaded 2 times (x 73B)
Class io.netty.buffer.PooledUnsafeHeapByteBuf                                         : loaded 2 times (x 309B)
Class io.netty.buffer.EmptyByteBuf                                                    : loaded 2 times (x 282B)
Class io.netty.channel.SucceededChannelFuture                                         : loaded 2 times (x 172B)
Class com.google.gson.internal.sql.SqlTimestampTypeAdapter$1                          : loaded 2 times (x 73B)
Class com.google.gson.JsonPrimitive                                                   : loaded 2 times (x 91B)
Class com.fasterxml.jackson.databind.jsontype.DefaultBaseTypeLimitingValidator        : loaded 2 times (x 74B)
Class com.fasterxml.jackson.databind.introspect.NopAnnotationIntrospector             : loaded 2 times (x 155B)
Class kotlin.text.DelimitedRangesSequence                                             : loaded 2 times (x 73B)
Class io.ktor.utils.io.KtorDsl                                                        : loaded 2 times (x 68B)
Class org.slf4j.IMarkerFactory                                                        : loaded 2 times (x 68B)
Class io.ktor.http.content.OutgoingContent$NoContent                                  : loaded 2 times (x 77B)
Class io.netty.buffer.UnpooledUnsafeNoCleanerDirectByteBuf                            : loaded 2 times (x 315B)
Class io.netty.channel.ChannelHandlerMask$Skip                                        : loaded 2 times (x 68B)
Class [Lcom.google.gson.ReflectionAccessFilter$FilterResult;                          : loaded 2 times (x 67B)
Class com.fasterxml.jackson.annotation.JsonView                                       : loaded 2 times (x 68B)
Class com.fasterxml.jackson.databind.introspect.ConcreteBeanPropertyBase              : loaded 2 times (x 104B)
Class com.fasterxml.jackson.core.TreeCodec                                            : loaded 2 times (x 76B)
Class kotlin.jvm.internal.markers.KMutableIterable                                    : loaded 2 times (x 68B)
Class io.ktor.util.StringValues                                                       : loaded 2 times (x 68B)
Class kotlin.sequences.SequencesKt___SequencesJvmKt                                   : loaded 2 times (x 69B)
Class com.fasterxml.jackson.core.json.JsonGeneratorImpl                               : loaded 2 times (x 216B)
Class [Ldk.brics.automaton.Transition;                                                : loaded 2 times (x 67B)
Class com.intellij.cwm.plugin.provisioner.ProvisionedCodeWithMeEnterpriseConfiguration: loaded 2 times (x 76B)
Class io.netty.handler.codec.http.HttpHeaderValidationUtil                            : loaded 2 times (x 69B)
Class io.netty.handler.codec.Headers                                                  : loaded 2 times (x 68B)
Class [Lio.netty.util.AsciiString;                                                    : loaded 2 times (x 67B)
Class io.netty.util.internal.EmptyArrays                                              : loaded 2 times (x 69B)
Class com.google.gson.internal.bind.CollectionTypeAdapterFactory                      : loaded 2 times (x 73B)
Class com.fasterxml.jackson.databind.ser.std.ByteBufferSerializer                     : loaded 2 times (x 112B)
Class com.fasterxml.jackson.databind.ser.std.MapSerializer                            : loaded 2 times (x 145B)
Class com.fasterxml.jackson.databind.deser.std.AtomicReferenceDeserializer            : loaded 2 times (x 167B)
Class com.fasterxml.jackson.databind.introspect.AnnotatedClass                        : loaded 2 times (x 83B)
Class kotlin.ranges.RangesKt                                                          : loaded 2 times (x 69B)
Class io.netty.channel.ChannelInboundHandlerAdapter                                   : loaded 2 times (x 98B)
Class com.google.common.base.Supplier                                                 : loaded 2 times (x 68B)
Class io.netty.channel.nio.AbstractNioChannel$1                                       : loaded 2 times (x 74B)
Class io.netty.channel.ChannelPromise                                                 : loaded 2 times (x 68B)
Class io.netty.util.concurrent.GlobalEventExecutor                                    : loaded 2 times (x 276B)
Class com.fasterxml.jackson.databind.deser.impl.ErrorThrowingDeserializer             : loaded 2 times (x 96B)
Class com.fasterxml.jackson.annotation.JsonFormat$Features                            : loaded 2 times (x 73B)
Class kotlin.collections.ArraysUtilJVM                                                : loaded 2 times (x 69B)
Class io.ktor.utils.io.ByteWriteChannelOperations_jvmKt                               : loaded 2 times (x 69B)
Class io.netty.buffer.DuplicatedByteBuf                                               : loaded 2 times (x 311B)
Class io.netty.util.ConstantPool                                                      : loaded 2 times (x 75B)
Class io.netty.channel.DefaultChannelId                                               : loaded 2 times (x 77B)
Class io.netty.channel.nio.AbstractNioMessageChannel$NioMessageUnsafe                 : loaded 2 times (x 99B)
Class [Lio.netty.util.internal.PriorityQueueNode;                                     : loaded 2 times (x 67B)
Class com.google.gson.internal.sql.SqlTimeTypeAdapter                                 : loaded 2 times (x 72B)
Class com.google.gson.internal.bind.TreeTypeAdapter                                   : loaded 2 times (x 73B)
Class com.fasterxml.jackson.databind.introspect.AnnotatedField                        : loaded 2 times (x 88B)
Class com.fasterxml.jackson.databind.deser.ResolvableDeserializer                     : loaded 2 times (x 68B)
Class com.fasterxml.jackson.databind.deser.std.ObjectArrayDeserializer                : loaded 2 times (x 170B)
Class com.google.common.base.Ticker                                                   : loaded 2 times (x 70B)
Class com.google.common.base.Strings                                                  : loaded 2 times (x 69B)
Class [Lcom.fasterxml.jackson.core.JsonParser$Feature;                                : loaded 2 times (x 67B)
Class com.fasterxml.jackson.databind.introspect.AccessorNamingStrategy                : loaded 2 times (x 73B)
Class kotlin.collections.AbstractMutableList                                          : loaded 2 times (x 204B)
Class org.slf4j.helpers.BasicMarkerFactory                                            : loaded 2 times (x 80B)
Class ai.grazie.model.cloud.exceptions.HttpExceptionBase                              : loaded 2 times (x 81B)
Class dk.brics.automaton.BasicAutomata                                                : loaded 2 times (x 69B)
Class kotlin.jvm.internal.markers.KMutableIterator                                    : loaded 2 times (x 68B)
Class io.ktor.utils.io.ByteReadChannelOperationsKt                                    : loaded 2 times (x 69B)
Class io.netty.handler.codec.http.HttpStatusClass$1                                   : loaded 2 times (x 80B)
Class io.netty.buffer.AbstractReferenceCountedByteBuf$1                               : loaded 2 times (x 72B)
Class io.netty.handler.codec.http.HttpMessage                                         : loaded 2 times (x 68B)
Class kotlin.KotlinNothingValueException                                              : loaded 2 times (x 80B)
Class com.google.gson.internal.bind.TypeAdapters$20                                   : loaded 2 times (x 73B)
Class com.fasterxml.jackson.databind.deser.DeserializerCache                          : loaded 2 times (x 70B)
Class com.fasterxml.jackson.annotation.JsonInclude$Include                            : loaded 2 times (x 77B)
Class com.fasterxml.jackson.databind.introspect.AccessorNamingStrategy$Provider       : loaded 2 times (x 72B)
Class com.fasterxml.jackson.databind.deser.BeanDeserializerFactory                    : loaded 2 times (x 155B)
Class com.google.common.collect.ImmutableMap                                          : loaded 2 times (x 118B)
Class com.google.common.base.Predicate                                                : loaded 2 times (x 68B)
Class dk.brics.automaton.TransitionComparator                                         : loaded 2 times (x 89B)
Class kotlinx.io.Segment                                                              : loaded 2 times (x 70B)
Class io.netty.channel.nio.AbstractNioByteChannel                                     : loaded 2 times (x 201B)
Class io.netty.util.AbstractConstant                                                  : loaded 2 times (x 78B)
Class io.netty.channel.nio.AbstractNioChannel$AbstractNioUnsafe                       : loaded 2 times (x 99B)
Class io.netty.bootstrap.AbstractBootstrapConfig                                      : loaded 2 times (x 70B)
Class com.google.gson.internal.bind.TypeAdapters$21                                   : loaded 2 times (x 73B)
Class com.google.gson.FieldNamingPolicy$1                                             : loaded 2 times (x 81B)
Class com.fasterxml.jackson.databind.ser.std.InetAddressSerializer                    : loaded 2 times (x 117B)
Class com.fasterxml.jackson.databind.deser.std.CollectionDeserializer                 : loaded 2 times (x 171B)
Class com.fasterxml.jackson.databind.MapperFeature                                    : loaded 2 times (x 82B)
Class com.fasterxml.jackson.databind.cfg.CoercionConfigs                              : loaded 2 times (x 77B)
Class com.fasterxml.jackson.annotation.JsonFormat                                     : loaded 2 times (x 68B)
Class io.netty.channel.ChannelHandler                                                 : loaded 2 times (x 68B)
Class kotlin.collections.MapsKt___MapsJvmKt                                           : loaded 2 times (x 69B)
Class dk.brics.automaton.Automaton                                                    : loaded 2 times (x 132B)
Class kotlin.collections.EmptySet                                                     : loaded 2 times (x 120B)
Class io.netty.buffer.ByteBufAllocatorMetricProvider                                  : loaded 2 times (x 68B)
Class io.netty.channel.ServerChannelRecvByteBufAllocator                              : loaded 2 times (x 80B)
Class com.google.gson.internal.bind.TypeAdapters$22                                   : loaded 2 times (x 73B)
Class com.google.gson.FieldNamingPolicy$2                                             : loaded 2 times (x 81B)
Class com.google.gson.internal.Excluder$1                                             : loaded 2 times (x 72B)
Class com.fasterxml.jackson.databind.deser.std.StdDelegatingDeserializer              : loaded 2 times (x 166B)
Class com.fasterxml.jackson.databind.deser.ValueInstantiator$Gettable                 : loaded 2 times (x 68B)
Class com.fasterxml.jackson.databind.ser.std.StdDelegatingSerializer                  : loaded 2 times (x 123B)
Class com.fasterxml.jackson.databind.jsonschema.SchemaAware                           : loaded 2 times (x 68B)
Class com.fasterxml.jackson.core.SerializableString                                   : loaded 2 times (x 68B)
Class com.fasterxml.jackson.databind.ser.impl.AttributePropertyWriter                 : loaded 2 times (x 141B)
Class [Lcom.google.common.collect.AbstractMapEntry;                                   : loaded 2 times (x 67B)
Class com.google.common.collect.ImmutableEntry                                        : loaded 2 times (x 80B)
Class com.fasterxml.jackson.databind.introspect.AnnotationCollector                   : loaded 2 times (x 75B)
Class kotlin.annotation.Target                                                        : loaded 2 times (x 68B)
Class dk.brics.automaton.State                                                        : loaded 2 times (x 84B)
Class io.ktor.http.content.OutgoingContent$ByteArrayContent                           : loaded 2 times (x 78B)
Class io.ktor.utils.io.ByteChannel$Slot$Companion                                     : loaded 2 times (x 69B)
Class io.ktor.utils.io.ByteChannel$flushAndClose$1                                    : loaded 2 times (x 86B)
Class io.ktor.utils.io.ByteChannel$Slot                                               : loaded 2 times (x 68B)
Class io.netty.handler.codec.http.DefaultHttpMessage                                  : loaded 2 times (x 90B)
Class io.netty.util.AsciiString$CharEqualityComparator                                : loaded 2 times (x 68B)
Class io.netty.bootstrap.ChannelInitializerExtensions$ServiceLoadingExtensions        : loaded 2 times (x 71B)
Class io.netty.channel.WriteBufferWaterMark                                           : loaded 2 times (x 69B)
Class io.netty.channel.ChannelProgressivePromise                                      : loaded 2 times (x 68B)
Class io.netty.util.concurrent.GlobalEventExecutor$1                                  : loaded 2 times (x 74B)
Class com.google.gson.internal.bind.TypeAdapters$23                                   : loaded 2 times (x 73B)
Class com.google.gson.FieldNamingPolicy$3                                             : loaded 2 times (x 81B)
Class com.fasterxml.jackson.databind.ser.std.ArraySerializerBase                      : loaded 2 times (x 123B)
Class com.fasterxml.jackson.databind.cfg.EnumFeature                                  : loaded 2 times (x 85B)
Class com.fasterxml.jackson.databind.cfg.ConfigOverride$Empty                         : loaded 2 times (x 78B)
Class com.fasterxml.jackson.databind.util.RootNameLookup                              : loaded 2 times (x 73B)
Class com.fasterxml.jackson.core.json.async.NonBlockingJsonParser                     : loaded 2 times (x 305B)
Class com.google.common.collect.CollectPreconditions                                  : loaded 2 times (x 69B)
Class io.ktor.util.pipeline.Pipeline                                                  : loaded 2 times (x 72B)
Class kotlin.text.StringsKt___StringsJvmKt                                            : loaded 2 times (x 69B)
Class kotlin.annotation.Retention                                                     : loaded 2 times (x 68B)
Class io.netty.buffer.PoolArena                                                       : loaded 2 times (x 150B)
Class io.netty.buffer.UnpooledHeapByteBuf                                             : loaded 2 times (x 307B)
Class io.netty.channel.AbstractChannel$CloseFuture                                    : loaded 2 times (x 304B)
Class com.google.gson.internal.bind.TypeAdapters$24                                   : loaded 2 times (x 73B)
Class com.google.gson.FieldNamingPolicy$4                                             : loaded 2 times (x 81B)
Class com.fasterxml.jackson.databind.type.TypeBindings                                : loaded 2 times (x 81B)
Class com.fasterxml.jackson.databind.introspect.VirtualAnnotatedMember                : loaded 2 times (x 90B)
Class com.fasterxml.jackson.databind.jsontype.impl.LaissezFaireSubTypeValidator       : loaded 2 times (x 72B)
Class kotlin.collections.ArraysKt___ArraysKt                                          : loaded 2 times (x 69B)
Class kotlin.collections.MapsKt___MapsKt                                              : loaded 2 times (x 69B)
Class io.netty.handler.codec.CharSequenceValueConverter                               : loaded 2 times (x 128B)
Class io.netty.channel.ChannelConfig                                                  : loaded 2 times (x 68B)
Class com.google.gson.internal.bind.TypeAdapters$25                                   : loaded 2 times (x 73B)
Class com.google.gson.FieldNamingPolicy$5                                             : loaded 2 times (x 81B)
Class com.fasterxml.jackson.databind.ser.std.StdJdkSerializers$AtomicLongSerializer   : loaded 2 times (x 112B)
Class com.fasterxml.jackson.databind.deser.std.StringArrayDeserializer                : loaded 2 times (x 158B)
Class io.ktor.events.EventDefinition                                                  : loaded 2 times (x 69B)
Class io.ktor.util.Platform$Native                                                    : loaded 2 times (x 69B)
Class io.ktor.util.collections.CopyOnWriteHashMap                                     : loaded 2 times (x 70B)
Class kotlin.collections.MapsKt__MapWithDefaultKt                                     : loaded 2 times (x 69B)
Class kotlin.collections.builders.MapBuilder$Companion                                : loaded 2 times (x 69B)
Class io.netty.buffer.UnsafeHeapSwappedByteBuf                                        : loaded 2 times (x 289B)
Class io.netty.util.ResourceLeakDetector                                              : loaded 2 times (x 77B)
Class io.netty.channel.ChannelId                                                      : loaded 2 times (x 68B)
Class com.google.gson.internal.bind.ArrayTypeAdapter                                  : loaded 2 times (x 72B)
Class com.google.gson.internal.bind.TypeAdapters$26                                   : loaded 2 times (x 73B)
Class com.google.gson.FieldNamingPolicy$6                                             : loaded 2 times (x 81B)
Class com.fasterxml.jackson.databind.deser.std.ArrayBlockingQueueDeserializer         : loaded 2 times (x 172B)
Class com.fasterxml.jackson.databind.ser.SerializerCache                              : loaded 2 times (x 70B)
Class com.fasterxml.jackson.databind.cfg.DatatypeFeatures$DefaultHolder               : loaded 2 times (x 69B)
Class [Lcom.fasterxml.jackson.databind.cfg.ConfigFeature;                             : loaded 2 times (x 67B)
Class com.fasterxml.jackson.databind.SerializationConfig                              : loaded 2 times (x 130B)
Class com.fasterxml.jackson.databind.type.IdentityEqualityType                        : loaded 2 times (x 136B)
Class io.ktor.http.HttpStatusCode                                                     : loaded 2 times (x 73B)
Class kotlin.enums.EnumEntriesKt                                                      : loaded 2 times (x 69B)
Class com.google.gson.internal.bind.ObjectTypeAdapter$1                               : loaded 2 times (x 74B)
Class kotlin.text.StringsKt___StringsKt                                               : loaded 2 times (x 69B)
Class [Lkotlin.LazyThreadSafetyMode;                                                  : loaded 2 times (x 67B)
Class io.netty.buffer.UnpooledByteBufAllocator$InstrumentedUnpooledUnsafeDirectByteBuf: loaded 2 times (x 314B)
Class io.netty.handler.codec.http.HttpDecoderConfig                                   : loaded 2 times (x 70B)
Class kotlin.io.path.PathsKt__PathReadWriteKt                                         : loaded 2 times (x 69B)
Class com.google.gson.internal.reflect.ReflectionHelper                               : loaded 2 times (x 69B)
Class com.google.gson.internal.bind.TypeAdapters$27                                   : loaded 2 times (x 73B)
Class com.google.gson.FieldNamingPolicy$7                                             : loaded 2 times (x 81B)
Class com.fasterxml.jackson.databind.ser.std.DateSerializer                           : loaded 2 times (x 123B)
Class com.fasterxml.jackson.databind.ser.std.CalendarSerializer                       : loaded 2 times (x 123B)
Class [Lcom.fasterxml.jackson.databind.deser.BeanDeserializerModifier;                : loaded 2 times (x 67B)
Class [Lcom.fasterxml.jackson.core.JsonGenerator$Feature;                             : loaded 2 times (x 67B)
Class com.fasterxml.jackson.databind.introspect.DefaultAccessorNamingStrategy$RecordNaming: loaded 2 times (x 78B)
Class io.netty.channel.EventLoopGroup                                                 : loaded 2 times (x 68B)
Class io.ktor.util.pipeline.PhaseContent                                              : loaded 2 times (x 70B)
Class dk.brics.automaton.BasicOperations                                              : loaded 2 times (x 69B)
Class io.ktor.utils.io.core.ByteReadPacketKt                                          : loaded 2 times (x 69B)
Class io.netty.util.internal.TypeParameterMatcher$1                                   : loaded 2 times (x 70B)
Class io.netty.handler.codec.http.HttpObjectDecoder$HeaderParser                      : loaded 2 times (x 73B)
Class io.netty.util.NetUtil$SoMaxConnAction                                           : loaded 2 times (x 72B)
Class io.netty.buffer.PoolChunkListMetric                                             : loaded 2 times (x 68B)
Class io.netty.buffer.PoolSubpage                                                     : loaded 2 times (x 76B)
Class io.netty.channel.DefaultChannelPipeline$PendingHandlerAddedTask                 : loaded 2 times (x 75B)
Class io.netty.util.concurrent.RejectedExecutionHandlers$1                            : loaded 2 times (x 72B)
Class io.netty.util.internal.PlatformDependent0                                       : loaded 2 times (x 69B)
Class [Lcom.google.gson.LongSerializationPolicy;                                      : loaded 2 times (x 67B)
Class com.fasterxml.jackson.databind.ser.impl.MapEntrySerializer                      : loaded 2 times (x 129B)
Class com.fasterxml.jackson.databind.ser.impl.IteratorSerializer                      : loaded 2 times (x 129B)
Class com.fasterxml.jackson.annotation.JsonAutoDetect$Visibility                      : loaded 2 times (x 77B)
Class kotlin.jvm.internal.markers.KMutableCollection                                  : loaded 2 times (x 68B)
Class io.ktor.util.pipeline.InvalidPhaseException                                     : loaded 2 times (x 80B)
Class kotlin.collections.EmptyMap                                                     : loaded 2 times (x 107B)
Class com.google.gson.Gson$FutureTypeAdapter                                          : loaded 2 times (x 74B)
Class io.netty.util.concurrent.FastThreadLocalThread                                  : loaded 2 times (x 106B)
Class io.ktor.utils.io.ByteChannel$awaitContent$1                                     : loaded 2 times (x 86B)
Class io.netty.util.internal.PriorityQueueNode                                        : loaded 2 times (x 68B)
Class io.netty.util.concurrent.DefaultFutureListeners                                 : loaded 2 times (x 70B)
Class io.netty.util.concurrent.DefaultPromise$StacklessCancellationException          : loaded 2 times (x 80B)
Class io.netty.util.internal.OutOfDirectMemoryError                                   : loaded 2 times (x 80B)
Class com.google.gson.internal.bind.MapTypeAdapterFactory                             : loaded 2 times (x 73B)
Class com.google.gson.internal.bind.TypeAdapters$29                                   : loaded 2 times (x 73B)
Class com.google.gson.JsonNull                                                        : loaded 2 times (x 90B)
Class com.fasterxml.jackson.databind.ser.std.StdJdkSerializers$AtomicBooleanSerializer: loaded 2 times (x 112B)
Class com.fasterxml.jackson.databind.deser.std.StdKeyDeserializer$EnumKD              : loaded 2 times (x 77B)
Class com.fasterxml.jackson.databind.deser.std.MapDeserializer                        : loaded 2 times (x 176B)
Class com.fasterxml.jackson.core.json.async.NonBlockingUtf8JsonParserBase             : loaded 2 times (x 295B)
Class io.ktor.http.BadContentTypeFormatException                                      : loaded 2 times (x 80B)
Class kotlin.collections.MapsKt                                                       : loaded 2 times (x 69B)
Class io.netty.util.internal.MacAddressUtil                                           : loaded 2 times (x 69B)
Class io.netty.channel.AbstractChannel$AbstractUnsafe$1                               : loaded 2 times (x 74B)
Class io.netty.util.internal.CleanerJava9$1                                           : loaded 2 times (x 73B)
Class io.netty.util.ReferenceCounted                                                  : loaded 2 times (x 68B)
Class kotlin.text.Charsets                                                            : loaded 2 times (x 69B)
Class kotlin.ranges.OpenEndRange                                                      : loaded 2 times (x 68B)
Class com.fasterxml.jackson.databind.deser.impl.FieldProperty                         : loaded 2 times (x 139B)
Class com.fasterxml.jackson.databind.deser.std.TokenBufferDeserializer                : loaded 2 times (x 155B)
Class com.fasterxml.jackson.databind.node.JsonNodeFactory                             : loaded 2 times (x 134B)
Class [Lcom.fasterxml.jackson.databind.cfg.JsonNodeFeature;                           : loaded 2 times (x 67B)
Class com.fasterxml.jackson.annotation.JsonFormat$Shape                               : loaded 2 times (x 77B)
Class com.fasterxml.jackson.core.json.UTF8JsonGenerator                               : loaded 2 times (x 217B)
Class com.fasterxml.jackson.databind.JavaType                                         : loaded 2 times (x 128B)
Class com.fasterxml.jackson.databind.DeserializationContext                           : loaded 2 times (x 178B)
Class io.netty.channel.ChannelOutboundBuffer                                          : loaded 2 times (x 70B)
Class kotlinx.io.Sink                                                                 : loaded 2 times (x 68B)
Class io.netty.util.Signal                                                            : loaded 2 times (x 87B)
Class io.netty.handler.codec.ByteToMessageDecoder$Cumulator                           : loaded 2 times (x 68B)
Class io.netty.channel.AbstractChannel$AbstractUnsafe$2                               : loaded 2 times (x 74B)
Class io.netty.bootstrap.ChannelInitializerExtensions$EmptyExtensions                 : loaded 2 times (x 70B)
Class io.netty.util.ResourceLeakHint                                                  : loaded 2 times (x 68B)
Class com.google.gson.internal.bind.DefaultDateTypeAdapter$DateType$1                 : loaded 2 times (x 71B)
Class com.fasterxml.jackson.databind.util.internal.PrivateMaxEntriesMap$Builder       : loaded 2 times (x 69B)
Class com.fasterxml.jackson.databind.type.MapLikeType                                 : loaded 2 times (x 145B)
Class kotlin.ranges.RangesKt___RangesKt                                               : loaded 2 times (x 69B)
Class io.netty.handler.codec.DefaultHeaders                                           : loaded 2 times (x 275B)
Class com.google.gson.internal.LazilyParsedNumber                                     : loaded 2 times (x 76B)
Class com.fasterxml.jackson.databind.ser.std.BooleanSerializer$AsNumber               : loaded 2 times (x 114B)
Class com.fasterxml.jackson.databind.node.ShortNode                                   : loaded 2 times (x 195B)
Class [Lcom.fasterxml.jackson.databind.cfg.DatatypeFeature;                           : loaded 2 times (x 67B)
Class com.google.common.base.PatternCompiler                                          : loaded 2 times (x 68B)
Class [Lcom.fasterxml.jackson.databind.JavaType;                                      : loaded 2 times (x 67B)
Class com.fasterxml.jackson.databind.type.PlaceholderForType                          : loaded 2 times (x 139B)
Class kotlin.collections.ArrayDeque$Companion                                         : loaded 2 times (x 69B)
Class com.google.common.collect.Hashing                                               : loaded 2 times (x 69B)
Class com.google.common.base.Preconditions                                            : loaded 2 times (x 69B)
Class kotlin.coroutines.jvm.internal.Boxing                                           : loaded 2 times (x 69B)
Class kotlin.collections.ArraysKt                                                     : loaded 2 times (x 69B)
Class kotlin.text.CharsKt__CharKt                                                     : loaded 2 times (x 69B)
Class io.netty.handler.codec.TooLongFrameException                                    : loaded 2 times (x 80B)
Class io.netty.buffer.UnpooledByteBufAllocator                                        : loaded 2 times (x 117B)
Class io.netty.buffer.ByteBufUtil$ThreadLocalDirectByteBuf                            : loaded 2 times (x 311B)
Class io.netty.util.concurrent.DefaultEventExecutorChooserFactory                     : loaded 2 times (x 72B)
Class com.google.gson.stream.JsonReader                                               : loaded 2 times (x 95B)
Class com.fasterxml.jackson.databind.node.ObjectNode                                  : loaded 2 times (x 279B)
Class com.fasterxml.jackson.databind.AnnotationIntrospector                           : loaded 2 times (x 155B)
Class io.ktor.http.Parameters$Companion                                               : loaded 2 times (x 69B)
Class org.slf4j.helpers.NOP_FallbackServiceProvider                                   : loaded 2 times (x 82B)
Class kotlin.LazyKt                                                                   : loaded 2 times (x 69B)
Class kotlin.collections.SetsKt__SetsKt                                               : loaded 2 times (x 69B)
Class io.ktor.utils.io.ByteChannel$Slot$Write                                         : loaded 2 times (x 77B)
Class io.netty.util.internal.TypeParameterMatcher$ReflectiveMatcher                   : loaded 2 times (x 71B)
Class io.netty.buffer.UnpooledSlicedByteBuf                                           : loaded 2 times (x 314B)
Class io.netty.channel.CombinedChannelDuplexHandler                                   : loaded 2 times (x 117B)
Class com.google.gson.internal.reflect.ReflectionHelper$RecordSupportedHelper         : loaded 2 times (x 76B)
Class com.fasterxml.jackson.databind.ser.std.StdJdkSerializers                        : loaded 2 times (x 69B)
Class com.fasterxml.jackson.databind.ser.std.ReferenceTypeSerializer                  : loaded 2 times (x 123B)
Class com.fasterxml.jackson.databind.ser.std.NumberSerializer                         : loaded 2 times (x 116B)
Class com.fasterxml.jackson.databind.PropertyName                                     : loaded 2 times (x 81B)
Class com.fasterxml.jackson.databind.deser.std.EnumSetDeserializer                    : loaded 2 times (x 165B)
Class com.fasterxml.jackson.databind.ser.impl.UnknownSerializer                       : loaded 2 times (x 112B)
Class com.fasterxml.jackson.core.Base64Variant$PaddingReadBehaviour                   : loaded 2 times (x 77B)
Class com.fasterxml.jackson.databind.util.LookupCache                                 : loaded 2 times (x 68B)
Class kotlin.collections.ArraysKt__ArraysJVMKt                                        : loaded 2 times (x 69B)
Class io.netty.bootstrap.ServerBootstrap$1                                            : loaded 2 times (x 100B)
Class com.google.gson.internal.bind.JsonAdapterAnnotationTypeAdapterFactory           : loaded 2 times (x 73B)
Class com.fasterxml.jackson.databind.ser.std.NumberSerializers$IntegerSerializer      : loaded 2 times (x 116B)
Class com.fasterxml.jackson.databind.ser.impl.UnsupportedTypeSerializer               : loaded 2 times (x 111B)
Class com.fasterxml.jackson.databind.deser.BeanDeserializerModifier                   : loaded 2 times (x 80B)
Class [Lcom.fasterxml.jackson.databind.deser.Deserializers;                           : loaded 2 times (x 67B)
Class [Lcom.fasterxml.jackson.databind.MapperFeature;                                 : loaded 2 times (x 67B)
Class com.fasterxml.jackson.databind.introspect.BasicBeanDescription                  : loaded 2 times (x 120B)
Class io.ktor.util.Platform$Js                                                        : loaded 2 times (x 70B)
Class kotlin.text.StringsKt__StringBuilderKt                                          : loaded 2 times (x 69B)
Class io.ktor.http.EmptyHeaders                                                       : loaded 2 times (x 82B)
Class io.netty.util.NetUtilInitializations$NetworkIfaceAndInetAddress                 : loaded 2 times (x 70B)
Class io.netty.util.concurrent.DefaultPromise                                         : loaded 2 times (x 180B)
Class com.google.gson.internal.bind.NumberTypeAdapter                                 : loaded 2 times (x 72B)
Class com.fasterxml.jackson.databind.AbstractTypeResolver                             : loaded 2 times (x 72B)
Class com.google.common.base.Ticker$1                                                 : loaded 2 times (x 70B)
Class com.fasterxml.jackson.core.PrettyPrinter                                        : loaded 2 times (x 68B)
Class com.fasterxml.jackson.core.base.ParserMinimalBase                               : loaded 2 times (x 217B)
Class kotlin.NoWhenBranchMatchedException                                             : loaded 2 times (x 80B)
Class io.netty.handler.codec.DecoderResultProvider                                    : loaded 2 times (x 68B)
Class io.netty.buffer.CompositeByteBuf                                                : loaded 2 times (x 402B)
Class io.netty.channel.AbstractChannel$AnnotatedSocketException                       : loaded 2 times (x 80B)
Class io.netty.util.concurrent.DefaultPromise$CauseHolder                             : loaded 2 times (x 70B)
Class io.netty.util.concurrent.Future                                                 : loaded 2 times (x 68B)
Class com.google.gson.ToNumberPolicy$1                                                : loaded 2 times (x 81B)
Class [Lcom.google.gson.FieldNamingStrategy;                                          : loaded 2 times (x 67B)
Class com.google.gson.internal.Excluder                                               : loaded 2 times (x 73B)
Class [Lcom.fasterxml.jackson.databind.ser.Serializers;                               : loaded 2 times (x 67B)
Class com.fasterxml.jackson.databind.ser.std.DateTimeSerializerBase                   : loaded 2 times (x 120B)
Class com.fasterxml.jackson.databind.ser.std.AsArraySerializerBase                    : loaded 2 times (x 124B)
Class com.fasterxml.jackson.databind.exc.InvalidDefinitionException                   : loaded 2 times (x 97B)
Class com.fasterxml.jackson.databind.DeserializationConfig                            : loaded 2 times (x 130B)
Class com.fasterxml.jackson.databind.jsontype.impl.StdSubtypeResolver                 : loaded 2 times (x 83B)
Class org.slf4j.helpers.SubstituteServiceProvider                                     : loaded 2 times (x 83B)
Class kotlinx.io.SinksJvmKt                                                           : loaded 2 times (x 69B)
Class io.netty.buffer.UnpooledByteBufAllocator$InstrumentedUnpooledHeapByteBuf        : loaded 2 times (x 307B)
Class io.netty.buffer.PoolArena$DirectArena                                           : loaded 2 times (x 150B)
Class io.netty.util.internal.SystemPropertyUtil                                       : loaded 2 times (x 69B)
Class com.google.gson.internal.ReflectionAccessFilterHelper                           : loaded 2 times (x 69B)
Class com.google.gson.internal.reflect.ReflectionHelper$RecordHelper                  : loaded 2 times (x 73B)
Class com.google.gson.ToNumberPolicy$2                                                : loaded 2 times (x 81B)
Class com.fasterxml.jackson.databind.ser.std.JsonValueSerializer                      : loaded 2 times (x 120B)
Class com.fasterxml.jackson.databind.deser.CreatorProperty                            : loaded 2 times (x 142B)
Class com.fasterxml.jackson.databind.annotation.JsonDeserialize                       : loaded 2 times (x 68B)
Class com.fasterxml.jackson.databind.introspect.AnnotationIntrospectorPair            : loaded 2 times (x 158B)
Class io.ktor.util.logging.KtorSimpleLoggerJvmKt                                      : loaded 2 times (x 69B)
Class kotlinx.io.BuffersJvmKt                                                         : loaded 2 times (x 69B)
Class io.ktor.util.CollectionsKt                                                      : loaded 2 times (x 69B)
Class io.netty.handler.codec.http.HttpObjectDecoder$1                                 : loaded 2 times (x 72B)
Class io.netty.buffer.SimpleLeakAwareByteBuf                                          : loaded 2 times (x 283B)
Class io.netty.util.concurrent.Promise                                                : loaded 2 times (x 68B)
Class io.netty.util.internal.PlatformDependent$1                                      : loaded 2 times (x 72B)
Class com.google.gson.internal.bind.ReflectiveTypeAdapterFactory$FieldsData           : loaded 2 times (x 70B)
Class com.google.gson.ToNumberPolicy$3                                                : loaded 2 times (x 81B)
Class com.fasterxml.jackson.databind.ser.impl.PropertyBasedObjectIdGenerator          : loaded 2 times (x 78B)
Class com.fasterxml.jackson.databind.node.TextNode                                    : loaded 2 times (x 196B)
Class com.fasterxml.jackson.databind.node.BinaryNode                                  : loaded 2 times (x 195B)
Class com.fasterxml.jackson.databind.introspect.BasicClassIntrospector                : loaded 2 times (x 95B)
Class com.fasterxml.jackson.databind.type.CollectionLikeType                          : loaded 2 times (x 142B)
Class com.fasterxml.jackson.databind.JsonMappingException                             : loaded 2 times (x 94B)
Class io.netty.bootstrap.AbstractBootstrap                                            : loaded 2 times (x 93B)
Class io.ktor.util.PlatformUtils                                                      : loaded 2 times (x 69B)
Class io.netty.buffer.UnpooledDirectByteBuf                                           : loaded 2 times (x 311B)
Class kotlinx.io._UtilKt                                                              : loaded 2 times (x 69B)
Class io.netty.buffer.UnpooledByteBufAllocator$InstrumentedUnpooledUnsafeHeapByteBuf  : loaded 2 times (x 307B)
Class io.netty.buffer.PoolArenaMetric                                                 : loaded 2 times (x 68B)
Class io.netty.util.concurrent.SingleThreadEventExecutor$1                            : loaded 2 times (x 72B)
Class io.netty.channel.SingleThreadEventLoop                                          : loaded 2 times (x 386B)
Class io.netty.util.internal.PlatformDependent$2                                      : loaded 2 times (x 72B)
Class com.google.gson.ToNumberPolicy$4                                                : loaded 2 times (x 81B)
Class com.fasterxml.jackson.databind.JsonSerializer                                   : loaded 2 times (x 85B)
Class com.fasterxml.jackson.databind.cfg.ContextAttributes                            : loaded 2 times (x 74B)
Class com.fasterxml.jackson.databind.cfg.DatatypeFeature                              : loaded 2 times (x 68B)
Class [Lcom.fasterxml.jackson.annotation.Nulls;                                       : loaded 2 times (x 67B)
Class [Lcom.fasterxml.jackson.core.Base64Variant$PaddingReadBehaviour;                : loaded 2 times (x 67B)
Class com.fasterxml.jackson.databind.introspect.VisibilityChecker                     : loaded 2 times (x 68B)
Class com.google.common.collect.ImmutableList                                         : loaded 2 times (x 204B)
Class kotlinx.io.RawSink                                                              : loaded 2 times (x 68B)
Class io.netty.util.concurrent.GlobalEventExecutor$TaskRunner                         : loaded 2 times (x 73B)
Class kotlin.ranges.CharProgression                                                   : loaded 2 times (x 79B)
Class com.google.gson.internal.sql.SqlTypesSupport                                    : loaded 2 times (x 69B)
Class com.google.gson.Gson                                                            : loaded 2 times (x 70B)
Class com.fasterxml.jackson.databind.deser.std.MapEntryDeserializer                   : loaded 2 times (x 166B)
Class com.fasterxml.jackson.databind.JsonDeserializer                                 : loaded 2 times (x 95B)
Class com.fasterxml.jackson.databind.ser.ResolvableSerializer                         : loaded 2 times (x 68B)
Class com.fasterxml.jackson.core.json.WriterBasedJsonGenerator                        : loaded 2 times (x 218B)
Class com.fasterxml.jackson.databind.introspect.ClassIntrospector                     : loaded 2 times (x 77B)
Class io.grpc.netty.shaded.io.netty.internal.tcnative.SSLPrivateKeyMethodTask         : loaded 2 times (x 78B)
Class io.netty.channel.ChannelOutboundInvoker                                         : loaded 2 times (x 68B)
Class kotlin.coroutines.jvm.internal.SuspendFunction                                  : loaded 2 times (x 68B)
Class kotlin.jvm.internal.Ref$BooleanRef                                              : loaded 2 times (x 69B)
Class io.netty.buffer.PooledUnsafeDirectByteBuf                                       : loaded 2 times (x 309B)
Class io.netty.buffer.SizeClasses                                                     : loaded 2 times (x 80B)
Class [Lio.netty.buffer.PoolArena;                                                    : loaded 2 times (x 67B)
Class io.netty.channel.DefaultChannelConfig                                           : loaded 2 times (x 129B)
Class io.netty.channel.ChannelFuture                                                  : loaded 2 times (x 68B)
Class com.google.gson.Gson$1                                                          : loaded 2 times (x 74B)
Class com.fasterxml.jackson.databind.ser.std.NumberSerializers$DoubleSerializer       : loaded 2 times (x 116B)
Class com.fasterxml.jackson.databind.ser.std.InetSocketAddressSerializer              : loaded 2 times (x 113B)
Class com.fasterxml.jackson.databind.ser.std.EnumSerializer                           : loaded 2 times (x 116B)
Class [Lcom.fasterxml.jackson.core.type.ResolvedType;                                 : loaded 2 times (x 67B)
Class com.fasterxml.jackson.databind.util.internal.LinkedDeque                        : loaded 2 times (x 199B)
Class com.fasterxml.jackson.core.util.ByteArrayBuilder                                : loaded 2 times (x 84B)
Class io.netty.channel.ChannelInitializer                                             : loaded 2 times (x 100B)
Class io.netty.buffer.UnreleasableByteBuf                                             : loaded 2 times (x 282B)
Class io.netty.util.NettyRuntime$AvailableProcessorsHolder                            : loaded 2 times (x 71B)
Class com.google.gson.Gson$2                                                          : loaded 2 times (x 74B)
Class com.fasterxml.jackson.databind.ser.std.StdJdkSerializers$AtomicIntegerSerializer: loaded 2 times (x 112B)
Class com.fasterxml.jackson.databind.introspect.AnnotationCollector$EmptyCollector    : loaded 2 times (x 75B)
Class com.fasterxml.jackson.databind.util.Named                                       : loaded 2 times (x 68B)
Class com.google.common.io.ByteSource                                                 : loaded 2 times (x 82B)
Class io.netty.handler.codec.http.DefaultHttpResponse                                 : loaded 2 times (x 100B)
Class io.ktor.utils.io.ByteChannel_jvmKt                                              : loaded 2 times (x 69B)
Class kotlin.coroutines.jvm.internal.DebugProbesKt                                    : loaded 2 times (x 69B)
Class io.netty.handler.codec.DefaultHeaders$ValueValidator$1                          : loaded 2 times (x 72B)
Class io.netty.bootstrap.ServerBootstrap$1$1                                          : loaded 2 times (x 74B)
Class io.netty.channel.socket.InternetProtocolFamily                                  : loaded 2 times (x 78B)
Class io.netty.channel.DefaultSelectStrategy                                          : loaded 2 times (x 72B)
Class io.netty.util.internal.InternalThreadLocalMap                                   : loaded 2 times (x 70B)
Class io.netty.util.internal.ThrowableUtil                                            : loaded 2 times (x 69B)
Class io.netty.util.DefaultAttributeMap                                               : loaded 2 times (x 76B)
Class io.netty.channel.ServerChannel                                                  : loaded 2 times (x 68B)
Class com.google.gson.internal.bind.ReflectiveTypeAdapterFactory$BoundField           : loaded 2 times (x 73B)
Class com.google.gson.Gson$3                                                          : loaded 2 times (x 73B)
Class com.fasterxml.jackson.core.util.DefaultPrettyPrinter$Indenter                   : loaded 2 times (x 68B)
Class io.netty.util.concurrent.EventExecutorGroup                                     : loaded 2 times (x 68B)
Class io.ktor.util.ConcurrentSafeAttributes                                           : loaded 2 times (x 86B)
Class kotlinx.io.Segment$Companion                                                    : loaded 2 times (x 69B)
Class io.netty.channel.ChannelHandlerMask                                             : loaded 2 times (x 69B)
Class io.netty.channel.DefaultChannelHandlerContext                                   : loaded 2 times (x 190B)
Class io.netty.util.concurrent.EventExecutor                                          : loaded 2 times (x 68B)
Class io.ktor.http.CodecsKt                                                           : loaded 2 times (x 69B)
Class com.google.gson.internal.bind.DefaultDateTypeAdapter$1                          : loaded 2 times (x 73B)
Class com.google.gson.Gson$4                                                          : loaded 2 times (x 74B)
Class com.google.gson.internal.ConstructorConstructor                                 : loaded 2 times (x 70B)
Class com.fasterxml.jackson.databind.ser.std.NumberSerializers$FloatSerializer        : loaded 2 times (x 116B)
Class com.fasterxml.jackson.databind.deser.Deserializers                              : loaded 2 times (x 68B)
Class com.fasterxml.jackson.databind.deser.std.ThrowableDeserializer                  : loaded 2 times (x 221B)
Class com.fasterxml.jackson.databind.cfg.CoercionInputShape                           : loaded 2 times (x 77B)
Class com.google.common.collect.Iterables                                             : loaded 2 times (x 69B)
Class io.netty.handler.codec.http.HttpObjectEncoder                                   : loaded 2 times (x 105B)
Class io.netty.util.ResourceLeakTracker                                               : loaded 2 times (x 68B)
Class io.netty.util.concurrent.ProgressivePromise                                     : loaded 2 times (x 68B)
Class com.google.gson.ReflectionAccessFilter$FilterResult                             : loaded 2 times (x 77B)
Class com.google.gson.Gson$5                                                          : loaded 2 times (x 74B)
Class com.fasterxml.jackson.databind.ser.std.TokenBufferSerializer                    : loaded 2 times (x 112B)
Class com.fasterxml.jackson.databind.KeyDeserializer                                  : loaded 2 times (x 70B)
Class com.fasterxml.jackson.databind.introspect.AnnotatedParameter                    : loaded 2 times (x 89B)
Class com.fasterxml.jackson.databind.Module$SetupContext                              : loaded 2 times (x 68B)
Class org.slf4j.helpers.BasicMDCAdapter                                               : loaded 2 times (x 93B)

---------------  S Y S T E M  ---------------

OS:
 Windows 11 , 64 bit Build 22621 (10.0.22621.5415)
OS uptime: 14 days 12:35 hours
Hyper-V role detected

CPU: total 20 (initial active 20) (10 cores per cpu, 2 threads per core) family 6 model 151 stepping 2 microcode 0x15, cx8, cmov, fxsr, ht, mmx, 3dnowpref, sse, sse2, sse3, ssse3, sse4.1, sse4.2, popcnt, lzcnt, tsc, tscinvbit, avx, avx2, erms, clmul, bmi1, bmi2, adx, sha, fma, vzeroupper, clflush, clflushopt, clwb, hv, serialize, rdtscp, rdpid, fsrm, f16c, cet_ibt, cet_ss
Processor Information for processor 0
  Max Mhz: 2100, Current Mhz: 2100, Mhz Limit: 2100
Processor Information for processor 1
  Max Mhz: 2100, Current Mhz: 2100, Mhz Limit: 2100
Processor Information for processor 2
  Max Mhz: 2100, Current Mhz: 2100, Mhz Limit: 2100
Processor Information for processor 3
  Max Mhz: 2100, Current Mhz: 2100, Mhz Limit: 2100
Processor Information for processor 4
  Max Mhz: 2100, Current Mhz: 2100, Mhz Limit: 2100
Processor Information for processor 5
  Max Mhz: 2100, Current Mhz: 2100, Mhz Limit: 2100
Processor Information for processor 6
  Max Mhz: 2100, Current Mhz: 2100, Mhz Limit: 2100
Processor Information for processor 7
  Max Mhz: 2100, Current Mhz: 2100, Mhz Limit: 2100
Processor Information for processor 8
  Max Mhz: 2100, Current Mhz: 2100, Mhz Limit: 2100
Processor Information for processor 9
  Max Mhz: 2100, Current Mhz: 2100, Mhz Limit: 2100
Processor Information for processor 10
  Max Mhz: 2100, Current Mhz: 2100, Mhz Limit: 2100
Processor Information for processor 11
  Max Mhz: 2100, Current Mhz: 2100, Mhz Limit: 2100
Processor Information for processor 12
  Max Mhz: 2100, Current Mhz: 2100, Mhz Limit: 2100
Processor Information for processor 13
  Max Mhz: 2100, Current Mhz: 2100, Mhz Limit: 2100
Processor Information for processor 14
  Max Mhz: 2100, Current Mhz: 2100, Mhz Limit: 2100
Processor Information for processor 15
  Max Mhz: 2100, Current Mhz: 2100, Mhz Limit: 2100
Processor Information for processor 16
  Max Mhz: 2100, Current Mhz: 1600, Mhz Limit: 1596
Processor Information for processor 17
  Max Mhz: 2100, Current Mhz: 1600, Mhz Limit: 1596
Processor Information for processor 18
  Max Mhz: 2100, Current Mhz: 1600, Mhz Limit: 1596
Processor Information for processor 19
  Max Mhz: 2100, Current Mhz: 1600, Mhz Limit: 1596

Memory: 4k page, system-wide physical 16227M (412M free)
TotalPageFile size 48995M (AvailPageFile size 6M)
current process WorkingSet (physical memory assigned to process): 2478M, peak: 2478M
current process commit charge ("private bytes"): 3225M, peak: 3230M

vm_info: OpenJDK 64-Bit Server VM (21.0.7+6-b1038.58) for windows-amd64 JRE (21.0.7+6-b1038.58), built on 2025-07-07 by "builduser" with MS VC++ 16.10 / 16.11 (VS2019)

END.
