#
# There is insufficient memory for the Java Runtime Environment to continue.
# Native memory allocation (mmap) failed to map 65536 bytes. Error detail: Failed to commit metaspace.
# Possible reasons:
#   The system is out of physical RAM or swap space
#   This process is running with CompressedOops enabled, and the Java Heap may be blocking the growth of the native heap
# Possible solutions:
#   Reduce memory load on the system
#   Increase physical memory or swap space
#   Check if swap backing store is full
#   Decrease Java heap size (-Xmx/-Xms)
#   Decrease number of Java threads
#   Decrease Java thread stack sizes (-Xss)
#   Set larger code cache with -XX:ReservedCodeCacheSize=
#   JVM is running with Unscaled Compressed Oops mode in which the Java heap is
#     placed in the first 4GB address space. The Java Heap base address is the
#     maximum limit for the native heap growth. Please use -XX:HeapBaseMinAddress
#     to set the Java Heap base and to place the Java Heap above 4GB virtual address.
# This output file may be truncated or incomplete.
#
#  Out of Memory Error (virtualSpaceNode.cpp:113), pid=7580, tid=49124
#
# JRE version: OpenJDK Runtime Environment JBR-21.0.7+6-1038.58-jcef (21.0.7+6) (build 21.0.7+6-b1038.58)
# Java VM: OpenJDK 64-Bit Server VM JBR-21.0.7+6-1038.58-jcef (21.0.7+6-b1038.58, mixed mode, sharing, tiered, compressed oops, compressed class ptrs, g1 gc, windows-amd64)
# No core dump will be written. Minidumps are not enabled by default on client versions of Windows
#

---------------  S U M M A R Y ------------

Command Line: abort vfprintf -XX:ErrorFile=C:\Users\yeric\java_error_in_rider_%p.log -XX:HeapDumpPath=C:\Users\yeric\java_error_in_rider.hprof -Xms128m -Xmx2048m -XX:JbrShrinkingGcMaxHeapFreeRatio=40 -XX:ReservedCodeCacheSize=512m -XX:+HeapDumpOnOutOfMemoryError -XX:-OmitStackTraceInFastThrow -XX:CICompilerCount=2 -XX:+IgnoreUnrecognizedVMOptions -XX:+UnlockDiagnosticVMOptions -XX:TieredOldPercentage=100000 -ea -Dsun.io.useCanonCaches=false -Dsun.java2d.metal=true -Djbr.catch.SIGABRT=true -Djdk.http.auth.tunneling.disabledSchemes="" -Djdk.attach.allowAttachSelf=true -Djdk.module.illegalAccess.silent=true -Djdk.nio.maxCachedBufferSize=2097152 -Djava.util.zip.use.nio.for.zip.file.access=true -Dkotlinx.coroutines.debug=off -Djava.nio.file.spi.DefaultFileSystemProvider=com.intellij.platform.core.nio.fs.MultiRoutingFileSystemProvider -Dllm.show.ai.promotion.window.on.start=false -Xms128m -Xmx2048m -XX:ReservedCodeCacheSize=512m -XX:+IgnoreUnrecognizedVMOptions -XX:+UseG1GC -XX:SoftRefLRUPolicyMSPerMB=50 -XX:CICompilerCount=2 -XX:+HeapDumpOnOutOfMemoryError -XX:-OmitStackTraceInFastThrow -ea -Dsun.io.useCanonCaches=false -Djdk.http.auth.tunneling.disabledSchemes="" -Djdk.attach.allowAttachSelf=true -Djdk.module.illegalAccess.silent=true -Dkotlinx.coroutines.debug=off -XX:ErrorFile=$USER_HOME/java_error_in_idea_%p.log -XX:HeapDumpPath=$USER_HOME/java_error_in_idea.hprof --add-opens=java.base/jdk.internal.org.objectweb.asm=ALL-UNNAMED --add-opens=java.base/jdk.internal.org.objectweb.asm.tree=ALL-UNNAMED -javaagent:C:\ja-netfilter-all\ja-netfilter.jar=jetbrains -Djb.vmOptionsFile=C:\ja-netfilter-all\vmoptions\rider.vmoptions -Xbootclasspath/a:C:\Program Files\JetBrains\JetBrains Rider 2025.2\lib\nio-fs.jar -Djava.system.class.loader=com.intellij.util.lang.PathClassLoader -Didea.vendor.name=JetBrains -Didea.paths.selector=Rider2025.2 -Djna.boot.library.path=C:\Program Files\JetBrains\JetBrains Rider 2025.2/lib/jna/amd64 -Djna.nosys=true -Djna.noclasspath=true -Dpty4j.preferred.native.folder=C:\Program Files\JetBrains\JetBrains Rider 2025.2/lib/pty4j -Dio.netty.allocator.type=pooled -Dintellij.platform.runtime.repository.path=C:\Program Files\JetBrains\JetBrains Rider 2025.2/modules/module-descriptors.dat -Didea.platform.prefix=Rider -Dwsl.use.remote.agent.for.nio.filesystem=true -Djava.nio.file.spi.DefaultFileSystemProvider=com.intellij.platform.core.nio.fs.MultiRoutingFileSystemProvider -Dide.native.launcher=true -Didea.class.before.app=com.jetbrains.rider.protocol.EarlyBackendStarter -Didea.show.customize.ide.wizard=true -DFilePageCache.THROW_ERROR_ON_DUPLICATE_STORAGE_REGISTRATION=false -Dsplash=true -Daether.connector.resumeDownloads=false -Dcompose.swing.render.on.graphics=true --add-opens=java.base/java.io=ALL-UNNAMED --add-opens=java.base/java.lang=ALL-UNNAMED --add-opens=java.base/java.lang.ref=ALL-UNNAMED --add-opens=java.base/java.lang.reflect=ALL-UNNAMED --add-opens=java.base/java.net=ALL-UNNAMED --add-opens=java.base/java.nio=ALL-UNNAMED --add-opens=java.base/java.nio.charset=ALL-UNNAMED --add-opens=java.base/java.text=ALL-UNNAMED --add-opens=java.base/java.time=ALL-UNNAMED --add-opens=java.base/java.util=ALL-UNNAMED --add-opens=java.base/java.util.concurrent=ALL-UNNAMED --add-opens=java.base/java.util.concurrent.atomic=ALL-UNNAMED --add-opens=java.base/java.util.concurrent.locks=ALL-UNNAMED --add-opens=java.base/jdk.internal.vm=ALL-UNNAMED --add-opens=java.base/sun.net.dns=ALL-UNNAMED --add-opens=java.base/sun.nio.ch=ALL-UNNAMED --add-opens=java.base/sun.nio.fs=ALL-UNNAMED --add-opens=java.base/sun.security.ssl=ALL-UNNAMED --add-opens=java.base/sun.security.util=ALL-UNNAMED --add-opens=java.desktop/com.sun.java.swing=ALL-UNNAMED --add-opens=java.desktop/java.awt=ALL-UNNAMED --add-opens=java.desktop/java.awt.dnd.peer=ALL-UNNAMED --add-opens=java.desktop/java.awt.event=ALL-UNNAMED --add-opens=java.desktop/java.awt.font=ALL-UNNAMED --add-opens=java.desktop/java.awt.image=ALL-UNNAMED --add-opens=java.desktop/java.awt.peer=ALL-UNNAMED --add-opens=java.desktop/javax.swing=ALL-UNNAMED --add-opens=java.desktop/javax.swing.plaf.basic=ALL-UNNAMED --add-opens=java.desktop/javax.swing.text=ALL-UNNAMED --add-opens=java.desktop/javax.swing.text.html=ALL-UNNAMED --add-opens=java.desktop/javax.swing.text.html.parser=ALL-UNNAMED --add-opens=java.desktop/sun.awt=ALL-UNNAMED --add-opens=java.desktop/sun.awt.datatransfer=ALL-UNNAMED --add-opens=java.desktop/sun.awt.image=ALL-UNNAMED --add-opens=java.desktop/sun.awt.windows=ALL-UNNAMED --add-opens=java.desktop/sun.font=ALL-UNNAMED --add-opens=java.desktop/sun.java2d=ALL-UNNAMED --add-opens=java.desktop/sun.swing=ALL-UNNAMED --add-opens=java.management/sun.management=ALL-UNNAMED --add-opens=jdk.attach/sun.tools.attach=ALL-UNNAMED --add-opens=jdk.compiler/com.sun.tools.javac.api=ALL-UNNAMED --add-opens=jdk.internal.jvmstat/sun.jvmstat.monitor=ALL-UNNAMED --add-opens=jdk.jdi/com.sun.tools.jdi=ALL-UNNAMED -Dide.native.launcher=true -Djcef.sandbox.ptr=0000027415F28E90 -Djcef.sandbox.cefVersion=122.1.9+gd14e051+chromium-122.0.6261.94 com.intellij.idea.Main C:\Dekel\Tishel\Hafifot\Unity\Avishai\TheCubeMaster\TheCubeMaster.sln --line -1 --column -1 C:\Dekel\Tishel\Hafifot\Unity\Avishai\TheCubeMaster\Assets\Scripts\Factory\PickupFactory.cs

Host: 12th Gen Intel(R) Core(TM) i7-12700F, 20 cores, 15G,  Windows 11 , 64 bit Build 22621 (10.0.22621.5415)
Time: Tue Sep 30 11:44:17 2025 Jerusalem Daylight Time elapsed time: 160.616692 seconds (0d 0h 2m 40s)

---------------  T H R E A D  ---------------

Current thread (0x00000274420ecd30):  JavaThread "C1 CompilerThread0" daemon [_thread_in_vm, id=49124, stack(0x000000ef82e00000,0x000000ef82f00000) (1024K)]


Current CompileTask:
C1:160616 37694       3       java.util.stream.AbstractPipeline::evaluate (44 bytes)

Stack: [0x000000ef82e00000,0x000000ef82f00000]
Native frames: (J=compiled Java code, j=interpreted, Vv=VM code, C=native code)
V  [jvm.dll+0x6e7c19]
V  [jvm.dll+0x8c5f53]
V  [jvm.dll+0x8c84ae]
V  [jvm.dll+0x8c8b93]
V  [jvm.dll+0x2899e6]
V  [jvm.dll+0x8c0d9e]
V  [jvm.dll+0x6888d5]
V  [jvm.dll+0x68893a]
V  [jvm.dll+0x68b156]
V  [jvm.dll+0x68b022]
V  [jvm.dll+0x68928e]
V  [jvm.dll+0x69a8aa]
V  [jvm.dll+0x693832]
V  [jvm.dll+0x1f8f40]
V  [jvm.dll+0x1f9128]
V  [jvm.dll+0x15710e]
V  [jvm.dll+0x157446]
V  [jvm.dll+0x1567bf]
V  [jvm.dll+0x1585e1]
V  [jvm.dll+0x25f80c]
V  [jvm.dll+0x25dd56]
V  [jvm.dll+0x4005d6]
V  [jvm.dll+0x86dab8]
V  [jvm.dll+0x6e639d]
C  [ucrtbase.dll+0x29333]
C  [KERNEL32.DLL+0x1259d]
C  [ntdll.dll+0x5af78]


---------------  P R O C E S S  ---------------

Threads class SMR info:
_java_thread_list=0x00000275858903d0, length=200, elements={
0x0000027415f53a40, 0x00000274420c4e60, 0x00000274420d59a0, 0x00000274420d68c0,
0x00000274420db990, 0x00000274420dc3f0, 0x00000274420dfb70, 0x00000274420e0ea0,
0x00000274420e9140, 0x00000274420ecd30, 0x00000274b407a960, 0x00000274b428d590,
0x00000274b428fc10, 0x00000274b427a8e0, 0x00000274b42a5f70, 0x00000274b42c3a40,
0x00000274b42c4760, 0x00000274b42c12e0, 0x00000274b42c2d20, 0x00000274b42c33b0,
0x00000274b42c40d0, 0x00000274b42c1970, 0x00000274b42c2000, 0x00000274b42c2690,
0x00000274b46211e0, 0x00000274b46204c0, 0x00000274b4622590, 0x00000274b4624660,
0x00000274b46260a0, 0x00000274b4620b50, 0x00000274b4626730, 0x00000274b4623fd0,
0x00000274b4625a10, 0x00000274b4ee9b60, 0x00000274b4ee87b0, 0x00000274b4eeb5a0,
0x00000274b4eecfe0, 0x00000274b549c3f0, 0x00000274b54a2660, 0x00000274b38e2d00,
0x00000274b38e40b0, 0x00000274b38e12c0, 0x00000274b38e1fe0, 0x00000274b38e6180,
0x00000274b38df880, 0x00000274b38e4dd0, 0x00000274b38dff10, 0x00000274b38e6ea0,
0x00000274b38e5460, 0x00000274b38e6810, 0x00000274b38e4740, 0x00000274b38e05a0,
0x00000274b38e2670, 0x00000274b54a0c20, 0x00000274b54a1940, 0x00000274b4622c20,
0x00000274b80e53b0, 0x00000274b80e8ec0, 0x00000274b80e6df0, 0x00000274b80e4690,
0x00000274b80e4d20, 0x00000274b80e7480, 0x00000274b80e5a40, 0x00000274b80e60d0,
0x00000274b80e6760, 0x00000274b80e8830, 0x00000274b80e7b10, 0x00000274b80e81a0,
0x00000274b80e9550, 0x00000274d531a190, 0x00000274d531aeb0, 0x00000274b8819d90,
0x00000274b881e5c0, 0x00000274b8817630, 0x00000274b881ec50, 0x00000274b8818350,
0x00000274fa1092a0, 0x00000274fab76c50, 0x00000274fab6fcc0, 0x000002753ec5e8d0,
0x000002753ec5adc0, 0x0000027541180080, 0x0000027541187d30, 0x0000027541188a50,
0x000002754118d280, 0x00000274b8bddbd0, 0x000002754fcccab0, 0x000002754fcd7be0,
0x0000027442026680, 0x0000027442029470, 0x000002744202a820, 0x000002744202c8f0,
0x000002756f9c6610, 0x000002756f9d10b0, 0x000002756f9cf670, 0x000002756f9d7320,
0x000002756f9d2af0, 0x000002756f9d3810, 0x000002756f9d3ea0, 0x000002757822d300,
0x0000027578230e10, 0x0000027578231b30, 0x000002757822e6b0, 0x000002756f9bae50,
0x000002757bd67220, 0x000002756f9bdc40, 0x00000274b8bd7960, 0x000002757db35ba0,
0x000002757db3ec00, 0x000002757db48980, 0x000002757db49010, 0x000002757db55b80,
0x000002757db58970, 0x000002757db575c0, 0x000002757db59000, 0x000002757db5a3b0,
0x000002757db54140, 0x000002757db5b760, 0x000002757db5bdf0, 0x000002757db5c480,
0x000002757db554f0, 0x000002757db5f270, 0x000002757db5f900, 0x000002757db5d1a0,
0x000002757db63aa0, 0x000002757db619d0, 0x000002757db626f0, 0x000002757db5cb10,
0x000002757db61340, 0x000002757db62060, 0x000002757db5ff90, 0x000002757db62d80,
0x000002757db647c0, 0x000002757db63410, 0x000002757db64130, 0x000002757db5d830,
0x000002757db5ebe0, 0x000002757db64e50, 0x000002757db60620, 0x000002757db60cb0,
0x000002757db5dec0, 0x000002757db654e0, 0x000002757db5e550, 0x000002757db65b70,
0x000002757db66890, 0x000002757db66200, 0x000002757db66f20, 0x000002757db675b0,
0x000002757db67c40, 0x000002757db68960, 0x000002757db6aa30, 0x000002757db6ebd0,
0x000002757db68ff0, 0x000002757db6b750, 0x000002757db6d190, 0x000002757db72050,
0x000002754fccc420, 0x000002754fce3a30, 0x000002757822aba0, 0x0000027578226370,
0x0000027578223c10, 0x00000275893410d0, 0x000002758933bb80, 0x000002758933a140,
0x0000027589341760, 0x000002758933a7d0, 0x000002758933c210, 0x0000027589328080,
0x000002758932cf40, 0x000002758932e980, 0x000002758932a7e0, 0x000002758932c220,
0x0000027589328710, 0x000002758932f6a0, 0x000002757822b8c0, 0x00000274b755d2e0,
0x00000274b755d970, 0x00000274b755e690, 0x00000274b7557700, 0x00000274b75669d0,
0x00000274b756ed10, 0x00000274b7576330, 0x00000274b7573bd0, 0x000002757bd70910,
0x000002757bd729e0, 0x000002757bd6ba50, 0x000002757bd73070, 0x000002757bd73700,
0x0000027589345900, 0x00000274b758cc20, 0x00000274b7590730, 0x00000274b7593520,
0x00000274b75948d0, 0x00000274b758f380, 0x00000274b7580740, 0x00000274b7582810,
0x0000027589342480, 0x0000027589342b10, 0x00000274bf8957e0, 0x00000274bf8b36f0
}

Java Threads: ( => current thread )
  0x0000027415f53a40 JavaThread "main"                              [_thread_blocked, id=40088, stack(0x000000ef81d00000,0x000000ef81f00000) (2048K)]
  0x00000274420c4e60 JavaThread "Common-Cleaner"             daemon [_thread_blocked, id=32356, stack(0x000000ef82600000,0x000000ef82700000) (1024K)]
  0x00000274420d59a0 JavaThread "Reference Handler"          daemon [_thread_blocked, id=32796, stack(0x000000ef82700000,0x000000ef82800000) (1024K)]
  0x00000274420d68c0 JavaThread "Finalizer"                  daemon [_thread_blocked, id=49392, stack(0x000000ef82800000,0x000000ef82900000) (1024K)]
  0x00000274420db990 JavaThread "Signal Dispatcher"          daemon [_thread_blocked, id=18844, stack(0x000000ef82900000,0x000000ef82a00000) (1024K)]
  0x00000274420dc3f0 JavaThread "Attach Listener"            daemon [_thread_blocked, id=16532, stack(0x000000ef82a00000,0x000000ef82b00000) (1024K)]
  0x00000274420dfb70 JavaThread "Service Thread"             daemon [_thread_blocked, id=29516, stack(0x000000ef82b00000,0x000000ef82c00000) (1024K)]
  0x00000274420e0ea0 JavaThread "Monitor Deflation Thread"   daemon [_thread_blocked, id=36904, stack(0x000000ef82c00000,0x000000ef82d00000) (1024K)]
  0x00000274420e9140 JavaThread "C2 CompilerThread0"         daemon [_thread_blocked, id=19076, stack(0x000000ef82d00000,0x000000ef82e00000) (1024K)]
=>0x00000274420ecd30 JavaThread "C1 CompilerThread0"         daemon [_thread_in_vm, id=49124, stack(0x000000ef82e00000,0x000000ef82f00000) (1024K)]
  0x00000274b407a960 JavaThread "Notification Thread"        daemon [_thread_blocked, id=6240, stack(0x000000ef82f00000,0x000000ef83000000) (1024K)]
  0x00000274b428d590 JavaThread "DefaultDispatcher-worker-1" daemon [_thread_blocked, id=31052, stack(0x000000ef83600000,0x000000ef83700000) (1024K)]
  0x00000274b428fc10 JavaThread "DefaultDispatcher-worker-2" daemon [_thread_blocked, id=24772, stack(0x000000ef83700000,0x000000ef83800000) (1024K)]
  0x00000274b427a8e0 JavaThread "DefaultDispatcher-worker-3" daemon [_thread_blocked, id=35340, stack(0x000000ef83800000,0x000000ef83900000) (1024K)]
  0x00000274b42a5f70 JavaThread "DefaultDispatcher-worker-4" daemon [_thread_blocked, id=11796, stack(0x000000ef83900000,0x000000ef83a00000) (1024K)]
  0x00000274b42c3a40 JavaThread "DefaultDispatcher-worker-5" daemon [_thread_blocked, id=33648, stack(0x000000ef83a00000,0x000000ef83b00000) (1024K)]
  0x00000274b42c4760 JavaThread "DefaultDispatcher-worker-6" daemon [_thread_blocked, id=43208, stack(0x000000ef83b00000,0x000000ef83c00000) (1024K)]
  0x00000274b42c12e0 JavaThread "DefaultDispatcher-worker-7" daemon [_thread_blocked, id=30724, stack(0x000000ef83c00000,0x000000ef83d00000) (1024K)]
  0x00000274b42c2d20 JavaThread "DefaultDispatcher-worker-8" daemon [_thread_blocked, id=43908, stack(0x000000ef83d00000,0x000000ef83e00000) (1024K)]
  0x00000274b42c33b0 JavaThread "DefaultDispatcher-worker-9" daemon [_thread_blocked, id=39020, stack(0x000000ef83e00000,0x000000ef83f00000) (1024K)]
  0x00000274b42c40d0 JavaThread "DefaultDispatcher-worker-10" daemon [_thread_blocked, id=10484, stack(0x000000ef83f00000,0x000000ef84000000) (1024K)]
  0x00000274b42c1970 JavaThread "DefaultDispatcher-worker-11" daemon [_thread_blocked, id=47424, stack(0x000000ef84000000,0x000000ef84100000) (1024K)]
  0x00000274b42c2000 JavaThread "DefaultDispatcher-worker-12" daemon [_thread_blocked, id=49844, stack(0x000000ef84100000,0x000000ef84200000) (1024K)]
  0x00000274b42c2690 JavaThread "DefaultDispatcher-worker-13" daemon [_thread_blocked, id=46552, stack(0x000000ef84200000,0x000000ef84300000) (1024K)]
  0x00000274b46211e0 JavaThread "DefaultDispatcher-worker-14" daemon [_thread_blocked, id=9608, stack(0x000000ef84300000,0x000000ef84400000) (1024K)]
  0x00000274b46204c0 JavaThread "DefaultDispatcher-worker-15" daemon [_thread_blocked, id=24836, stack(0x000000ef84400000,0x000000ef84500000) (1024K)]
  0x00000274b4622590 JavaThread "DefaultDispatcher-worker-16" daemon [_thread_blocked, id=21024, stack(0x000000ef84500000,0x000000ef84600000) (1024K)]
  0x00000274b4624660 JavaThread "DefaultDispatcher-worker-17" daemon [_thread_blocked, id=13908, stack(0x000000ef84600000,0x000000ef84700000) (1024K)]
  0x00000274b46260a0 JavaThread "DefaultDispatcher-worker-18" daemon [_thread_blocked, id=2316, stack(0x000000ef84700000,0x000000ef84800000) (1024K)]
  0x00000274b4620b50 JavaThread "DefaultDispatcher-worker-19" daemon [_thread_blocked, id=16844, stack(0x000000ef84800000,0x000000ef84900000) (1024K)]
  0x00000274b4626730 JavaThread "DefaultDispatcher-worker-20" daemon [_thread_blocked, id=38972, stack(0x000000ef84900000,0x000000ef84a00000) (1024K)]
  0x00000274b4623fd0 JavaThread "Java2D Disposer"            daemon [_thread_blocked, id=42032, stack(0x000000ef84a00000,0x000000ef84b00000) (1024K)]
  0x00000274b4625a10 JavaThread "AWT-Shutdown"                      [_thread_blocked, id=40428, stack(0x000000ef84b00000,0x000000ef84c00000) (1024K)]
  0x00000274b4ee9b60 JavaThread "AWT-Windows"                daemon [_thread_in_native, id=9596, stack(0x000000ef84c00000,0x000000ef84d00000) (1024K)]
  0x00000274b4ee87b0 JavaThread "Kernel event loop thread ikamo3tso7rm83quj8lh" daemon [_thread_blocked, id=2132, stack(0x000000ef84e00000,0x000000ef84f00000) (1024K)]
  0x00000274b4eeb5a0 JavaThread "AWT-EventQueue-0"                  [_thread_in_Java, id=30504, stack(0x000000ef84f00000,0x000000ef85000000) (1024K)]
  0x00000274b4eecfe0 JavaThread "External Command Listener"  daemon [_thread_in_native, id=19172, stack(0x000000ef85800000,0x000000ef85900000) (1024K)]
  0x00000274b549c3f0 JavaThread "JNA Cleaner"                daemon [_thread_blocked, id=21232, stack(0x000000ef85e00000,0x000000ef85f00000) (1024K)]
  0x00000274b54a2660 JavaThread "Program"                           [_thread_in_native, id=22036, stack(0x000000ef85d00000,0x000000ef85e00000) (1024K)]
  0x00000274b38e2d00 JavaThread "DefaultDispatcher-worker-21" daemon [_thread_blocked, id=47472, stack(0x000000ef81a00000,0x000000ef81b00000) (1024K)]
  0x00000274b38e40b0 JavaThread "DefaultDispatcher-worker-23" daemon [_thread_blocked, id=29360, stack(0x000000ef81b00000,0x000000ef81c00000) (1024K)]
  0x00000274b38e12c0 JavaThread "DefaultDispatcher-worker-22" daemon [_thread_in_native, id=1120, stack(0x000000ef81c00000,0x000000ef81d00000) (1024K)]
  0x00000274b38e1fe0 JavaThread "DefaultDispatcher-worker-24" daemon [_thread_blocked, id=48332, stack(0x000000ef85900000,0x000000ef85a00000) (1024K)]
  0x00000274b38e6180 JavaThread "DefaultDispatcher-worker-25" daemon [_thread_blocked, id=32568, stack(0x000000ef86100000,0x000000ef86200000) (1024K)]
  0x00000274b38df880 JavaThread "DefaultDispatcher-worker-26" daemon [_thread_blocked, id=1836, stack(0x000000ef86200000,0x000000ef86300000) (1024K)]
  0x00000274b38e4dd0 JavaThread "DefaultDispatcher-worker-27" daemon [_thread_blocked, id=29828, stack(0x000000ef86300000,0x000000ef86400000) (1024K)]
  0x00000274b38dff10 JavaThread "DefaultDispatcher-worker-28" daemon [_thread_blocked, id=16816, stack(0x000000ef86400000,0x000000ef86500000) (1024K)]
  0x00000274b38e6ea0 JavaThread "DefaultDispatcher-worker-29" daemon [_thread_blocked, id=396, stack(0x000000ef86500000,0x000000ef86600000) (1024K)]
  0x00000274b38e5460 JavaThread "DefaultDispatcher-worker-30" daemon [_thread_blocked, id=26380, stack(0x000000ef86600000,0x000000ef86700000) (1024K)]
  0x00000274b38e6810 JavaThread "DefaultDispatcher-worker-31" daemon [_thread_blocked, id=44632, stack(0x000000ef86700000,0x000000ef86800000) (1024K)]
  0x00000274b38e4740 JavaThread "DefaultDispatcher-worker-32" daemon [_thread_blocked, id=29168, stack(0x000000ef86800000,0x000000ef86900000) (1024K)]
  0x00000274b38e05a0 JavaThread "DefaultDispatcher-worker-33" daemon [_thread_blocked, id=37404, stack(0x000000ef86900000,0x000000ef86a00000) (1024K)]
  0x00000274b38e2670 JavaThread "DefaultDispatcher-worker-34" daemon [_thread_blocked, id=15148, stack(0x000000ef86a00000,0x000000ef86b00000) (1024K)]
  0x00000274b54a0c20 JavaThread "DefaultDispatcher-worker-37" daemon [_thread_blocked, id=45448, stack(0x000000ef86b00000,0x000000ef86c00000) (1024K)]
  0x00000274b54a1940 JavaThread "DefaultDispatcher-worker-36" daemon [_thread_blocked, id=13280, stack(0x000000ef86c00000,0x000000ef86d00000) (1024K)]
  0x00000274b4622c20 JavaThread "DefaultDispatcher-worker-35" daemon [_thread_blocked, id=23444, stack(0x000000ef86d00000,0x000000ef86e00000) (1024K)]
  0x00000274b80e53b0 JavaThread "DefaultDispatcher-worker-38" daemon [_thread_blocked, id=50920, stack(0x000000ef86e00000,0x000000ef86f00000) (1024K)]
  0x00000274b80e8ec0 JavaThread "DefaultDispatcher-worker-39" daemon [_thread_in_native, id=30640, stack(0x000000ef86f00000,0x000000ef87000000) (1024K)]
  0x00000274b80e6df0 JavaThread "DefaultDispatcher-worker-40" daemon [_thread_blocked, id=18980, stack(0x000000ef87000000,0x000000ef87100000) (1024K)]
  0x00000274b80e4690 JavaThread "DefaultDispatcher-worker-41" daemon [_thread_blocked, id=48340, stack(0x000000ef87100000,0x000000ef87200000) (1024K)]
  0x00000274b80e4d20 JavaThread "DefaultDispatcher-worker-42" daemon [_thread_blocked, id=48596, stack(0x000000ef87200000,0x000000ef87300000) (1024K)]
  0x00000274b80e7480 JavaThread "DefaultDispatcher-worker-43" daemon [_thread_blocked, id=48756, stack(0x000000ef87300000,0x000000ef87400000) (1024K)]
  0x00000274b80e5a40 JavaThread "DefaultDispatcher-worker-44" daemon [_thread_blocked, id=50132, stack(0x000000ef87400000,0x000000ef87500000) (1024K)]
  0x00000274b80e60d0 JavaThread "DefaultDispatcher-worker-45" daemon [_thread_blocked, id=49724, stack(0x000000ef87500000,0x000000ef87600000) (1024K)]
  0x00000274b80e6760 JavaThread "DefaultDispatcher-worker-46" daemon [_thread_blocked, id=10104, stack(0x000000ef87600000,0x000000ef87700000) (1024K)]
  0x00000274b80e8830 JavaThread "DefaultDispatcher-worker-47" daemon [_thread_blocked, id=26288, stack(0x000000ef87700000,0x000000ef87800000) (1024K)]
  0x00000274b80e7b10 JavaThread "DefaultDispatcher-worker-48" daemon [_thread_blocked, id=28320, stack(0x000000ef87800000,0x000000ef87900000) (1024K)]
  0x00000274b80e81a0 JavaThread "DefaultDispatcher-worker-49" daemon [_thread_blocked, id=6264, stack(0x000000ef87900000,0x000000ef87a00000) (1024K)]
  0x00000274b80e9550 JavaThread "DefaultDispatcher-worker-50" daemon [_thread_blocked, id=18544, stack(0x000000ef87a00000,0x000000ef87b00000) (1024K)]
  0x00000274d531a190 JavaThread "kotlinx.coroutines.DefaultExecutor" daemon [_thread_blocked, id=28084, stack(0x000000ef87b00000,0x000000ef87c00000) (1024K)]
  0x00000274d531aeb0 JavaThread "SerializersBackgroundRegistrar" daemon [_thread_blocked, id=43392, stack(0x000000ef87c00000,0x000000ef87d00000) (1024K)]
  0x00000274b8819d90 JavaThread "FrontendToBackend/Sender"   daemon [_thread_blocked, id=40668, stack(0x000000ef87d00000,0x000000ef87e00000) (1024K)]
  0x00000274b881e5c0 JavaThread "FrontendToBackend"          daemon [_thread_in_native, id=14476, stack(0x000000ef87e00000,0x000000ef87f00000) (1024K)]
  0x00000274b8817630 JavaThread "PeriodicMetricReader"       daemon [_thread_blocked, id=16344, stack(0x000000ef87f00000,0x000000ef88000000) (1024K)]
  0x00000274b881ec50 JavaThread "BaseDataReader: output stream of Program"        [_thread_in_native, id=44392, stack(0x000000ef88000000,0x000000ef88100000) (1024K)]
  0x00000274b8818350 JavaThread "BaseDataReader: error stream of Program"        [_thread_in_native, id=15792, stack(0x000000ef88100000,0x000000ef88200000) (1024K)]
  0x00000274fa1092a0 JavaThread "Coroutines Debugger Cleaner" daemon [_thread_blocked, id=9396, stack(0x000000ef88200000,0x000000ef88300000) (1024K)]
  0x00000274fab76c50 JavaThread "Periodic tasks thread"      daemon [_thread_blocked, id=29840, stack(0x000000ef88300000,0x000000ef88400000) (1024K)]
  0x00000274fab6fcc0 JavaThread "ApplicationImpl pooled thread 1"        [_thread_blocked, id=3932, stack(0x000000ef88400000,0x000000ef88500000) (1024K)]
  0x000002753ec5e8d0 JavaThread "Netty Builtin Server 1"     daemon [_thread_in_native, id=16200, stack(0x000000ef88800000,0x000000ef88900000) (1024K)]
  0x000002753ec5adc0 JavaThread "HttpClient-1-SelectorManager" daemon [_thread_in_native, id=48328, stack(0x000000ef88900000,0x000000ef88a00000) (1024K)]
  0x0000027541180080 JavaThread "ApplicationImpl pooled thread 2"        [_thread_blocked, id=48424, stack(0x000000ef88a00000,0x000000ef88b00000) (1024K)]
  0x0000027541187d30 JavaThread "fsnotifier.exe"                    [_thread_in_native, id=40348, stack(0x000000ef88b00000,0x000000ef88c00000) (1024K)]
  0x0000027541188a50 JavaThread "BaseDataReader: output stream of fsnotifier.exe"        [_thread_in_native, id=3264, stack(0x000000ef88c00000,0x000000ef88d00000) (1024K)]
  0x000002754118d280 JavaThread "BaseDataReader: error stream of fsnotifier.exe"        [_thread_in_native, id=30380, stack(0x000000ef88d00000,0x000000ef88e00000) (1024K)]
  0x00000274b8bddbd0 JavaThread "pool-7-thread-1"                   [_thread_blocked, id=34788, stack(0x000000ef88e00000,0x000000ef88f00000) (1024K)]
  0x000002754fcccab0 JavaThread "Jndi-Dns-address-change-listener" daemon [_thread_in_native, id=8580, stack(0x000000ef89500000,0x000000ef89600000) (1024K)]
  0x000002754fcd7be0 JavaThread "ApplicationImpl pooled thread 3"        [_thread_blocked, id=43296, stack(0x000000ef89900000,0x000000ef89a00000) (1024K)]
  0x0000027442026680 JavaThread "pool-5-thread-1"                   [_thread_blocked, id=1044, stack(0x000000ef89700000,0x000000ef89800000) (1024K)]
  0x0000027442029470 JavaThread "BackgroundScheduler"        daemon [_thread_blocked, id=52088, stack(0x000000ef89a00000,0x000000ef89b00000) (1024K)]
  0x000002744202a820 JavaThread "TimerQueue"                 daemon [_thread_blocked, id=49628, stack(0x000000ef88f00000,0x000000ef89000000) (1024K)]
  0x000002744202c8f0 JavaThread "I/O pool 7"                        [_thread_blocked, id=32164, stack(0x000000ef89800000,0x000000ef89900000) (1024K)]
  0x000002756f9c6610 JavaThread "ApplicationImpl pooled thread 4"        [_thread_blocked, id=32832, stack(0x000000ef89000000,0x000000ef89100000) (1024K)]
  0x000002756f9d10b0 JavaThread "process reaper (pid 48960)" daemon [_thread_in_native, id=31936, stack(0x000000ef81780000,0x000000ef817a0000) (128K)]
  0x000002756f9cf670 JavaThread "ApplicationImpl pooled thread 5"        [_thread_blocked, id=16180, stack(0x000000ef89b00000,0x000000ef89c00000) (1024K)]
  0x000002756f9d7320 JavaThread "RenderDocClient::1159599887221828203/Sender" daemon [_thread_blocked, id=15308, stack(0x000000ef89d00000,0x000000ef89e00000) (1024K)]
  0x000002756f9d2af0 JavaThread "RenderDocClient::1159599887221828203" daemon [_thread_in_native, id=27064, stack(0x000000ef89e00000,0x000000ef89f00000) (1024K)]
  0x000002756f9d3810 JavaThread "RenderDocPanel"             daemon [_thread_blocked, id=48944, stack(0x000000ef89f00000,0x000000ef8a000000) (1024K)]
  0x000002756f9d3ea0 JavaThread "pool-8-thread-1"                   [_thread_blocked, id=51152, stack(0x000000ef8a000000,0x000000ef8a100000) (1024K)]
  0x000002757822d300 JavaThread "JetBrains.DPA.Protocol.Backend_Server/Sender" daemon [_thread_blocked, id=13384, stack(0x000000ef89c00000,0x000000ef89d00000) (1024K)]
  0x0000027578230e10 JavaThread "JetBrains.DPA.Protocol.Backend_Server" daemon [_thread_in_native, id=21440, stack(0x000000ef8a100000,0x000000ef8a200000) (1024K)]
  0x0000027578231b30 JavaThread "JetBrains.DPA.Protocol.Backend_Render_Server/Sender" daemon [_thread_blocked, id=2188, stack(0x000000ef8a200000,0x000000ef8a300000) (1024K)]
  0x000002757822e6b0 JavaThread "JetBrains.DPA.Protocol.Backend_Render_Server" daemon [_thread_in_native, id=11272, stack(0x000000ef8a300000,0x000000ef8a400000) (1024K)]
  0x000002756f9bae50 JavaThread "WorkspaceModelUpdater"      daemon [_thread_blocked, id=9440, stack(0x000000ef8a400000,0x000000ef8a500000) (1024K)]
  0x000002757bd67220 JavaThread "HttpClient-3-SelectorManager" daemon [_thread_in_native, id=44676, stack(0x000000ef8a600000,0x000000ef8a700000) (1024K)]
  0x000002756f9bdc40 JavaThread "Timer-2"                           [_thread_blocked, id=50768, stack(0x000000ef89600000,0x000000ef89700000) (1024K)]
  0x00000274b8bd7960 JavaThread "I/O pool 8"                        [_thread_blocked, id=28276, stack(0x000000ef8a700000,0x000000ef8a800000) (1024K)]
  0x000002757db35ba0 JavaThread "Windows Shell integration"  daemon [_thread_blocked, id=52060, stack(0x000000ef8a800000,0x000000ef8a900000) (1024K)]
  0x000002757db3ec00 JavaThread "Netty Station Client 1-1"   daemon [_thread_in_native, id=44904, stack(0x000000ef8a900000,0x000000ef8aa00000) (1024K)]
  0x000002757db48980 JavaThread "I/O pool 9"                        [_thread_blocked, id=17316, stack(0x000000ef8ac00000,0x000000ef8ad00000) (1024K)]
  0x000002757db49010 JavaThread "I/O pool 10"                       [_thread_blocked, id=20392, stack(0x000000ef8ad00000,0x000000ef8ae00000) (1024K)]
  0x000002757db55b80 JavaThread "I/O pool 11"                       [_thread_blocked, id=28120, stack(0x000000ef8aa00000,0x000000ef8ab00000) (1024K)]
  0x000002757db58970 JavaThread "I/O pool 12"                       [_thread_blocked, id=51928, stack(0x000000ef8af00000,0x000000ef8b000000) (1024K)]
  0x000002757db575c0 JavaThread "DefaultDispatcher-worker-52" daemon [_thread_blocked, id=3112, stack(0x000000ef8b000000,0x000000ef8b100000) (1024K)]
  0x000002757db59000 JavaThread "DefaultDispatcher-worker-51" daemon [_thread_blocked, id=39276, stack(0x000000ef8b100000,0x000000ef8b200000) (1024K)]
  0x000002757db5a3b0 JavaThread "DefaultDispatcher-worker-53" daemon [_thread_blocked, id=13796, stack(0x000000ef8b200000,0x000000ef8b300000) (1024K)]
  0x000002757db54140 JavaThread "DefaultDispatcher-worker-54" daemon [_thread_blocked, id=42156, stack(0x000000ef8b300000,0x000000ef8b400000) (1024K)]
  0x000002757db5b760 JavaThread "DefaultDispatcher-worker-58" daemon [_thread_blocked, id=6468, stack(0x000000ef8b400000,0x000000ef8b500000) (1024K)]
  0x000002757db5bdf0 JavaThread "DefaultDispatcher-worker-56" daemon [_thread_in_Java, id=14304, stack(0x000000ef8b500000,0x000000ef8b600000) (1024K)]
  0x000002757db5c480 JavaThread "DefaultDispatcher-worker-57" daemon [_thread_blocked, id=23280, stack(0x000000ef8b600000,0x000000ef8b700000) (1024K)]
  0x000002757db554f0 JavaThread "DefaultDispatcher-worker-60" daemon [_thread_blocked, id=47460, stack(0x000000ef8b700000,0x000000ef8b800000) (1024K)]
  0x000002757db5f270 JavaThread "DefaultDispatcher-worker-59" daemon [_thread_blocked, id=19944, stack(0x000000ef8b800000,0x000000ef8b900000) (1024K)]
  0x000002757db5f900 JavaThread "DefaultDispatcher-worker-55" daemon [_thread_blocked, id=37196, stack(0x000000ef8b900000,0x000000ef8ba00000) (1024K)]
  0x000002757db5d1a0 JavaThread "DefaultDispatcher-worker-61" daemon [_thread_blocked, id=25744, stack(0x000000ef8ba00000,0x000000ef8bb00000) (1024K)]
  0x000002757db63aa0 JavaThread "DefaultDispatcher-worker-62" daemon [_thread_blocked, id=51884, stack(0x000000ef8bb00000,0x000000ef8bc00000) (1024K)]
  0x000002757db619d0 JavaThread "DefaultDispatcher-worker-63" daemon [_thread_blocked, id=268, stack(0x000000ef8bc00000,0x000000ef8bd00000) (1024K)]
  0x000002757db626f0 JavaThread "DefaultDispatcher-worker-64" daemon [_thread_blocked, id=21036, stack(0x000000ef8bd00000,0x000000ef8be00000) (1024K)]
  0x000002757db5cb10 JavaThread "DefaultDispatcher-worker-65" daemon [_thread_blocked, id=45868, stack(0x000000ef8be00000,0x000000ef8bf00000) (1024K)]
  0x000002757db61340 JavaThread "DefaultDispatcher-worker-66" daemon [_thread_blocked, id=41148, stack(0x000000ef8bf00000,0x000000ef8c000000) (1024K)]
  0x000002757db62060 JavaThread "DefaultDispatcher-worker-67" daemon [_thread_blocked, id=19628, stack(0x000000ef8c000000,0x000000ef8c100000) (1024K)]
  0x000002757db5ff90 JavaThread "DefaultDispatcher-worker-68" daemon [_thread_blocked, id=16164, stack(0x000000ef8c100000,0x000000ef8c200000) (1024K)]
  0x000002757db62d80 JavaThread "DefaultDispatcher-worker-69" daemon [_thread_blocked, id=22208, stack(0x000000ef8c200000,0x000000ef8c300000) (1024K)]
  0x000002757db647c0 JavaThread "DefaultDispatcher-worker-70" daemon [_thread_blocked, id=29884, stack(0x000000ef8c300000,0x000000ef8c400000) (1024K)]
  0x000002757db63410 JavaThread "DefaultDispatcher-worker-71" daemon [_thread_blocked, id=29776, stack(0x000000ef8c400000,0x000000ef8c500000) (1024K)]
  0x000002757db64130 JavaThread "DefaultDispatcher-worker-72" daemon [_thread_blocked, id=32656, stack(0x000000ef8c500000,0x000000ef8c600000) (1024K)]
  0x000002757db5d830 JavaThread "DefaultDispatcher-worker-73" daemon [_thread_blocked, id=21408, stack(0x000000ef8c600000,0x000000ef8c700000) (1024K)]
  0x000002757db5ebe0 JavaThread "DefaultDispatcher-worker-74" daemon [_thread_blocked, id=45264, stack(0x000000ef8c700000,0x000000ef8c800000) (1024K)]
  0x000002757db64e50 JavaThread "DefaultDispatcher-worker-75" daemon [_thread_blocked, id=40276, stack(0x000000ef8c800000,0x000000ef8c900000) (1024K)]
  0x000002757db60620 JavaThread "DefaultDispatcher-worker-76" daemon [_thread_blocked, id=43244, stack(0x000000ef8c900000,0x000000ef8ca00000) (1024K)]
  0x000002757db60cb0 JavaThread "DefaultDispatcher-worker-77" daemon [_thread_blocked, id=29160, stack(0x000000ef8ca00000,0x000000ef8cb00000) (1024K)]
  0x000002757db5dec0 JavaThread "DefaultDispatcher-worker-78" daemon [_thread_blocked, id=46088, stack(0x000000ef8cb00000,0x000000ef8cc00000) (1024K)]
  0x000002757db654e0 JavaThread "DefaultDispatcher-worker-79" daemon [_thread_blocked, id=37856, stack(0x000000ef8cc00000,0x000000ef8cd00000) (1024K)]
  0x000002757db5e550 JavaThread "DefaultDispatcher-worker-80" daemon [_thread_blocked, id=20228, stack(0x000000ef8cd00000,0x000000ef8ce00000) (1024K)]
  0x000002757db65b70 JavaThread "DefaultDispatcher-worker-81" daemon [_thread_blocked, id=46724, stack(0x000000ef8ce00000,0x000000ef8cf00000) (1024K)]
  0x000002757db66890 JavaThread "DefaultDispatcher-worker-82" daemon [_thread_blocked, id=35576, stack(0x000000ef8cf00000,0x000000ef8d000000) (1024K)]
  0x000002757db66200 JavaThread "DefaultDispatcher-worker-83" daemon [_thread_blocked, id=18648, stack(0x000000ef8d000000,0x000000ef8d100000) (1024K)]
  0x000002757db66f20 JavaThread "DefaultDispatcher-worker-84" daemon [_thread_blocked, id=12716, stack(0x000000ef8d100000,0x000000ef8d200000) (1024K)]
  0x000002757db675b0 JavaThread "DefaultDispatcher-worker-85" daemon [_thread_blocked, id=43124, stack(0x000000ef8d200000,0x000000ef8d300000) (1024K)]
  0x000002757db67c40 JavaThread "DefaultDispatcher-worker-86" daemon [_thread_blocked, id=11836, stack(0x000000ef8d300000,0x000000ef8d400000) (1024K)]
  0x000002757db68960 JavaThread "DefaultDispatcher-worker-87" daemon [_thread_blocked, id=19328, stack(0x000000ef8d400000,0x000000ef8d500000) (1024K)]
  0x000002757db6aa30 JavaThread "DefaultDispatcher-worker-88" daemon [_thread_blocked, id=32272, stack(0x000000ef8d500000,0x000000ef8d600000) (1024K)]
  0x000002757db6ebd0 JavaThread "DefaultDispatcher-worker-89" daemon [_thread_blocked, id=28648, stack(0x000000ef8d600000,0x000000ef8d700000) (1024K)]
  0x000002757db68ff0 JavaThread "DefaultDispatcher-worker-90" daemon [_thread_blocked, id=34356, stack(0x000000ef8d700000,0x000000ef8d800000) (1024K)]
  0x000002757db6b750 JavaThread "Netty Station Server 1-1"   daemon [_thread_in_native, id=50172, stack(0x000000ef8d800000,0x000000ef8d900000) (1024K)]
  0x000002757db6d190 JavaThread "Netty Station Client 1-2"   daemon [_thread_in_native, id=46840, stack(0x000000ef8d900000,0x000000ef8da00000) (1024K)]
  0x000002757db72050 JavaThread "BaseDataReader: error stream of language_server_windows_x64.exe"        [_thread_in_native, id=39984, stack(0x000000ef8da00000,0x000000ef8db00000) (1024K)]
  0x000002754fccc420 JavaThread "Cleaner-0"                  daemon [_thread_blocked, id=34616, stack(0x000000ef8db00000,0x000000ef8dc00000) (1024K)]
  0x000002754fce3a30 JavaThread "unleash-api-executor"       daemon [_thread_blocked, id=39460, stack(0x000000ef8dc00000,0x000000ef8dd00000) (1024K)]
  0x000002757822aba0 JavaThread "I/O pool 14"                       [_thread_blocked, id=34156, stack(0x000000ef8dd00000,0x000000ef8de00000) (1024K)]
  0x0000027578226370 JavaThread "I/O pool 15"                       [_thread_blocked, id=18624, stack(0x000000ef8de00000,0x000000ef8df00000) (1024K)]
  0x0000027578223c10 JavaThread "language_server_windows_x64.exe"        [_thread_in_native, id=19380, stack(0x000000ef8df00000,0x000000ef8e000000) (1024K)]
  0x00000275893410d0 JavaThread "I/O pool 17"                       [_thread_blocked, id=17320, stack(0x000000ef8e100000,0x000000ef8e200000) (1024K)]
  0x000002758933bb80 JavaThread "DefaultDispatcher-worker-91" daemon [_thread_blocked, id=21144, stack(0x000000ef8e200000,0x000000ef8e300000) (1024K)]
  0x000002758933a140 JavaThread "DefaultDispatcher-worker-92" daemon [_thread_blocked, id=38464, stack(0x000000ef8e300000,0x000000ef8e400000) (1024K)]
  0x0000027589341760 JavaThread "DefaultDispatcher-worker-93" daemon [_thread_blocked, id=32628, stack(0x000000ef8e400000,0x000000ef8e500000) (1024K)]
  0x000002758933a7d0 JavaThread "DefaultDispatcher-worker-94" daemon [_thread_blocked, id=32512, stack(0x000000ef8e500000,0x000000ef8e600000) (1024K)]
  0x000002758933c210 JavaThread "I/O pool 18"                       [_thread_blocked, id=42892, stack(0x000000ef8e600000,0x000000ef8e700000) (1024K)]
  0x0000027589328080 JavaThread "BaseDataReader: output stream of language_server_windows_x64.exe"        [_thread_in_native, id=48052, stack(0x000000ef8e700000,0x000000ef8e800000) (1024K)]
  0x000002758932cf40 JavaThread "I/O pool 20"                       [_thread_blocked, id=24996, stack(0x000000ef8e800000,0x000000ef8e900000) (1024K)]
  0x000002758932e980 JavaThread "I/O pool 21"                       [_thread_blocked, id=11468, stack(0x000000ef8e900000,0x000000ef8ea00000) (1024K)]
  0x000002758932a7e0 JavaThread "I/O pool 22"                       [_thread_blocked, id=49596, stack(0x000000ef8ea00000,0x000000ef8eb00000) (1024K)]
  0x000002758932c220 JavaThread "I/O pool 23"                       [_thread_blocked, id=2808, stack(0x000000ef8eb00000,0x000000ef8ec00000) (1024K)]
  0x0000027589328710 JavaThread "I/O pool 24"                       [_thread_blocked, id=45700, stack(0x000000ef8ec00000,0x000000ef8ed00000) (1024K)]
  0x000002758932f6a0 JavaThread "CefBgThread"                daemon [_thread_blocked, id=51512, stack(0x000000ef8e000000,0x000000ef8e100000) (1024K)]
  0x000002757822b8c0 JavaThread "JVMResponsivenessMonitor"   daemon [_thread_blocked, id=24024, stack(0x000000ef8ef00000,0x000000ef8f000000) (1024K)]
  0x00000274b755d2e0 JavaThread "CefHandlers-listening"             [_thread_in_native, id=23844, stack(0x000000ef8f000000,0x000000ef8f100000) (1024K)]
  0x00000274b755d970 JavaThread "CefHandlers-execution-0"    daemon [_thread_in_native, id=3548, stack(0x000000ef8f100000,0x000000ef8f200000) (1024K)]
  0x00000274b755e690 JavaThread "CefHandlers-execution-1"    daemon [_thread_in_native, id=42272, stack(0x000000ef8f200000,0x000000ef8f300000) (1024K)]
  0x00000274b7557700 JavaThread "CefHandlers-execution-2"    daemon [_thread_in_native, id=14548, stack(0x000000ef8f300000,0x000000ef8f400000) (1024K)]
  0x00000274b75669d0 JavaThread "unleash-api-executor"       daemon [_thread_blocked, id=36204, stack(0x000000ef8ee00000,0x000000ef8ef00000) (1024K)]
  0x00000274b756ed10 JavaThread "Timer-3"                           [_thread_blocked, id=51224, stack(0x000000ef8f400000,0x000000ef8f500000) (1024K)]
  0x00000274b7576330 JavaThread "eventLoopGroupProxy-1-1"    daemon [_thread_in_native, id=424, stack(0x000000ef8a500000,0x000000ef8a600000) (1024K)]
  0x00000274b7573bd0 JavaThread "ApplicationImpl pooled thread 6"        [_thread_blocked, id=44484, stack(0x000000ef8f600000,0x000000ef8f700000) (1024K)]
  0x000002757bd70910 JavaThread "grpc-nio-worker-ELG-1-1"    daemon [_thread_in_native, id=34752, stack(0x000000ef8f700000,0x000000ef8f800000) (1024K)]
  0x000002757bd729e0 JavaThread "grpc-default-executor-0"    daemon [_thread_blocked, id=10640, stack(0x000000ef8f800000,0x000000ef8f900000) (1024K)]
  0x000002757bd6ba50 JavaThread "grpc-default-executor-1"    daemon [_thread_blocked, id=20168, stack(0x000000ef8f900000,0x000000ef8fa00000) (1024K)]
  0x000002757bd73070 JavaThread "grpc-default-executor-2"    daemon [_thread_blocked, id=48012, stack(0x000000ef8fa00000,0x000000ef8fb00000) (1024K)]
  0x000002757bd73700 JavaThread "eventLoopGroupProxy-3-1"    daemon [_thread_in_native, id=30536, stack(0x000000ef8fb00000,0x000000ef8fc00000) (1024K)]
  0x0000027589345900 JavaThread "eventLoopGroupProxy-3-2"    daemon [_thread_in_native, id=47304, stack(0x000000ef8fc00000,0x000000ef8fd00000) (1024K)]
  0x00000274b758cc20 JavaThread "eventLoopGroupProxy-4-1"    daemon [_thread_in_native, id=45588, stack(0x000000ef8fd00000,0x000000ef8fe00000) (1024K)]
  0x00000274b7590730 JavaThread "eventLoopGroupProxy-4-2"    daemon [_thread_in_native, id=10136, stack(0x000000ef8fe00000,0x000000ef8ff00000) (1024K)]
  0x00000274b7593520 JavaThread "grpc-nio-worker-ELG-1-2"    daemon [_thread_in_native, id=46244, stack(0x000000ef8ed00000,0x000000ef8ee00000) (1024K)]
  0x00000274b75948d0 JavaThread "eventLoopGroupProxy-3-3"    daemon [_thread_in_native, id=36960, stack(0x000000ef8ff00000,0x000000ef90000000) (1024K)]
  0x00000274b758f380 JavaThread "eventLoopGroupProxy-4-3"    daemon [_thread_in_native, id=31876, stack(0x000000ef90000000,0x000000ef90100000) (1024K)]
  0x00000274b7580740 JavaThread "ProtocolInstanceWatcher"           [_thread_blocked, id=46124, stack(0x000000ef90100000,0x000000ef90200000) (1024K)]
  0x00000274b7582810 JavaThread "FileSystemWatchService"     daemon [_thread_in_native, id=10148, stack(0x000000ef90200000,0x000000ef90300000) (1024K)]
  0x0000027589342480 JavaThread "pool-9-thread-1"                   [_thread_blocked, id=21844, stack(0x000000ef8f500000,0x000000ef8f600000) (1024K)]
  0x0000027589342b10 JavaThread "pool-10-thread-1"                  [_thread_blocked, id=51092, stack(0x000000ef90300000,0x000000ef90400000) (1024K)]
  0x00000274bf8957e0 JavaThread "Keep-Alive-Timer"           daemon [_thread_blocked, id=26968, stack(0x000000ef89200000,0x000000ef89300000) (1024K)]
  0x00000274bf8b36f0 JavaThread "JobScheduler FJ pool 0/19"  daemon [_thread_blocked, id=8524, stack(0x000000ef88500000,0x000000ef88600000) (1024K)]
Total: 200

Other Threads:
  0x00000274420bccc0 VMThread "VM Thread"                           [id=45556, stack(0x000000ef82500000,0x000000ef82600000) (1024K)]
  0x00000274850819e0 WatcherThread "VM Periodic Task Thread"        [id=18784, stack(0x000000ef82400000,0x000000ef82500000) (1024K)]
  0x0000027418759b10 WorkerThread "GC Thread#0"                     [id=15808, stack(0x000000ef81f00000,0x000000ef82000000) (1024K)]
  0x00000274b3622f30 WorkerThread "GC Thread#1"                     [id=5880, stack(0x000000ef83000000,0x000000ef83100000) (1024K)]
  0x00000274b36232d0 WorkerThread "GC Thread#2"                     [id=31240, stack(0x000000ef83100000,0x000000ef83200000) (1024K)]
  0x00000274b365d410 WorkerThread "GC Thread#3"                     [id=1300, stack(0x000000ef83200000,0x000000ef83300000) (1024K)]
  0x00000274b3cdf140 WorkerThread "GC Thread#4"                     [id=27100, stack(0x000000ef83300000,0x000000ef83400000) (1024K)]
  0x00000274b3cdf8f0 WorkerThread "GC Thread#5"                     [id=40676, stack(0x000000ef83400000,0x000000ef83500000) (1024K)]
  0x00000274b3ce84b0 WorkerThread "GC Thread#6"                     [id=26132, stack(0x000000ef83500000,0x000000ef83600000) (1024K)]
  0x00000274b4b1f7a0 WorkerThread "GC Thread#7"                     [id=23616, stack(0x000000ef85000000,0x000000ef85100000) (1024K)]
  0x00000274b4b1bda0 WorkerThread "GC Thread#8"                     [id=1552, stack(0x000000ef85100000,0x000000ef85200000) (1024K)]
  0x00000274b45c9220 WorkerThread "GC Thread#9"                     [id=17452, stack(0x000000ef85200000,0x000000ef85300000) (1024K)]
  0x00000274b4faa930 WorkerThread "GC Thread#10"                    [id=26232, stack(0x000000ef85300000,0x000000ef85400000) (1024K)]
  0x00000274b4fa9e50 WorkerThread "GC Thread#11"                    [id=36544, stack(0x000000ef85400000,0x000000ef85500000) (1024K)]
  0x00000274b4faacd0 WorkerThread "GC Thread#12"                    [id=41264, stack(0x000000ef85500000,0x000000ef85600000) (1024K)]
  0x00000274b4faa1f0 WorkerThread "GC Thread#13"                    [id=31072, stack(0x000000ef85600000,0x000000ef85700000) (1024K)]
  0x00000274b4fab070 WorkerThread "GC Thread#14"                    [id=30772, stack(0x000000ef85700000,0x000000ef85800000) (1024K)]
  0x0000027415fee160 ConcurrentGCThread "G1 Main Marker"            [id=22808, stack(0x000000ef82000000,0x000000ef82100000) (1024K)]
  0x0000027415feeb70 WorkerThread "G1 Conc#0"                       [id=15656, stack(0x000000ef82100000,0x000000ef82200000) (1024K)]
  0x00000274b4fac290 WorkerThread "G1 Conc#1"                       [id=10408, stack(0x000000ef85a00000,0x000000ef85b00000) (1024K)]
  0x00000274b4fac630 WorkerThread "G1 Conc#2"                       [id=11944, stack(0x000000ef85b00000,0x000000ef85c00000) (1024K)]
  0x00000274b4faa590 WorkerThread "G1 Conc#3"                       [id=43316, stack(0x000000ef85c00000,0x000000ef85d00000) (1024K)]
  0x0000027441ff0610 ConcurrentGCThread "G1 Refine#0"               [id=37020, stack(0x000000ef82200000,0x000000ef82300000) (1024K)]
  0x0000027441ff0f90 ConcurrentGCThread "G1 Service"                [id=17232, stack(0x000000ef82300000,0x000000ef82400000) (1024K)]
Total: 24

Threads with active compile tasks:
C1 CompilerThread0  160655 37694       3       java.util.stream.AbstractPipeline::evaluate (44 bytes)
Total: 1

VM state: not at safepoint (normal execution)

VM Mutex/Monitor currently owned by a thread:  ([mutex/lock_event])
[0x00007ffcb3a2f948] Metaspace_lock - owner thread: 0x00000274420ecd30

Heap address: 0x0000000080000000, size: 2048 MB, Compressed Oops mode: 32-bit

CDS archive(s) mapped at: [0x0000027443000000-0x0000027444bf0000-0x0000027444bf0000), size 29294592, SharedBaseAddress: 0x0000027443000000, ArchiveRelocationMode: 1.
Compressed class space mapped at: 0x0000027445000000-0x0000027485000000, reserved size: 1073741824
Narrow klass base: 0x0000027443000000, Narrow klass shift: 0, Narrow klass range: 0x100000000

GC Precious Log:
 CardTable entry size: 512
 Card Set container configuration: InlinePtr #cards 5 size 8 Array Of Cards #cards 12 size 40 Howl #buckets 4 coarsen threshold 1843 Howl Bitmap #cards 512 size 80 coarsen threshold 460 Card regions per heap region 1 cards per card region 2048
 CPUs: 20 total, 20 available
 Memory: 16227M
 Large Page Support: Disabled
 NUMA Support: Disabled
 Compressed Oops: Enabled (32-bit)
 Heap Region Size: 1M
 Heap Min Capacity: 128M
 Heap Initial Capacity: 128M
 Heap Max Capacity: 2G
 Pre-touch: Disabled
 Parallel Workers: 15
 Concurrent Workers: 4
 Concurrent Refinement Workers: 15
 Periodic GC: Disabled

Heap:
 garbage-first heap   total 1013760K, used 832352K [0x0000000080000000, 0x0000000100000000)
  region size 1024K, 476 young (487424K), 11 survivors (11264K)
 Metaspace       used 340118K, committed 345216K, reserved 1376256K
  class space    used 41769K, committed 43968K, reserved 1048576K

Heap Regions: E=young(eden), S=young(survivor), O=old, HS=humongous(starts), HC=humongous(continues), CS=collection set, F=free, TAMS=top-at-mark-start, PB=parsable bottom
|   0|0x0000000080000000, 0x0000000080100000, 0x0000000080100000|100%|HS|  |TAMS 0x0000000080000000| PB 0x0000000080000000| Complete 
|   1|0x0000000080100000, 0x0000000080200000, 0x0000000080200000|100%|HS|  |TAMS 0x0000000080100000| PB 0x0000000080100000| Complete 
|   2|0x0000000080200000, 0x0000000080300000, 0x0000000080300000|100%| O|  |TAMS 0x0000000080200000| PB 0x0000000080200000| Untracked 
|   3|0x0000000080300000, 0x0000000080400000, 0x0000000080400000|100%|HS|  |TAMS 0x0000000080300000| PB 0x0000000080300000| Complete 
|   4|0x0000000080400000, 0x0000000080500000, 0x0000000080500000|100%|HC|  |TAMS 0x0000000080400000| PB 0x0000000080400000| Complete 
|   5|0x0000000080500000, 0x0000000080600000, 0x0000000080600000|100%|HS|  |TAMS 0x0000000080500000| PB 0x0000000080500000| Complete 
|   6|0x0000000080600000, 0x0000000080700000, 0x0000000080700000|100%|HC|  |TAMS 0x0000000080600000| PB 0x0000000080600000| Complete 
|   7|0x0000000080700000, 0x0000000080800000, 0x0000000080800000|100%|HS|  |TAMS 0x0000000080700000| PB 0x0000000080700000| Complete 
|   8|0x0000000080800000, 0x0000000080900000, 0x0000000080900000|100%|HS|  |TAMS 0x0000000080800000| PB 0x0000000080800000| Complete 
|   9|0x0000000080900000, 0x0000000080a00000, 0x0000000080a00000|100%| O|  |TAMS 0x0000000080900000| PB 0x0000000080900000| Untracked 
|  10|0x0000000080a00000, 0x0000000080b00000, 0x0000000080b00000|100%| O|  |TAMS 0x0000000080a00000| PB 0x0000000080a00000| Untracked 
|  11|0x0000000080b00000, 0x0000000080bffff8, 0x0000000080c00000| 99%| O|  |TAMS 0x0000000080b00000| PB 0x0000000080b00000| Untracked 
|  12|0x0000000080c00000, 0x0000000080cee608, 0x0000000080d00000| 93%| O|  |TAMS 0x0000000080c00000| PB 0x0000000080c00000| Untracked 
|  13|0x0000000080d00000, 0x0000000080e00000, 0x0000000080e00000|100%| O|  |TAMS 0x0000000080d00000| PB 0x0000000080d00000| Untracked 
|  14|0x0000000080e00000, 0x0000000080ef0a70, 0x0000000080f00000| 94%| O|  |TAMS 0x0000000080e00000| PB 0x0000000080e00000| Untracked 
|  15|0x0000000080f00000, 0x0000000080ffefc0, 0x0000000081000000| 99%| O|  |TAMS 0x0000000080f00000| PB 0x0000000080f00000| Untracked 
|  16|0x0000000081000000, 0x00000000810cb7d0, 0x0000000081100000| 79%| O|  |TAMS 0x0000000081000000| PB 0x0000000081000000| Untracked 
|  17|0x0000000081100000, 0x0000000081200000, 0x0000000081200000|100%| O|  |TAMS 0x0000000081100000| PB 0x0000000081100000| Untracked 
|  18|0x0000000081200000, 0x0000000081300000, 0x0000000081300000|100%| O|  |TAMS 0x0000000081200000| PB 0x0000000081200000| Untracked 
|  19|0x0000000081300000, 0x0000000081400000, 0x0000000081400000|100%| O|  |TAMS 0x0000000081300000| PB 0x0000000081300000| Untracked 
|  20|0x0000000081400000, 0x0000000081500000, 0x0000000081500000|100%| O|  |TAMS 0x0000000081400000| PB 0x0000000081400000| Untracked 
|  21|0x0000000081500000, 0x0000000081600000, 0x0000000081600000|100%| O|  |TAMS 0x0000000081500000| PB 0x0000000081500000| Untracked 
|  22|0x0000000081600000, 0x0000000081700000, 0x0000000081700000|100%|HS|  |TAMS 0x0000000081600000| PB 0x0000000081600000| Complete 
|  23|0x0000000081700000, 0x0000000081800000, 0x0000000081800000|100%| O|  |TAMS 0x0000000081700000| PB 0x0000000081700000| Untracked 
|  24|0x0000000081800000, 0x0000000081900000, 0x0000000081900000|100%| O|  |TAMS 0x0000000081800000| PB 0x0000000081800000| Untracked 
|  25|0x0000000081900000, 0x0000000081a00000, 0x0000000081a00000|100%| O|  |TAMS 0x0000000081900000| PB 0x0000000081900000| Untracked 
|  26|0x0000000081a00000, 0x0000000081b00000, 0x0000000081b00000|100%| O|  |TAMS 0x0000000081a00000| PB 0x0000000081a00000| Untracked 
|  27|0x0000000081b00000, 0x0000000081c00000, 0x0000000081c00000|100%| O|  |TAMS 0x0000000081b00000| PB 0x0000000081b00000| Untracked 
|  28|0x0000000081c00000, 0x0000000081d00000, 0x0000000081d00000|100%| O|  |TAMS 0x0000000081c00000| PB 0x0000000081c00000| Untracked 
|  29|0x0000000081d00000, 0x0000000081e00000, 0x0000000081e00000|100%| O|  |TAMS 0x0000000081d00000| PB 0x0000000081d00000| Untracked 
|  30|0x0000000081e00000, 0x0000000081f00000, 0x0000000081f00000|100%| O|  |TAMS 0x0000000081e00000| PB 0x0000000081e00000| Untracked 
|  31|0x0000000081f00000, 0x0000000082000000, 0x0000000082000000|100%| O|  |TAMS 0x0000000081f00000| PB 0x0000000081f00000| Untracked 
|  32|0x0000000082000000, 0x0000000082100000, 0x0000000082100000|100%| O|  |TAMS 0x0000000082000000| PB 0x0000000082000000| Untracked 
|  33|0x0000000082100000, 0x0000000082200000, 0x0000000082200000|100%| O|  |TAMS 0x0000000082100000| PB 0x0000000082100000| Untracked 
|  34|0x0000000082200000, 0x0000000082300000, 0x0000000082300000|100%| O|  |TAMS 0x0000000082200000| PB 0x0000000082200000| Untracked 
|  35|0x0000000082300000, 0x0000000082400000, 0x0000000082400000|100%| O|  |TAMS 0x0000000082300000| PB 0x0000000082300000| Untracked 
|  36|0x0000000082400000, 0x0000000082500000, 0x0000000082500000|100%| O|  |TAMS 0x0000000082400000| PB 0x0000000082400000| Untracked 
|  37|0x0000000082500000, 0x0000000082600000, 0x0000000082600000|100%| O|  |TAMS 0x0000000082500000| PB 0x0000000082500000| Untracked 
|  38|0x0000000082600000, 0x0000000082700000, 0x0000000082700000|100%| O|  |TAMS 0x0000000082600000| PB 0x0000000082600000| Untracked 
|  39|0x0000000082700000, 0x0000000082800000, 0x0000000082800000|100%| O|  |TAMS 0x0000000082700000| PB 0x0000000082700000| Untracked 
|  40|0x0000000082800000, 0x0000000082900000, 0x0000000082900000|100%| O|  |TAMS 0x0000000082800000| PB 0x0000000082800000| Untracked 
|  41|0x0000000082900000, 0x0000000082a00000, 0x0000000082a00000|100%| O|  |TAMS 0x0000000082900000| PB 0x0000000082900000| Untracked 
|  42|0x0000000082a00000, 0x0000000082b00000, 0x0000000082b00000|100%| O|  |TAMS 0x0000000082a00000| PB 0x0000000082a00000| Untracked 
|  43|0x0000000082b00000, 0x0000000082c00000, 0x0000000082c00000|100%| O|  |TAMS 0x0000000082b00000| PB 0x0000000082b00000| Untracked 
|  44|0x0000000082c00000, 0x0000000082d00000, 0x0000000082d00000|100%| O|  |TAMS 0x0000000082c00000| PB 0x0000000082c00000| Untracked 
|  45|0x0000000082d00000, 0x0000000082e00000, 0x0000000082e00000|100%| O|  |TAMS 0x0000000082d00000| PB 0x0000000082d00000| Untracked 
|  46|0x0000000082e00000, 0x0000000082f00000, 0x0000000082f00000|100%| O|  |TAMS 0x0000000082e00000| PB 0x0000000082e00000| Untracked 
|  47|0x0000000082f00000, 0x0000000083000000, 0x0000000083000000|100%| O|  |TAMS 0x0000000082f00000| PB 0x0000000082f00000| Untracked 
|  48|0x0000000083000000, 0x0000000083100000, 0x0000000083100000|100%| O|  |TAMS 0x0000000083000000| PB 0x0000000083000000| Untracked 
|  49|0x0000000083100000, 0x0000000083200000, 0x0000000083200000|100%| O|  |TAMS 0x0000000083100000| PB 0x0000000083100000| Untracked 
|  50|0x0000000083200000, 0x0000000083300000, 0x0000000083300000|100%| O|  |TAMS 0x0000000083200000| PB 0x0000000083200000| Untracked 
|  51|0x0000000083300000, 0x0000000083400000, 0x0000000083400000|100%| O|  |TAMS 0x0000000083300000| PB 0x0000000083300000| Untracked 
|  52|0x0000000083400000, 0x0000000083500000, 0x0000000083500000|100%| O|  |TAMS 0x0000000083400000| PB 0x0000000083400000| Untracked 
|  53|0x0000000083500000, 0x0000000083600000, 0x0000000083600000|100%| O|  |TAMS 0x0000000083500000| PB 0x0000000083500000| Untracked 
|  54|0x0000000083600000, 0x0000000083700000, 0x0000000083700000|100%| O|  |TAMS 0x0000000083600000| PB 0x0000000083600000| Untracked 
|  55|0x0000000083700000, 0x0000000083800000, 0x0000000083800000|100%| O|  |TAMS 0x0000000083700000| PB 0x0000000083700000| Untracked 
|  56|0x0000000083800000, 0x0000000083900000, 0x0000000083900000|100%| O|  |TAMS 0x0000000083800000| PB 0x0000000083800000| Untracked 
|  57|0x0000000083900000, 0x0000000083a00000, 0x0000000083a00000|100%| O|  |TAMS 0x0000000083900000| PB 0x0000000083900000| Untracked 
|  58|0x0000000083a00000, 0x0000000083b00000, 0x0000000083b00000|100%| O|  |TAMS 0x0000000083a00000| PB 0x0000000083a00000| Untracked 
|  59|0x0000000083b00000, 0x0000000083c00000, 0x0000000083c00000|100%| O|  |TAMS 0x0000000083b00000| PB 0x0000000083b00000| Untracked 
|  60|0x0000000083c00000, 0x0000000083d00000, 0x0000000083d00000|100%| O|  |TAMS 0x0000000083c00000| PB 0x0000000083c00000| Untracked 
|  61|0x0000000083d00000, 0x0000000083e00000, 0x0000000083e00000|100%| O|  |TAMS 0x0000000083d00000| PB 0x0000000083d00000| Untracked 
|  62|0x0000000083e00000, 0x0000000083f00000, 0x0000000083f00000|100%| O|  |TAMS 0x0000000083e00000| PB 0x0000000083e00000| Untracked 
|  63|0x0000000083f00000, 0x0000000084000000, 0x0000000084000000|100%| O|  |TAMS 0x0000000083f00000| PB 0x0000000083f00000| Untracked 
|  64|0x0000000084000000, 0x0000000084100000, 0x0000000084100000|100%| O|  |TAMS 0x0000000084000000| PB 0x0000000084000000| Untracked 
|  65|0x0000000084100000, 0x0000000084200000, 0x0000000084200000|100%| O|  |TAMS 0x0000000084100000| PB 0x0000000084100000| Untracked 
|  66|0x0000000084200000, 0x0000000084300000, 0x0000000084300000|100%| O|  |TAMS 0x0000000084200000| PB 0x0000000084200000| Untracked 
|  67|0x0000000084300000, 0x0000000084400000, 0x0000000084400000|100%| O|  |TAMS 0x0000000084300000| PB 0x0000000084300000| Untracked 
|  68|0x0000000084400000, 0x0000000084500000, 0x0000000084500000|100%| O|  |TAMS 0x0000000084400000| PB 0x0000000084400000| Untracked 
|  69|0x0000000084500000, 0x0000000084600000, 0x0000000084600000|100%| O|  |TAMS 0x0000000084500000| PB 0x0000000084500000| Untracked 
|  70|0x0000000084600000, 0x0000000084700000, 0x0000000084700000|100%| O|  |TAMS 0x0000000084600000| PB 0x0000000084600000| Untracked 
|  71|0x0000000084700000, 0x0000000084800000, 0x0000000084800000|100%| O|  |TAMS 0x0000000084700000| PB 0x0000000084700000| Untracked 
|  72|0x0000000084800000, 0x0000000084900000, 0x0000000084900000|100%| O|  |TAMS 0x0000000084800000| PB 0x0000000084800000| Untracked 
|  73|0x0000000084900000, 0x0000000084a00000, 0x0000000084a00000|100%| O|  |TAMS 0x0000000084900000| PB 0x0000000084900000| Untracked 
|  74|0x0000000084a00000, 0x0000000084a00000, 0x0000000084b00000|  0%| F|  |TAMS 0x0000000084a00000| PB 0x0000000084a00000| Untracked 
|  75|0x0000000084b00000, 0x0000000084c00000, 0x0000000084c00000|100%| O|  |TAMS 0x0000000084b00000| PB 0x0000000084b00000| Untracked 
|  76|0x0000000084c00000, 0x0000000084d00000, 0x0000000084d00000|100%| O|  |TAMS 0x0000000084c00000| PB 0x0000000084c00000| Untracked 
|  77|0x0000000084d00000, 0x0000000084e00000, 0x0000000084e00000|100%| O|  |TAMS 0x0000000084d00000| PB 0x0000000084d00000| Untracked 
|  78|0x0000000084e00000, 0x0000000084f00000, 0x0000000084f00000|100%|HS|  |TAMS 0x0000000084e00000| PB 0x0000000084e00000| Complete 
|  79|0x0000000084f00000, 0x0000000085000000, 0x0000000085000000|100%|HC|  |TAMS 0x0000000084f00000| PB 0x0000000084f00000| Complete 
|  80|0x0000000085000000, 0x0000000085100000, 0x0000000085100000|100%|HC|  |TAMS 0x0000000085000000| PB 0x0000000085000000| Complete 
|  81|0x0000000085100000, 0x0000000085200000, 0x0000000085200000|100%|HC|  |TAMS 0x0000000085100000| PB 0x0000000085100000| Complete 
|  82|0x0000000085200000, 0x0000000085300000, 0x0000000085300000|100%|HC|  |TAMS 0x0000000085200000| PB 0x0000000085200000| Complete 
|  83|0x0000000085300000, 0x0000000085400000, 0x0000000085400000|100%|HC|  |TAMS 0x0000000085300000| PB 0x0000000085300000| Complete 
|  84|0x0000000085400000, 0x0000000085500000, 0x0000000085500000|100%|HC|  |TAMS 0x0000000085400000| PB 0x0000000085400000| Complete 
|  85|0x0000000085500000, 0x0000000085600000, 0x0000000085600000|100%|HC|  |TAMS 0x0000000085500000| PB 0x0000000085500000| Complete 
|  86|0x0000000085600000, 0x0000000085700000, 0x0000000085700000|100%|HC|  |TAMS 0x0000000085600000| PB 0x0000000085600000| Complete 
|  87|0x0000000085700000, 0x0000000085800000, 0x0000000085800000|100%| O|  |TAMS 0x0000000085700000| PB 0x0000000085700000| Untracked 
|  88|0x0000000085800000, 0x0000000085900000, 0x0000000085900000|100%| O|  |TAMS 0x0000000085800000| PB 0x0000000085800000| Untracked 
|  89|0x0000000085900000, 0x0000000085a00000, 0x0000000085a00000|100%| O|  |TAMS 0x0000000085900000| PB 0x0000000085900000| Untracked 
|  90|0x0000000085a00000, 0x0000000085b00000, 0x0000000085b00000|100%| O|  |TAMS 0x0000000085a00000| PB 0x0000000085a00000| Untracked 
|  91|0x0000000085b00000, 0x0000000085c00000, 0x0000000085c00000|100%| O|  |TAMS 0x0000000085b00000| PB 0x0000000085b00000| Untracked 
|  92|0x0000000085c00000, 0x0000000085d00000, 0x0000000085d00000|100%| O|  |TAMS 0x0000000085c00000| PB 0x0000000085c00000| Untracked 
|  93|0x0000000085d00000, 0x0000000085e00000, 0x0000000085e00000|100%| O|  |TAMS 0x0000000085d00000| PB 0x0000000085d00000| Untracked 
|  94|0x0000000085e00000, 0x0000000085f00000, 0x0000000085f00000|100%| O|  |TAMS 0x0000000085e00000| PB 0x0000000085e00000| Untracked 
|  95|0x0000000085f00000, 0x0000000086000000, 0x0000000086000000|100%| O|  |TAMS 0x0000000085f00000| PB 0x0000000085f00000| Untracked 
|  96|0x0000000086000000, 0x0000000086100000, 0x0000000086100000|100%| O|  |TAMS 0x0000000086000000| PB 0x0000000086000000| Untracked 
|  97|0x0000000086100000, 0x0000000086200000, 0x0000000086200000|100%| O|  |TAMS 0x0000000086100000| PB 0x0000000086100000| Untracked 
|  98|0x0000000086200000, 0x0000000086300000, 0x0000000086300000|100%| O|  |TAMS 0x0000000086200000| PB 0x0000000086200000| Untracked 
|  99|0x0000000086300000, 0x0000000086400000, 0x0000000086400000|100%|HS|  |TAMS 0x0000000086300000| PB 0x0000000086300000| Complete 
| 100|0x0000000086400000, 0x0000000086500000, 0x0000000086500000|100%|HC|  |TAMS 0x0000000086400000| PB 0x0000000086400000| Complete 
| 101|0x0000000086500000, 0x0000000086600000, 0x0000000086600000|100%|HS|  |TAMS 0x0000000086500000| PB 0x0000000086500000| Complete 
| 102|0x0000000086600000, 0x0000000086700000, 0x0000000086700000|100%|HC|  |TAMS 0x0000000086600000| PB 0x0000000086600000| Complete 
| 103|0x0000000086700000, 0x0000000086800000, 0x0000000086800000|100%| O|  |TAMS 0x0000000086700000| PB 0x0000000086700000| Untracked 
| 104|0x0000000086800000, 0x0000000086900000, 0x0000000086900000|100%| O|  |TAMS 0x0000000086800000| PB 0x0000000086800000| Untracked 
| 105|0x0000000086900000, 0x0000000086a00000, 0x0000000086a00000|100%| O|  |TAMS 0x0000000086900000| PB 0x0000000086900000| Untracked 
| 106|0x0000000086a00000, 0x0000000086b00000, 0x0000000086b00000|100%| O|  |TAMS 0x0000000086a00000| PB 0x0000000086a00000| Untracked 
| 107|0x0000000086b00000, 0x0000000086c00000, 0x0000000086c00000|100%| O|  |TAMS 0x0000000086b00000| PB 0x0000000086b00000| Untracked 
| 108|0x0000000086c00000, 0x0000000086d00000, 0x0000000086d00000|100%| O|  |TAMS 0x0000000086c00000| PB 0x0000000086c00000| Untracked 
| 109|0x0000000086d00000, 0x0000000086e00000, 0x0000000086e00000|100%| O|  |TAMS 0x0000000086d00000| PB 0x0000000086d00000| Untracked 
| 110|0x0000000086e00000, 0x0000000086f00000, 0x0000000086f00000|100%| O|  |TAMS 0x0000000086e00000| PB 0x0000000086e00000| Untracked 
| 111|0x0000000086f00000, 0x0000000087000000, 0x0000000087000000|100%| O|  |TAMS 0x0000000086f00000| PB 0x0000000086f00000| Untracked 
| 112|0x0000000087000000, 0x0000000087100000, 0x0000000087100000|100%| O|  |TAMS 0x0000000087000000| PB 0x0000000087000000| Untracked 
| 113|0x0000000087100000, 0x0000000087200000, 0x0000000087200000|100%| O|  |TAMS 0x0000000087100000| PB 0x0000000087100000| Untracked 
| 114|0x0000000087200000, 0x0000000087300000, 0x0000000087300000|100%| O|  |TAMS 0x0000000087200000| PB 0x0000000087200000| Untracked 
| 115|0x0000000087300000, 0x0000000087400000, 0x0000000087400000|100%| O|  |TAMS 0x0000000087300000| PB 0x0000000087300000| Untracked 
| 116|0x0000000087400000, 0x0000000087500000, 0x0000000087500000|100%| O|  |TAMS 0x0000000087400000| PB 0x0000000087400000| Untracked 
| 117|0x0000000087500000, 0x0000000087600000, 0x0000000087600000|100%| O|  |TAMS 0x0000000087500000| PB 0x0000000087500000| Untracked 
| 118|0x0000000087600000, 0x0000000087700000, 0x0000000087700000|100%| O|  |TAMS 0x0000000087600000| PB 0x0000000087600000| Untracked 
| 119|0x0000000087700000, 0x0000000087800000, 0x0000000087800000|100%| O|  |TAMS 0x0000000087700000| PB 0x0000000087700000| Untracked 
| 120|0x0000000087800000, 0x0000000087900000, 0x0000000087900000|100%| O|  |TAMS 0x0000000087800000| PB 0x0000000087800000| Untracked 
| 121|0x0000000087900000, 0x0000000087a00000, 0x0000000087a00000|100%| O|  |TAMS 0x0000000087900000| PB 0x0000000087900000| Untracked 
| 122|0x0000000087a00000, 0x0000000087b00000, 0x0000000087b00000|100%| O|  |TAMS 0x0000000087a00000| PB 0x0000000087a00000| Untracked 
| 123|0x0000000087b00000, 0x0000000087c00000, 0x0000000087c00000|100%| O|  |TAMS 0x0000000087b00000| PB 0x0000000087b00000| Untracked 
| 124|0x0000000087c00000, 0x0000000087d00000, 0x0000000087d00000|100%| O|  |TAMS 0x0000000087c00000| PB 0x0000000087c00000| Untracked 
| 125|0x0000000087d00000, 0x0000000087e00000, 0x0000000087e00000|100%| O|  |TAMS 0x0000000087d00000| PB 0x0000000087d00000| Untracked 
| 126|0x0000000087e00000, 0x0000000087f00000, 0x0000000087f00000|100%| O|  |TAMS 0x0000000087e00000| PB 0x0000000087e00000| Untracked 
| 127|0x0000000087f00000, 0x0000000088000000, 0x0000000088000000|100%| O|  |TAMS 0x0000000087f00000| PB 0x0000000087f00000| Untracked 
| 128|0x0000000088000000, 0x0000000088100000, 0x0000000088100000|100%| O|  |TAMS 0x0000000088000000| PB 0x0000000088000000| Untracked 
| 129|0x0000000088100000, 0x0000000088200000, 0x0000000088200000|100%| O|  |TAMS 0x0000000088100000| PB 0x0000000088100000| Untracked 
| 130|0x0000000088200000, 0x0000000088300000, 0x0000000088300000|100%| O|  |TAMS 0x0000000088200000| PB 0x0000000088200000| Untracked 
| 131|0x0000000088300000, 0x0000000088400000, 0x0000000088400000|100%| O|  |TAMS 0x0000000088300000| PB 0x0000000088300000| Untracked 
| 132|0x0000000088400000, 0x0000000088500000, 0x0000000088500000|100%| O|  |TAMS 0x0000000088400000| PB 0x0000000088400000| Untracked 
| 133|0x0000000088500000, 0x0000000088600000, 0x0000000088600000|100%| O|  |TAMS 0x0000000088500000| PB 0x0000000088500000| Untracked 
| 134|0x0000000088600000, 0x0000000088700000, 0x0000000088700000|100%| O|  |TAMS 0x0000000088600000| PB 0x0000000088600000| Untracked 
| 135|0x0000000088700000, 0x0000000088800000, 0x0000000088800000|100%| O|  |TAMS 0x0000000088700000| PB 0x0000000088700000| Untracked 
| 136|0x0000000088800000, 0x0000000088900000, 0x0000000088900000|100%| O|  |TAMS 0x0000000088800000| PB 0x0000000088800000| Untracked 
| 137|0x0000000088900000, 0x0000000088a00000, 0x0000000088a00000|100%| O|  |TAMS 0x0000000088900000| PB 0x0000000088900000| Untracked 
| 138|0x0000000088a00000, 0x0000000088b00000, 0x0000000088b00000|100%| O|  |TAMS 0x0000000088a00000| PB 0x0000000088a00000| Untracked 
| 139|0x0000000088b00000, 0x0000000088c00000, 0x0000000088c00000|100%| O|  |TAMS 0x0000000088b00000| PB 0x0000000088b00000| Untracked 
| 140|0x0000000088c00000, 0x0000000088d00000, 0x0000000088d00000|100%| O|  |TAMS 0x0000000088c00000| PB 0x0000000088c00000| Untracked 
| 141|0x0000000088d00000, 0x0000000088e00000, 0x0000000088e00000|100%| O|  |TAMS 0x0000000088d00000| PB 0x0000000088d00000| Untracked 
| 142|0x0000000088e00000, 0x0000000088f00000, 0x0000000088f00000|100%| O|  |TAMS 0x0000000088e00000| PB 0x0000000088e00000| Untracked 
| 143|0x0000000088f00000, 0x0000000089000000, 0x0000000089000000|100%| O|  |TAMS 0x0000000088f00000| PB 0x0000000088f00000| Untracked 
| 144|0x0000000089000000, 0x0000000089100000, 0x0000000089100000|100%| O|  |TAMS 0x0000000089000000| PB 0x0000000089000000| Untracked 
| 145|0x0000000089100000, 0x0000000089200000, 0x0000000089200000|100%| O|  |TAMS 0x0000000089100000| PB 0x0000000089100000| Untracked 
| 146|0x0000000089200000, 0x0000000089300000, 0x0000000089300000|100%| O|  |TAMS 0x0000000089200000| PB 0x0000000089200000| Untracked 
| 147|0x0000000089300000, 0x0000000089400000, 0x0000000089400000|100%| O|  |TAMS 0x0000000089300000| PB 0x0000000089300000| Untracked 
| 148|0x0000000089400000, 0x0000000089500000, 0x0000000089500000|100%| O|  |TAMS 0x0000000089400000| PB 0x0000000089400000| Untracked 
| 149|0x0000000089500000, 0x0000000089600000, 0x0000000089600000|100%| O|  |TAMS 0x0000000089500000| PB 0x0000000089500000| Untracked 
| 150|0x0000000089600000, 0x0000000089700000, 0x0000000089700000|100%| O|  |TAMS 0x0000000089600000| PB 0x0000000089600000| Untracked 
| 151|0x0000000089700000, 0x0000000089800000, 0x0000000089800000|100%| O|  |TAMS 0x0000000089700000| PB 0x0000000089700000| Untracked 
| 152|0x0000000089800000, 0x0000000089900000, 0x0000000089900000|100%| O|  |TAMS 0x0000000089800000| PB 0x0000000089800000| Untracked 
| 153|0x0000000089900000, 0x0000000089a00000, 0x0000000089a00000|100%| O|  |TAMS 0x0000000089900000| PB 0x0000000089900000| Untracked 
| 154|0x0000000089a00000, 0x0000000089b00000, 0x0000000089b00000|100%| O|  |TAMS 0x0000000089a00000| PB 0x0000000089a00000| Untracked 
| 155|0x0000000089b00000, 0x0000000089c00000, 0x0000000089c00000|100%| O|  |TAMS 0x0000000089b00000| PB 0x0000000089b00000| Untracked 
| 156|0x0000000089c00000, 0x0000000089d00000, 0x0000000089d00000|100%| O|  |TAMS 0x0000000089c00000| PB 0x0000000089c00000| Untracked 
| 157|0x0000000089d00000, 0x0000000089e00000, 0x0000000089e00000|100%| O|  |TAMS 0x0000000089d00000| PB 0x0000000089d00000| Untracked 
| 158|0x0000000089e00000, 0x0000000089f00000, 0x0000000089f00000|100%| O|  |TAMS 0x0000000089e00000| PB 0x0000000089e00000| Untracked 
| 159|0x0000000089f00000, 0x000000008a000000, 0x000000008a000000|100%|HS|  |TAMS 0x0000000089f00000| PB 0x0000000089f00000| Complete 
| 160|0x000000008a000000, 0x000000008a100000, 0x000000008a100000|100%| O|  |TAMS 0x000000008a000000| PB 0x000000008a000000| Untracked 
| 161|0x000000008a100000, 0x000000008a200000, 0x000000008a200000|100%| O|  |TAMS 0x000000008a100000| PB 0x000000008a100000| Untracked 
| 162|0x000000008a200000, 0x000000008a300000, 0x000000008a300000|100%| O|  |TAMS 0x000000008a200000| PB 0x000000008a200000| Untracked 
| 163|0x000000008a300000, 0x000000008a400000, 0x000000008a400000|100%| O|  |TAMS 0x000000008a300000| PB 0x000000008a300000| Untracked 
| 164|0x000000008a400000, 0x000000008a500000, 0x000000008a500000|100%| O|  |TAMS 0x000000008a400000| PB 0x000000008a400000| Untracked 
| 165|0x000000008a500000, 0x000000008a600000, 0x000000008a600000|100%| O|  |TAMS 0x000000008a500000| PB 0x000000008a500000| Untracked 
| 166|0x000000008a600000, 0x000000008a700000, 0x000000008a700000|100%| O|  |TAMS 0x000000008a600000| PB 0x000000008a600000| Untracked 
| 167|0x000000008a700000, 0x000000008a800000, 0x000000008a800000|100%| O|  |TAMS 0x000000008a700000| PB 0x000000008a700000| Untracked 
| 168|0x000000008a800000, 0x000000008a900000, 0x000000008a900000|100%| O|  |TAMS 0x000000008a800000| PB 0x000000008a800000| Untracked 
| 169|0x000000008a900000, 0x000000008aa00000, 0x000000008aa00000|100%| O|  |TAMS 0x000000008a900000| PB 0x000000008a900000| Untracked 
| 170|0x000000008aa00000, 0x000000008aa00000, 0x000000008ab00000|  0%| F|  |TAMS 0x000000008aa00000| PB 0x000000008aa00000| Untracked 
| 171|0x000000008ab00000, 0x000000008ac00000, 0x000000008ac00000|100%| O|  |TAMS 0x000000008ab00000| PB 0x000000008ab00000| Untracked 
| 172|0x000000008ac00000, 0x000000008ad00000, 0x000000008ad00000|100%| O|  |TAMS 0x000000008ac00000| PB 0x000000008ac00000| Untracked 
| 173|0x000000008ad00000, 0x000000008ae00000, 0x000000008ae00000|100%| O|  |TAMS 0x000000008ad00000| PB 0x000000008ad00000| Untracked 
| 174|0x000000008ae00000, 0x000000008ae00000, 0x000000008af00000|  0%| F|  |TAMS 0x000000008ae00000| PB 0x000000008ae00000| Untracked 
| 175|0x000000008af00000, 0x000000008b000000, 0x000000008b000000|100%| O|  |TAMS 0x000000008af00000| PB 0x000000008af00000| Untracked 
| 176|0x000000008b000000, 0x000000008b100000, 0x000000008b100000|100%| O|  |TAMS 0x000000008b000000| PB 0x000000008b000000| Untracked 
| 177|0x000000008b100000, 0x000000008b200000, 0x000000008b200000|100%| O|  |TAMS 0x000000008b100000| PB 0x000000008b100000| Untracked 
| 178|0x000000008b200000, 0x000000008b300000, 0x000000008b300000|100%| O|  |TAMS 0x000000008b200000| PB 0x000000008b200000| Untracked 
| 179|0x000000008b300000, 0x000000008b400000, 0x000000008b400000|100%| O|  |TAMS 0x000000008b300000| PB 0x000000008b300000| Untracked 
| 180|0x000000008b400000, 0x000000008b500000, 0x000000008b500000|100%| O|  |TAMS 0x000000008b400000| PB 0x000000008b400000| Untracked 
| 181|0x000000008b500000, 0x000000008b600000, 0x000000008b600000|100%| O|  |TAMS 0x000000008b500000| PB 0x000000008b500000| Untracked 
| 182|0x000000008b600000, 0x000000008b700000, 0x000000008b700000|100%| O|  |TAMS 0x000000008b600000| PB 0x000000008b600000| Untracked 
| 183|0x000000008b700000, 0x000000008b800000, 0x000000008b800000|100%| O|  |TAMS 0x000000008b700000| PB 0x000000008b700000| Untracked 
| 184|0x000000008b800000, 0x000000008b900000, 0x000000008b900000|100%| O|  |TAMS 0x000000008b800000| PB 0x000000008b800000| Untracked 
| 185|0x000000008b900000, 0x000000008ba00000, 0x000000008ba00000|100%| O|  |TAMS 0x000000008b900000| PB 0x000000008b900000| Untracked 
| 186|0x000000008ba00000, 0x000000008bb00000, 0x000000008bb00000|100%| O|  |TAMS 0x000000008ba00000| PB 0x000000008ba00000| Untracked 
| 187|0x000000008bb00000, 0x000000008bc00000, 0x000000008bc00000|100%| O|  |TAMS 0x000000008bb00000| PB 0x000000008bb00000| Untracked 
| 188|0x000000008bc00000, 0x000000008bd00000, 0x000000008bd00000|100%|HS|  |TAMS 0x000000008bc00000| PB 0x000000008bc00000| Complete 
| 189|0x000000008bd00000, 0x000000008be00000, 0x000000008be00000|100%|HC|  |TAMS 0x000000008bd00000| PB 0x000000008bd00000| Complete 
| 190|0x000000008be00000, 0x000000008bf00000, 0x000000008bf00000|100%|HC|  |TAMS 0x000000008be00000| PB 0x000000008be00000| Complete 
| 191|0x000000008bf00000, 0x000000008c000000, 0x000000008c000000|100%|HC|  |TAMS 0x000000008bf00000| PB 0x000000008bf00000| Complete 
| 192|0x000000008c000000, 0x000000008c100000, 0x000000008c100000|100%|HC|  |TAMS 0x000000008c000000| PB 0x000000008c000000| Complete 
| 193|0x000000008c100000, 0x000000008c200000, 0x000000008c200000|100%|HC|  |TAMS 0x000000008c100000| PB 0x000000008c100000| Complete 
| 194|0x000000008c200000, 0x000000008c300000, 0x000000008c300000|100%|HC|  |TAMS 0x000000008c200000| PB 0x000000008c200000| Complete 
| 195|0x000000008c300000, 0x000000008c400000, 0x000000008c400000|100%|HC|  |TAMS 0x000000008c300000| PB 0x000000008c300000| Complete 
| 196|0x000000008c400000, 0x000000008c500000, 0x000000008c500000|100%| O|  |TAMS 0x000000008c400000| PB 0x000000008c400000| Untracked 
| 197|0x000000008c500000, 0x000000008c500000, 0x000000008c600000|  0%| F|  |TAMS 0x000000008c500000| PB 0x000000008c500000| Untracked 
| 198|0x000000008c600000, 0x000000008c700000, 0x000000008c700000|100%| O|  |TAMS 0x000000008c600000| PB 0x000000008c600000| Untracked 
| 199|0x000000008c700000, 0x000000008c800000, 0x000000008c800000|100%| O|  |TAMS 0x000000008c700000| PB 0x000000008c700000| Untracked 
| 200|0x000000008c800000, 0x000000008c900000, 0x000000008c900000|100%| O|  |TAMS 0x000000008c800000| PB 0x000000008c800000| Untracked 
| 201|0x000000008c900000, 0x000000008c900000, 0x000000008ca00000|  0%| F|  |TAMS 0x000000008c900000| PB 0x000000008c900000| Untracked 
| 202|0x000000008ca00000, 0x000000008cb00000, 0x000000008cb00000|100%| O|  |TAMS 0x000000008ca00000| PB 0x000000008ca00000| Untracked 
| 203|0x000000008cb00000, 0x000000008cc00000, 0x000000008cc00000|100%| O|  |TAMS 0x000000008cb00000| PB 0x000000008cb00000| Untracked 
| 204|0x000000008cc00000, 0x000000008cd00000, 0x000000008cd00000|100%| O|  |TAMS 0x000000008cc00000| PB 0x000000008cc00000| Untracked 
| 205|0x000000008cd00000, 0x000000008ce00000, 0x000000008ce00000|100%| O|  |TAMS 0x000000008cd00000| PB 0x000000008cd00000| Untracked 
| 206|0x000000008ce00000, 0x000000008cf00000, 0x000000008cf00000|100%| O|  |TAMS 0x000000008ce00000| PB 0x000000008ce00000| Untracked 
| 207|0x000000008cf00000, 0x000000008d000000, 0x000000008d000000|100%| O|  |TAMS 0x000000008cf00000| PB 0x000000008cf00000| Untracked 
| 208|0x000000008d000000, 0x000000008d100000, 0x000000008d100000|100%| O|  |TAMS 0x000000008d000000| PB 0x000000008d000000| Untracked 
| 209|0x000000008d100000, 0x000000008d200000, 0x000000008d200000|100%| O|  |TAMS 0x000000008d100000| PB 0x000000008d100000| Untracked 
| 210|0x000000008d200000, 0x000000008d300000, 0x000000008d300000|100%| O|  |TAMS 0x000000008d200000| PB 0x000000008d200000| Untracked 
| 211|0x000000008d300000, 0x000000008d400000, 0x000000008d400000|100%| O|  |TAMS 0x000000008d300000| PB 0x000000008d300000| Untracked 
| 212|0x000000008d400000, 0x000000008d500000, 0x000000008d500000|100%| O|  |TAMS 0x000000008d400000| PB 0x000000008d400000| Untracked 
| 213|0x000000008d500000, 0x000000008d600000, 0x000000008d600000|100%| O|  |TAMS 0x000000008d500000| PB 0x000000008d500000| Untracked 
| 214|0x000000008d600000, 0x000000008d700000, 0x000000008d700000|100%| O|  |TAMS 0x000000008d600000| PB 0x000000008d600000| Untracked 
| 215|0x000000008d700000, 0x000000008d800000, 0x000000008d800000|100%| O|  |TAMS 0x000000008d700000| PB 0x000000008d700000| Untracked 
| 216|0x000000008d800000, 0x000000008d900000, 0x000000008d900000|100%| O|  |TAMS 0x000000008d800000| PB 0x000000008d800000| Untracked 
| 217|0x000000008d900000, 0x000000008da00000, 0x000000008da00000|100%| O|  |TAMS 0x000000008d900000| PB 0x000000008d900000| Untracked 
| 218|0x000000008da00000, 0x000000008db00000, 0x000000008db00000|100%| O|  |TAMS 0x000000008da00000| PB 0x000000008da00000| Untracked 
| 219|0x000000008db00000, 0x000000008dc00000, 0x000000008dc00000|100%| O|  |TAMS 0x000000008db00000| PB 0x000000008db00000| Untracked 
| 220|0x000000008dc00000, 0x000000008dd00000, 0x000000008dd00000|100%| O|  |TAMS 0x000000008dc00000| PB 0x000000008dc00000| Untracked 
| 221|0x000000008dd00000, 0x000000008de00000, 0x000000008de00000|100%| O|  |TAMS 0x000000008dd00000| PB 0x000000008dd00000| Untracked 
| 222|0x000000008de00000, 0x000000008df00000, 0x000000008df00000|100%| O|  |TAMS 0x000000008de00000| PB 0x000000008de00000| Untracked 
| 223|0x000000008df00000, 0x000000008e000000, 0x000000008e000000|100%| O|  |TAMS 0x000000008df00000| PB 0x000000008df00000| Untracked 
| 224|0x000000008e000000, 0x000000008e100000, 0x000000008e100000|100%| O|  |TAMS 0x000000008e000000| PB 0x000000008e000000| Untracked 
| 225|0x000000008e100000, 0x000000008e200000, 0x000000008e200000|100%| O|  |TAMS 0x000000008e100000| PB 0x000000008e100000| Untracked 
| 226|0x000000008e200000, 0x000000008e300000, 0x000000008e300000|100%| O|  |TAMS 0x000000008e200000| PB 0x000000008e200000| Untracked 
| 227|0x000000008e300000, 0x000000008e400000, 0x000000008e400000|100%| O|  |TAMS 0x000000008e300000| PB 0x000000008e300000| Untracked 
| 228|0x000000008e400000, 0x000000008e500000, 0x000000008e500000|100%| O|  |TAMS 0x000000008e400000| PB 0x000000008e400000| Untracked 
| 229|0x000000008e500000, 0x000000008e600000, 0x000000008e600000|100%| O|  |TAMS 0x000000008e500000| PB 0x000000008e500000| Untracked 
| 230|0x000000008e600000, 0x000000008e600000, 0x000000008e700000|  0%| F|  |TAMS 0x000000008e600000| PB 0x000000008e600000| Untracked 
| 231|0x000000008e700000, 0x000000008e800000, 0x000000008e800000|100%| O|  |TAMS 0x000000008e700000| PB 0x000000008e700000| Untracked 
| 232|0x000000008e800000, 0x000000008e900000, 0x000000008e900000|100%| O|  |TAMS 0x000000008e800000| PB 0x000000008e800000| Untracked 
| 233|0x000000008e900000, 0x000000008ea00000, 0x000000008ea00000|100%| O|  |TAMS 0x000000008e900000| PB 0x000000008e900000| Untracked 
| 234|0x000000008ea00000, 0x000000008eb00000, 0x000000008eb00000|100%| O|  |TAMS 0x000000008ea00000| PB 0x000000008ea00000| Untracked 
| 235|0x000000008eb00000, 0x000000008ec00000, 0x000000008ec00000|100%| O|  |TAMS 0x000000008eb00000| PB 0x000000008eb00000| Untracked 
| 236|0x000000008ec00000, 0x000000008ed00000, 0x000000008ed00000|100%| O|  |TAMS 0x000000008ec00000| PB 0x000000008ec00000| Untracked 
| 237|0x000000008ed00000, 0x000000008ee00000, 0x000000008ee00000|100%| O|  |TAMS 0x000000008ed00000| PB 0x000000008ed00000| Untracked 
| 238|0x000000008ee00000, 0x000000008ef00000, 0x000000008ef00000|100%| O|  |TAMS 0x000000008ee00000| PB 0x000000008ee00000| Untracked 
| 239|0x000000008ef00000, 0x000000008f000000, 0x000000008f000000|100%| O|  |TAMS 0x000000008ef00000| PB 0x000000008ef00000| Untracked 
| 240|0x000000008f000000, 0x000000008f100000, 0x000000008f100000|100%| O|  |TAMS 0x000000008f000000| PB 0x000000008f000000| Untracked 
| 241|0x000000008f100000, 0x000000008f200000, 0x000000008f200000|100%| O|  |TAMS 0x000000008f100000| PB 0x000000008f100000| Untracked 
| 242|0x000000008f200000, 0x000000008f300000, 0x000000008f300000|100%| O|  |TAMS 0x000000008f200000| PB 0x000000008f200000| Untracked 
| 243|0x000000008f300000, 0x000000008f300000, 0x000000008f400000|  0%| F|  |TAMS 0x000000008f300000| PB 0x000000008f300000| Untracked 
| 244|0x000000008f400000, 0x000000008f500000, 0x000000008f500000|100%| O|  |TAMS 0x000000008f400000| PB 0x000000008f400000| Untracked 
| 245|0x000000008f500000, 0x000000008f600000, 0x000000008f600000|100%| O|  |TAMS 0x000000008f500000| PB 0x000000008f500000| Untracked 
| 246|0x000000008f600000, 0x000000008f700000, 0x000000008f700000|100%| O|  |TAMS 0x000000008f600000| PB 0x000000008f600000| Untracked 
| 247|0x000000008f700000, 0x000000008f800000, 0x000000008f800000|100%| O|  |TAMS 0x000000008f700000| PB 0x000000008f700000| Untracked 
| 248|0x000000008f800000, 0x000000008f900000, 0x000000008f900000|100%| O|  |TAMS 0x000000008f800000| PB 0x000000008f800000| Untracked 
| 249|0x000000008f900000, 0x000000008fa00000, 0x000000008fa00000|100%| O|  |TAMS 0x000000008f900000| PB 0x000000008f900000| Untracked 
| 250|0x000000008fa00000, 0x000000008fb00000, 0x000000008fb00000|100%| O|  |TAMS 0x000000008fa00000| PB 0x000000008fa00000| Untracked 
| 251|0x000000008fb00000, 0x000000008fc00000, 0x000000008fc00000|100%| O|  |TAMS 0x000000008fb00000| PB 0x000000008fb00000| Untracked 
| 252|0x000000008fc00000, 0x000000008fd00000, 0x000000008fd00000|100%| O|  |TAMS 0x000000008fc00000| PB 0x000000008fc00000| Untracked 
| 253|0x000000008fd00000, 0x000000008fe00000, 0x000000008fe00000|100%|HS|  |TAMS 0x000000008fd00000| PB 0x000000008fd00000| Complete 
| 254|0x000000008fe00000, 0x000000008ff00000, 0x000000008ff00000|100%| O|  |TAMS 0x000000008fe00000| PB 0x000000008fe00000| Untracked 
| 255|0x000000008ff00000, 0x0000000090000000, 0x0000000090000000|100%| O|  |TAMS 0x000000008ff00000| PB 0x000000008ff00000| Untracked 
| 256|0x0000000090000000, 0x0000000090100000, 0x0000000090100000|100%| O|  |TAMS 0x0000000090000000| PB 0x0000000090000000| Untracked 
| 257|0x0000000090100000, 0x0000000090200000, 0x0000000090200000|100%| O|  |TAMS 0x0000000090100000| PB 0x0000000090100000| Untracked 
| 258|0x0000000090200000, 0x0000000090300000, 0x0000000090300000|100%| O|  |TAMS 0x0000000090200000| PB 0x0000000090200000| Untracked 
| 259|0x0000000090300000, 0x0000000090400000, 0x0000000090400000|100%| O|  |TAMS 0x0000000090300000| PB 0x0000000090300000| Untracked 
| 260|0x0000000090400000, 0x0000000090500000, 0x0000000090500000|100%| O|  |TAMS 0x0000000090400000| PB 0x0000000090400000| Untracked 
| 261|0x0000000090500000, 0x0000000090600000, 0x0000000090600000|100%| O|  |TAMS 0x0000000090500000| PB 0x0000000090500000| Untracked 
| 262|0x0000000090600000, 0x0000000090700000, 0x0000000090700000|100%| O|  |TAMS 0x0000000090600000| PB 0x0000000090600000| Untracked 
| 263|0x0000000090700000, 0x0000000090800000, 0x0000000090800000|100%| O|  |TAMS 0x0000000090700000| PB 0x0000000090700000| Untracked 
| 264|0x0000000090800000, 0x0000000090900000, 0x0000000090900000|100%| O|  |TAMS 0x0000000090800000| PB 0x0000000090800000| Untracked 
| 265|0x0000000090900000, 0x0000000090936e80, 0x0000000090a00000| 21%| O|  |TAMS 0x0000000090900000| PB 0x0000000090900000| Untracked 
| 266|0x0000000090a00000, 0x0000000090b00000, 0x0000000090b00000|100%| O|  |TAMS 0x0000000090a00000| PB 0x0000000090a00000| Untracked 
| 267|0x0000000090b00000, 0x0000000090c00000, 0x0000000090c00000|100%|HS|  |TAMS 0x0000000090b00000| PB 0x0000000090b00000| Complete 
| 268|0x0000000090c00000, 0x0000000090d00000, 0x0000000090d00000|100%| O|  |TAMS 0x0000000090c00000| PB 0x0000000090c00000| Untracked 
| 269|0x0000000090d00000, 0x0000000090d00000, 0x0000000090e00000|  0%| F|  |TAMS 0x0000000090d00000| PB 0x0000000090d00000| Untracked 
| 270|0x0000000090e00000, 0x0000000090f00000, 0x0000000090f00000|100%| O|  |TAMS 0x0000000090e00000| PB 0x0000000090e00000| Untracked 
| 271|0x0000000090f00000, 0x0000000091000000, 0x0000000091000000|100%| O|  |TAMS 0x0000000090f00000| PB 0x0000000090f00000| Untracked 
| 272|0x0000000091000000, 0x0000000091100000, 0x0000000091100000|100%| O|  |TAMS 0x0000000091000000| PB 0x0000000091000000| Untracked 
| 273|0x0000000091100000, 0x0000000091200000, 0x0000000091200000|100%| O|  |TAMS 0x0000000091100000| PB 0x0000000091100000| Untracked 
| 274|0x0000000091200000, 0x0000000091200000, 0x0000000091300000|  0%| F|  |TAMS 0x0000000091200000| PB 0x0000000091200000| Untracked 
| 275|0x0000000091300000, 0x0000000091400000, 0x0000000091400000|100%| O|  |TAMS 0x0000000091300000| PB 0x0000000091300000| Untracked 
| 276|0x0000000091400000, 0x0000000091500000, 0x0000000091500000|100%| O|  |TAMS 0x0000000091400000| PB 0x0000000091400000| Untracked 
| 277|0x0000000091500000, 0x0000000091600000, 0x0000000091600000|100%| O|  |TAMS 0x0000000091500000| PB 0x0000000091500000| Untracked 
| 278|0x0000000091600000, 0x0000000091700000, 0x0000000091700000|100%| O|  |TAMS 0x0000000091600000| PB 0x0000000091600000| Untracked 
| 279|0x0000000091700000, 0x0000000091700000, 0x0000000091800000|  0%| F|  |TAMS 0x0000000091700000| PB 0x0000000091700000| Untracked 
| 280|0x0000000091800000, 0x0000000091800000, 0x0000000091900000|  0%| F|  |TAMS 0x0000000091800000| PB 0x0000000091800000| Untracked 
| 281|0x0000000091900000, 0x0000000091900000, 0x0000000091a00000|  0%| F|  |TAMS 0x0000000091900000| PB 0x0000000091900000| Untracked 
| 282|0x0000000091a00000, 0x0000000091a00000, 0x0000000091b00000|  0%| F|  |TAMS 0x0000000091a00000| PB 0x0000000091a00000| Untracked 
| 283|0x0000000091b00000, 0x0000000091b00000, 0x0000000091c00000|  0%| F|  |TAMS 0x0000000091b00000| PB 0x0000000091b00000| Untracked 
| 284|0x0000000091c00000, 0x0000000091c00000, 0x0000000091d00000|  0%| F|  |TAMS 0x0000000091c00000| PB 0x0000000091c00000| Untracked 
| 285|0x0000000091d00000, 0x0000000091d00000, 0x0000000091e00000|  0%| F|  |TAMS 0x0000000091d00000| PB 0x0000000091d00000| Untracked 
| 286|0x0000000091e00000, 0x0000000091e00000, 0x0000000091f00000|  0%| F|  |TAMS 0x0000000091e00000| PB 0x0000000091e00000| Untracked 
| 287|0x0000000091f00000, 0x0000000092000000, 0x0000000092000000|100%| O|  |TAMS 0x0000000091f00000| PB 0x0000000091f00000| Untracked 
| 288|0x0000000092000000, 0x0000000092000000, 0x0000000092100000|  0%| F|  |TAMS 0x0000000092000000| PB 0x0000000092000000| Untracked 
| 289|0x0000000092100000, 0x0000000092100000, 0x0000000092200000|  0%| F|  |TAMS 0x0000000092100000| PB 0x0000000092100000| Untracked 
| 290|0x0000000092200000, 0x0000000092200000, 0x0000000092300000|  0%| F|  |TAMS 0x0000000092200000| PB 0x0000000092200000| Untracked 
| 291|0x0000000092300000, 0x0000000092300000, 0x0000000092400000|  0%| F|  |TAMS 0x0000000092300000| PB 0x0000000092300000| Untracked 
| 292|0x0000000092400000, 0x0000000092400000, 0x0000000092500000|  0%| F|  |TAMS 0x0000000092400000| PB 0x0000000092400000| Untracked 
| 293|0x0000000092500000, 0x0000000092500000, 0x0000000092600000|  0%| F|  |TAMS 0x0000000092500000| PB 0x0000000092500000| Untracked 
| 294|0x0000000092600000, 0x0000000092700000, 0x0000000092700000|100%| O|  |TAMS 0x0000000092600000| PB 0x0000000092600000| Untracked 
| 295|0x0000000092700000, 0x0000000092700000, 0x0000000092800000|  0%| F|  |TAMS 0x0000000092700000| PB 0x0000000092700000| Untracked 
| 296|0x0000000092800000, 0x0000000092800000, 0x0000000092900000|  0%| F|  |TAMS 0x0000000092800000| PB 0x0000000092800000| Untracked 
| 297|0x0000000092900000, 0x0000000092900000, 0x0000000092a00000|  0%| F|  |TAMS 0x0000000092900000| PB 0x0000000092900000| Untracked 
| 298|0x0000000092a00000, 0x0000000092a00000, 0x0000000092b00000|  0%| F|  |TAMS 0x0000000092a00000| PB 0x0000000092a00000| Untracked 
| 299|0x0000000092b00000, 0x0000000092b00000, 0x0000000092c00000|  0%| F|  |TAMS 0x0000000092b00000| PB 0x0000000092b00000| Untracked 
| 300|0x0000000092c00000, 0x0000000092c00000, 0x0000000092d00000|  0%| F|  |TAMS 0x0000000092c00000| PB 0x0000000092c00000| Untracked 
| 301|0x0000000092d00000, 0x0000000092d00000, 0x0000000092e00000|  0%| F|  |TAMS 0x0000000092d00000| PB 0x0000000092d00000| Untracked 
| 302|0x0000000092e00000, 0x0000000092e00000, 0x0000000092f00000|  0%| F|  |TAMS 0x0000000092e00000| PB 0x0000000092e00000| Untracked 
| 303|0x0000000092f00000, 0x0000000093000000, 0x0000000093000000|100%| O|  |TAMS 0x0000000092f00000| PB 0x0000000092f00000| Untracked 
| 304|0x0000000093000000, 0x0000000093100000, 0x0000000093100000|100%|HS|  |TAMS 0x0000000093000000| PB 0x0000000093000000| Complete 
| 305|0x0000000093100000, 0x0000000093200000, 0x0000000093200000|100%|HC|  |TAMS 0x0000000093100000| PB 0x0000000093100000| Complete 
| 306|0x0000000093200000, 0x0000000093300000, 0x0000000093300000|100%|HC|  |TAMS 0x0000000093200000| PB 0x0000000093200000| Complete 
| 307|0x0000000093300000, 0x0000000093300000, 0x0000000093400000|  0%| F|  |TAMS 0x0000000093300000| PB 0x0000000093300000| Untracked 
| 308|0x0000000093400000, 0x0000000093400000, 0x0000000093500000|  0%| F|  |TAMS 0x0000000093400000| PB 0x0000000093400000| Untracked 
| 309|0x0000000093500000, 0x0000000093500000, 0x0000000093600000|  0%| F|  |TAMS 0x0000000093500000| PB 0x0000000093500000| Untracked 
| 310|0x0000000093600000, 0x0000000093600000, 0x0000000093700000|  0%| F|  |TAMS 0x0000000093600000| PB 0x0000000093600000| Untracked 
| 311|0x0000000093700000, 0x0000000093800000, 0x0000000093800000|100%|HS|  |TAMS 0x0000000093700000| PB 0x0000000093700000| Complete 
| 312|0x0000000093800000, 0x0000000093900000, 0x0000000093900000|100%|HC|  |TAMS 0x0000000093800000| PB 0x0000000093800000| Complete 
| 313|0x0000000093900000, 0x0000000093a00000, 0x0000000093a00000|100%|HC|  |TAMS 0x0000000093900000| PB 0x0000000093900000| Complete 
| 314|0x0000000093a00000, 0x0000000093b00000, 0x0000000093b00000|100%| O|  |TAMS 0x0000000093a00000| PB 0x0000000093a00000| Untracked 
| 315|0x0000000093b00000, 0x0000000093c00000, 0x0000000093c00000|100%| O|  |TAMS 0x0000000093b00000| PB 0x0000000093b00000| Untracked 
| 316|0x0000000093c00000, 0x0000000093c00000, 0x0000000093d00000|  0%| F|  |TAMS 0x0000000093c00000| PB 0x0000000093c00000| Untracked 
| 317|0x0000000093d00000, 0x0000000093e00000, 0x0000000093e00000|100%| O|  |TAMS 0x0000000093d00000| PB 0x0000000093d00000| Untracked 
| 318|0x0000000093e00000, 0x0000000093f00000, 0x0000000093f00000|100%| O|  |TAMS 0x0000000093e00000| PB 0x0000000093e00000| Untracked 
| 319|0x0000000093f00000, 0x0000000094000000, 0x0000000094000000|100%| O|  |TAMS 0x0000000093f00000| PB 0x0000000093f00000| Untracked 
| 320|0x0000000094000000, 0x0000000094100000, 0x0000000094100000|100%| O|  |TAMS 0x0000000094000000| PB 0x0000000094000000| Untracked 
| 321|0x0000000094100000, 0x0000000094200000, 0x0000000094200000|100%| O|  |TAMS 0x0000000094100000| PB 0x0000000094100000| Untracked 
| 322|0x0000000094200000, 0x0000000094300000, 0x0000000094300000|100%| O|  |TAMS 0x0000000094200000| PB 0x0000000094200000| Untracked 
| 323|0x0000000094300000, 0x0000000094400000, 0x0000000094400000|100%| O|  |TAMS 0x0000000094300000| PB 0x0000000094300000| Untracked 
| 324|0x0000000094400000, 0x0000000094500000, 0x0000000094500000|100%| O|  |TAMS 0x0000000094400000| PB 0x0000000094400000| Untracked 
| 325|0x0000000094500000, 0x0000000094600000, 0x0000000094600000|100%| O|  |TAMS 0x0000000094500000| PB 0x0000000094500000| Untracked 
| 326|0x0000000094600000, 0x0000000094700000, 0x0000000094700000|100%| O|  |TAMS 0x0000000094600000| PB 0x0000000094600000| Untracked 
| 327|0x0000000094700000, 0x0000000094800000, 0x0000000094800000|100%| O|  |TAMS 0x0000000094700000| PB 0x0000000094700000| Untracked 
| 328|0x0000000094800000, 0x0000000094900000, 0x0000000094900000|100%| O|  |TAMS 0x0000000094800000| PB 0x0000000094800000| Untracked 
| 329|0x0000000094900000, 0x0000000094a00000, 0x0000000094a00000|100%| O|  |TAMS 0x0000000094900000| PB 0x0000000094900000| Untracked 
| 330|0x0000000094a00000, 0x0000000094b00000, 0x0000000094b00000|100%| O|  |TAMS 0x0000000094a00000| PB 0x0000000094a00000| Untracked 
| 331|0x0000000094b00000, 0x0000000094b00000, 0x0000000094c00000|  0%| F|  |TAMS 0x0000000094b00000| PB 0x0000000094b00000| Untracked 
| 332|0x0000000094c00000, 0x0000000094d00000, 0x0000000094d00000|100%| O|  |TAMS 0x0000000094c00000| PB 0x0000000094c00000| Untracked 
| 333|0x0000000094d00000, 0x0000000094d00000, 0x0000000094e00000|  0%| F|  |TAMS 0x0000000094d00000| PB 0x0000000094d00000| Untracked 
| 334|0x0000000094e00000, 0x0000000094f00000, 0x0000000094f00000|100%| O|  |TAMS 0x0000000094e00000| PB 0x0000000094e00000| Untracked 
| 335|0x0000000094f00000, 0x0000000095000000, 0x0000000095000000|100%| O|  |TAMS 0x0000000094f00000| PB 0x0000000094f00000| Untracked 
| 336|0x0000000095000000, 0x0000000095100000, 0x0000000095100000|100%| O|  |TAMS 0x0000000095000000| PB 0x0000000095000000| Untracked 
| 337|0x0000000095100000, 0x0000000095200000, 0x0000000095200000|100%| O|  |TAMS 0x0000000095100000| PB 0x0000000095100000| Untracked 
| 338|0x0000000095200000, 0x0000000095300000, 0x0000000095300000|100%| O|  |TAMS 0x0000000095200000| PB 0x0000000095200000| Untracked 
| 339|0x0000000095300000, 0x0000000095400000, 0x0000000095400000|100%| O|  |TAMS 0x0000000095300000| PB 0x0000000095300000| Untracked 
| 340|0x0000000095400000, 0x0000000095400000, 0x0000000095500000|  0%| F|  |TAMS 0x0000000095400000| PB 0x0000000095400000| Untracked 
| 341|0x0000000095500000, 0x0000000095600000, 0x0000000095600000|100%| O|  |TAMS 0x0000000095500000| PB 0x0000000095500000| Untracked 
| 342|0x0000000095600000, 0x0000000095700000, 0x0000000095700000|100%| O|  |TAMS 0x0000000095600000| PB 0x0000000095600000| Untracked 
| 343|0x0000000095700000, 0x0000000095800000, 0x0000000095800000|100%| O|  |TAMS 0x0000000095700000| PB 0x0000000095700000| Untracked 
| 344|0x0000000095800000, 0x0000000095900000, 0x0000000095900000|100%| O|  |TAMS 0x0000000095800000| PB 0x0000000095800000| Untracked 
| 345|0x0000000095900000, 0x0000000095a00000, 0x0000000095a00000|100%| O|  |TAMS 0x0000000095900000| PB 0x0000000095900000| Untracked 
| 346|0x0000000095a00000, 0x0000000095b00000, 0x0000000095b00000|100%| O|  |TAMS 0x0000000095a00000| PB 0x0000000095a00000| Untracked 
| 347|0x0000000095b00000, 0x0000000095c00000, 0x0000000095c00000|100%| O|  |TAMS 0x0000000095b00000| PB 0x0000000095b00000| Untracked 
| 348|0x0000000095c00000, 0x0000000095d00000, 0x0000000095d00000|100%| O|  |TAMS 0x0000000095c00000| PB 0x0000000095c00000| Untracked 
| 349|0x0000000095d00000, 0x0000000095e00000, 0x0000000095e00000|100%| O|  |TAMS 0x0000000095d00000| PB 0x0000000095d00000| Untracked 
| 350|0x0000000095e00000, 0x0000000095e00000, 0x0000000095f00000|  0%| F|  |TAMS 0x0000000095e00000| PB 0x0000000095e00000| Untracked 
| 351|0x0000000095f00000, 0x0000000095f00000, 0x0000000096000000|  0%| F|  |TAMS 0x0000000095f00000| PB 0x0000000095f00000| Untracked 
| 352|0x0000000096000000, 0x0000000096000000, 0x0000000096100000|  0%| F|  |TAMS 0x0000000096000000| PB 0x0000000096000000| Untracked 
| 353|0x0000000096100000, 0x0000000096100000, 0x0000000096200000|  0%| F|  |TAMS 0x0000000096100000| PB 0x0000000096100000| Untracked 
| 354|0x0000000096200000, 0x0000000096200000, 0x0000000096300000|  0%| F|  |TAMS 0x0000000096200000| PB 0x0000000096200000| Untracked 
| 355|0x0000000096300000, 0x0000000096300000, 0x0000000096400000|  0%| F|  |TAMS 0x0000000096300000| PB 0x0000000096300000| Untracked 
| 356|0x0000000096400000, 0x0000000096500000, 0x0000000096500000|100%|HS|  |TAMS 0x0000000096400000| PB 0x0000000096400000| Complete 
| 357|0x0000000096500000, 0x0000000096600000, 0x0000000096600000|100%|HC|  |TAMS 0x0000000096500000| PB 0x0000000096500000| Complete 
| 358|0x0000000096600000, 0x0000000096700000, 0x0000000096700000|100%|HC|  |TAMS 0x0000000096600000| PB 0x0000000096600000| Complete 
| 359|0x0000000096700000, 0x0000000096800000, 0x0000000096800000|100%|HC|  |TAMS 0x0000000096700000| PB 0x0000000096700000| Complete 
| 360|0x0000000096800000, 0x0000000096900000, 0x0000000096900000|100%|HC|  |TAMS 0x0000000096800000| PB 0x0000000096800000| Complete 
| 361|0x0000000096900000, 0x0000000096a00000, 0x0000000096a00000|100%|HC|  |TAMS 0x0000000096900000| PB 0x0000000096900000| Complete 
| 362|0x0000000096a00000, 0x0000000096a00000, 0x0000000096b00000|  0%| F|  |TAMS 0x0000000096a00000| PB 0x0000000096a00000| Untracked 
| 363|0x0000000096b00000, 0x0000000096b00000, 0x0000000096c00000|  0%| F|  |TAMS 0x0000000096b00000| PB 0x0000000096b00000| Untracked 
| 364|0x0000000096c00000, 0x0000000096c00000, 0x0000000096d00000|  0%| F|  |TAMS 0x0000000096c00000| PB 0x0000000096c00000| Untracked 
| 365|0x0000000096d00000, 0x0000000096d00000, 0x0000000096e00000|  0%| F|  |TAMS 0x0000000096d00000| PB 0x0000000096d00000| Untracked 
| 366|0x0000000096e00000, 0x0000000096e00000, 0x0000000096f00000|  0%| F|  |TAMS 0x0000000096e00000| PB 0x0000000096e00000| Untracked 
| 367|0x0000000096f00000, 0x0000000096f00000, 0x0000000097000000|  0%| F|  |TAMS 0x0000000096f00000| PB 0x0000000096f00000| Untracked 
| 368|0x0000000097000000, 0x00000000970f7a80, 0x0000000097100000| 96%| S|CS|TAMS 0x0000000097000000| PB 0x0000000097000000| Complete 
| 369|0x0000000097100000, 0x0000000097200000, 0x0000000097200000|100%| S|CS|TAMS 0x0000000097100000| PB 0x0000000097100000| Complete 
| 370|0x0000000097200000, 0x0000000097300000, 0x0000000097300000|100%| S|CS|TAMS 0x0000000097200000| PB 0x0000000097200000| Complete 
| 371|0x0000000097300000, 0x0000000097400000, 0x0000000097400000|100%|HS|  |TAMS 0x0000000097300000| PB 0x0000000097300000| Complete 
| 372|0x0000000097400000, 0x0000000097500000, 0x0000000097500000|100%|HC|  |TAMS 0x0000000097400000| PB 0x0000000097400000| Complete 
| 373|0x0000000097500000, 0x0000000097600000, 0x0000000097600000|100%| S|CS|TAMS 0x0000000097500000| PB 0x0000000097500000| Complete 
| 374|0x0000000097600000, 0x0000000097700000, 0x0000000097700000|100%| S|CS|TAMS 0x0000000097600000| PB 0x0000000097600000| Complete 
| 375|0x0000000097700000, 0x0000000097800000, 0x0000000097800000|100%| S|CS|TAMS 0x0000000097700000| PB 0x0000000097700000| Complete 
| 376|0x0000000097800000, 0x0000000097900000, 0x0000000097900000|100%| S|CS|TAMS 0x0000000097800000| PB 0x0000000097800000| Complete 
| 377|0x0000000097900000, 0x0000000097a00000, 0x0000000097a00000|100%| S|CS|TAMS 0x0000000097900000| PB 0x0000000097900000| Complete 
| 378|0x0000000097a00000, 0x0000000097a00000, 0x0000000097b00000|  0%| F|  |TAMS 0x0000000097a00000| PB 0x0000000097a00000| Untracked 
| 379|0x0000000097b00000, 0x0000000097b00000, 0x0000000097c00000|  0%| F|  |TAMS 0x0000000097b00000| PB 0x0000000097b00000| Untracked 
| 380|0x0000000097c00000, 0x0000000097c00000, 0x0000000097d00000|  0%| F|  |TAMS 0x0000000097c00000| PB 0x0000000097c00000| Untracked 
| 381|0x0000000097d00000, 0x0000000097e00000, 0x0000000097e00000|100%| S|CS|TAMS 0x0000000097d00000| PB 0x0000000097d00000| Complete 
| 382|0x0000000097e00000, 0x0000000097f00000, 0x0000000097f00000|100%| S|CS|TAMS 0x0000000097e00000| PB 0x0000000097e00000| Complete 
| 383|0x0000000097f00000, 0x0000000098000000, 0x0000000098000000|100%| S|CS|TAMS 0x0000000097f00000| PB 0x0000000097f00000| Complete 
| 384|0x0000000098000000, 0x0000000098000000, 0x0000000098100000|  0%| F|  |TAMS 0x0000000098000000| PB 0x0000000098000000| Untracked 
| 385|0x0000000098100000, 0x0000000098100000, 0x0000000098200000|  0%| F|  |TAMS 0x0000000098100000| PB 0x0000000098100000| Untracked 
| 386|0x0000000098200000, 0x0000000098200000, 0x0000000098300000|  0%| F|  |TAMS 0x0000000098200000| PB 0x0000000098200000| Untracked 
| 387|0x0000000098300000, 0x0000000098300000, 0x0000000098400000|  0%| F|  |TAMS 0x0000000098300000| PB 0x0000000098300000| Untracked 
| 388|0x0000000098400000, 0x0000000098400000, 0x0000000098500000|  0%| F|  |TAMS 0x0000000098400000| PB 0x0000000098400000| Untracked 
| 389|0x0000000098500000, 0x0000000098500000, 0x0000000098600000|  0%| F|  |TAMS 0x0000000098500000| PB 0x0000000098500000| Untracked 
| 390|0x0000000098600000, 0x0000000098600000, 0x0000000098700000|  0%| F|  |TAMS 0x0000000098600000| PB 0x0000000098600000| Untracked 
| 391|0x0000000098700000, 0x0000000098700000, 0x0000000098800000|  0%| F|  |TAMS 0x0000000098700000| PB 0x0000000098700000| Untracked 
| 392|0x0000000098800000, 0x0000000098800000, 0x0000000098900000|  0%| F|  |TAMS 0x0000000098800000| PB 0x0000000098800000| Untracked 
| 393|0x0000000098900000, 0x0000000098900000, 0x0000000098a00000|  0%| F|  |TAMS 0x0000000098900000| PB 0x0000000098900000| Untracked 
| 394|0x0000000098a00000, 0x0000000098a00000, 0x0000000098b00000|  0%| F|  |TAMS 0x0000000098a00000| PB 0x0000000098a00000| Untracked 
| 395|0x0000000098b00000, 0x0000000098b00000, 0x0000000098c00000|  0%| F|  |TAMS 0x0000000098b00000| PB 0x0000000098b00000| Untracked 
| 396|0x0000000098c00000, 0x0000000098c00000, 0x0000000098d00000|  0%| F|  |TAMS 0x0000000098c00000| PB 0x0000000098c00000| Untracked 
| 397|0x0000000098d00000, 0x0000000098d00000, 0x0000000098e00000|  0%| F|  |TAMS 0x0000000098d00000| PB 0x0000000098d00000| Untracked 
| 398|0x0000000098e00000, 0x0000000098e00000, 0x0000000098f00000|  0%| F|  |TAMS 0x0000000098e00000| PB 0x0000000098e00000| Untracked 
| 399|0x0000000098f00000, 0x0000000098f00000, 0x0000000099000000|  0%| F|  |TAMS 0x0000000098f00000| PB 0x0000000098f00000| Untracked 
| 400|0x0000000099000000, 0x0000000099000000, 0x0000000099100000|  0%| F|  |TAMS 0x0000000099000000| PB 0x0000000099000000| Untracked 
| 401|0x0000000099100000, 0x0000000099100000, 0x0000000099200000|  0%| F|  |TAMS 0x0000000099100000| PB 0x0000000099100000| Untracked 
| 402|0x0000000099200000, 0x0000000099200000, 0x0000000099300000|  0%| F|  |TAMS 0x0000000099200000| PB 0x0000000099200000| Untracked 
| 403|0x0000000099300000, 0x0000000099300000, 0x0000000099400000|  0%| F|  |TAMS 0x0000000099300000| PB 0x0000000099300000| Untracked 
| 404|0x0000000099400000, 0x0000000099400000, 0x0000000099500000|  0%| F|  |TAMS 0x0000000099400000| PB 0x0000000099400000| Untracked 
| 405|0x0000000099500000, 0x0000000099500000, 0x0000000099600000|  0%| F|  |TAMS 0x0000000099500000| PB 0x0000000099500000| Untracked 
| 406|0x0000000099600000, 0x0000000099600000, 0x0000000099700000|  0%| F|  |TAMS 0x0000000099600000| PB 0x0000000099600000| Untracked 
| 407|0x0000000099700000, 0x0000000099700000, 0x0000000099800000|  0%| F|  |TAMS 0x0000000099700000| PB 0x0000000099700000| Untracked 
| 408|0x0000000099800000, 0x0000000099800000, 0x0000000099900000|  0%| F|  |TAMS 0x0000000099800000| PB 0x0000000099800000| Untracked 
| 409|0x0000000099900000, 0x0000000099900000, 0x0000000099a00000|  0%| F|  |TAMS 0x0000000099900000| PB 0x0000000099900000| Untracked 
| 410|0x0000000099a00000, 0x0000000099a00000, 0x0000000099b00000|  0%| F|  |TAMS 0x0000000099a00000| PB 0x0000000099a00000| Untracked 
| 411|0x0000000099b00000, 0x0000000099b00000, 0x0000000099c00000|  0%| F|  |TAMS 0x0000000099b00000| PB 0x0000000099b00000| Untracked 
| 412|0x0000000099c00000, 0x0000000099c00000, 0x0000000099d00000|  0%| F|  |TAMS 0x0000000099c00000| PB 0x0000000099c00000| Untracked 
| 413|0x0000000099d00000, 0x0000000099d00000, 0x0000000099e00000|  0%| F|  |TAMS 0x0000000099d00000| PB 0x0000000099d00000| Untracked 
| 414|0x0000000099e00000, 0x0000000099e00000, 0x0000000099f00000|  0%| F|  |TAMS 0x0000000099e00000| PB 0x0000000099e00000| Untracked 
| 415|0x0000000099f00000, 0x0000000099f00000, 0x000000009a000000|  0%| F|  |TAMS 0x0000000099f00000| PB 0x0000000099f00000| Untracked 
| 416|0x000000009a000000, 0x000000009a000000, 0x000000009a100000|  0%| F|  |TAMS 0x000000009a000000| PB 0x000000009a000000| Untracked 
| 417|0x000000009a100000, 0x000000009a100000, 0x000000009a200000|  0%| F|  |TAMS 0x000000009a100000| PB 0x000000009a100000| Untracked 
| 418|0x000000009a200000, 0x000000009a200000, 0x000000009a300000|  0%| F|  |TAMS 0x000000009a200000| PB 0x000000009a200000| Untracked 
| 419|0x000000009a300000, 0x000000009a300000, 0x000000009a400000|  0%| F|  |TAMS 0x000000009a300000| PB 0x000000009a300000| Untracked 
| 420|0x000000009a400000, 0x000000009a400000, 0x000000009a500000|  0%| F|  |TAMS 0x000000009a400000| PB 0x000000009a400000| Untracked 
| 421|0x000000009a500000, 0x000000009a500000, 0x000000009a600000|  0%| F|  |TAMS 0x000000009a500000| PB 0x000000009a500000| Untracked 
| 422|0x000000009a600000, 0x000000009a600000, 0x000000009a700000|  0%| F|  |TAMS 0x000000009a600000| PB 0x000000009a600000| Untracked 
| 423|0x000000009a700000, 0x000000009a800000, 0x000000009a800000|100%|HS|  |TAMS 0x000000009a700000| PB 0x000000009a700000| Complete 
| 424|0x000000009a800000, 0x000000009a900000, 0x000000009a900000|100%|HC|  |TAMS 0x000000009a800000| PB 0x000000009a800000| Complete 
| 425|0x000000009a900000, 0x000000009aa00000, 0x000000009aa00000|100%|HC|  |TAMS 0x000000009a900000| PB 0x000000009a900000| Complete 
| 426|0x000000009aa00000, 0x000000009ab00000, 0x000000009ab00000|100%|HC|  |TAMS 0x000000009aa00000| PB 0x000000009aa00000| Complete 
| 427|0x000000009ab00000, 0x000000009ab00000, 0x000000009ac00000|  0%| F|  |TAMS 0x000000009ab00000| PB 0x000000009ab00000| Untracked 
| 428|0x000000009ac00000, 0x000000009ac00000, 0x000000009ad00000|  0%| F|  |TAMS 0x000000009ac00000| PB 0x000000009ac00000| Untracked 
| 429|0x000000009ad00000, 0x000000009ad00000, 0x000000009ae00000|  0%| F|  |TAMS 0x000000009ad00000| PB 0x000000009ad00000| Untracked 
| 430|0x000000009ae00000, 0x000000009ae00000, 0x000000009af00000|  0%| F|  |TAMS 0x000000009ae00000| PB 0x000000009ae00000| Untracked 
| 431|0x000000009af00000, 0x000000009af00000, 0x000000009b000000|  0%| F|  |TAMS 0x000000009af00000| PB 0x000000009af00000| Untracked 
| 432|0x000000009b000000, 0x000000009b100000, 0x000000009b100000|100%|HS|  |TAMS 0x000000009b000000| PB 0x000000009b000000| Complete 
| 433|0x000000009b100000, 0x000000009b200000, 0x000000009b200000|100%|HC|  |TAMS 0x000000009b100000| PB 0x000000009b100000| Complete 
| 434|0x000000009b200000, 0x000000009b300000, 0x000000009b300000|100%|HC|  |TAMS 0x000000009b200000| PB 0x000000009b200000| Complete 
| 435|0x000000009b300000, 0x000000009b400000, 0x000000009b400000|100%|HC|  |TAMS 0x000000009b300000| PB 0x000000009b300000| Complete 
| 436|0x000000009b400000, 0x000000009b500000, 0x000000009b500000|100%|HC|  |TAMS 0x000000009b400000| PB 0x000000009b400000| Complete 
| 437|0x000000009b500000, 0x000000009b600000, 0x000000009b600000|100%|HC|  |TAMS 0x000000009b500000| PB 0x000000009b500000| Complete 
| 438|0x000000009b600000, 0x000000009b700000, 0x000000009b700000|100%|HC|  |TAMS 0x000000009b600000| PB 0x000000009b600000| Complete 
| 439|0x000000009b700000, 0x000000009b800000, 0x000000009b800000|100%|HC|  |TAMS 0x000000009b700000| PB 0x000000009b700000| Complete 
| 440|0x000000009b800000, 0x000000009b900000, 0x000000009b900000|100%|HC|  |TAMS 0x000000009b800000| PB 0x000000009b800000| Complete 
| 441|0x000000009b900000, 0x000000009b900000, 0x000000009ba00000|  0%| F|  |TAMS 0x000000009b900000| PB 0x000000009b900000| Untracked 
| 442|0x000000009ba00000, 0x000000009ba00000, 0x000000009bb00000|  0%| F|  |TAMS 0x000000009ba00000| PB 0x000000009ba00000| Untracked 
| 443|0x000000009bb00000, 0x000000009bb00000, 0x000000009bc00000|  0%| F|  |TAMS 0x000000009bb00000| PB 0x000000009bb00000| Untracked 
| 444|0x000000009bc00000, 0x000000009bc00000, 0x000000009bd00000|  0%| F|  |TAMS 0x000000009bc00000| PB 0x000000009bc00000| Untracked 
| 445|0x000000009bd00000, 0x000000009bd00000, 0x000000009be00000|  0%| F|  |TAMS 0x000000009bd00000| PB 0x000000009bd00000| Untracked 
| 446|0x000000009be00000, 0x000000009be00000, 0x000000009bf00000|  0%| F|  |TAMS 0x000000009be00000| PB 0x000000009be00000| Untracked 
| 447|0x000000009bf00000, 0x000000009bf00000, 0x000000009c000000|  0%| F|  |TAMS 0x000000009bf00000| PB 0x000000009bf00000| Untracked 
| 448|0x000000009c000000, 0x000000009c000000, 0x000000009c100000|  0%| F|  |TAMS 0x000000009c000000| PB 0x000000009c000000| Untracked 
| 449|0x000000009c100000, 0x000000009c100000, 0x000000009c200000|  0%| F|  |TAMS 0x000000009c100000| PB 0x000000009c100000| Untracked 
| 450|0x000000009c200000, 0x000000009c200000, 0x000000009c300000|  0%| F|  |TAMS 0x000000009c200000| PB 0x000000009c200000| Untracked 
| 451|0x000000009c300000, 0x000000009c300000, 0x000000009c400000|  0%| F|  |TAMS 0x000000009c300000| PB 0x000000009c300000| Untracked 
| 452|0x000000009c400000, 0x000000009c400000, 0x000000009c500000|  0%| F|  |TAMS 0x000000009c400000| PB 0x000000009c400000| Untracked 
| 453|0x000000009c500000, 0x000000009c500000, 0x000000009c600000|  0%| F|  |TAMS 0x000000009c500000| PB 0x000000009c500000| Untracked 
| 454|0x000000009c600000, 0x000000009c600000, 0x000000009c700000|  0%| F|  |TAMS 0x000000009c600000| PB 0x000000009c600000| Untracked 
| 455|0x000000009c700000, 0x000000009c700000, 0x000000009c800000|  0%| F|  |TAMS 0x000000009c700000| PB 0x000000009c700000| Untracked 
| 456|0x000000009c800000, 0x000000009c800000, 0x000000009c900000|  0%| F|  |TAMS 0x000000009c800000| PB 0x000000009c800000| Untracked 
| 457|0x000000009c900000, 0x000000009c900000, 0x000000009ca00000|  0%| F|  |TAMS 0x000000009c900000| PB 0x000000009c900000| Untracked 
| 458|0x000000009ca00000, 0x000000009ca00000, 0x000000009cb00000|  0%| F|  |TAMS 0x000000009ca00000| PB 0x000000009ca00000| Untracked 
| 459|0x000000009cb00000, 0x000000009cb00000, 0x000000009cc00000|  0%| F|  |TAMS 0x000000009cb00000| PB 0x000000009cb00000| Untracked 
| 460|0x000000009cc00000, 0x000000009cc00000, 0x000000009cd00000|  0%| F|  |TAMS 0x000000009cc00000| PB 0x000000009cc00000| Untracked 
| 461|0x000000009cd00000, 0x000000009cd00000, 0x000000009ce00000|  0%| F|  |TAMS 0x000000009cd00000| PB 0x000000009cd00000| Untracked 
| 462|0x000000009ce00000, 0x000000009ce00000, 0x000000009cf00000|  0%| F|  |TAMS 0x000000009ce00000| PB 0x000000009ce00000| Untracked 
| 463|0x000000009cf00000, 0x000000009cf00000, 0x000000009d000000|  0%| F|  |TAMS 0x000000009cf00000| PB 0x000000009cf00000| Untracked 
| 464|0x000000009d000000, 0x000000009d000000, 0x000000009d100000|  0%| F|  |TAMS 0x000000009d000000| PB 0x000000009d000000| Untracked 
| 465|0x000000009d100000, 0x000000009d100000, 0x000000009d200000|  0%| F|  |TAMS 0x000000009d100000| PB 0x000000009d100000| Untracked 
| 466|0x000000009d200000, 0x000000009d200000, 0x000000009d300000|  0%| F|  |TAMS 0x000000009d200000| PB 0x000000009d200000| Untracked 
| 467|0x000000009d300000, 0x000000009d300000, 0x000000009d400000|  0%| F|  |TAMS 0x000000009d300000| PB 0x000000009d300000| Untracked 
| 468|0x000000009d400000, 0x000000009d400000, 0x000000009d500000|  0%| F|  |TAMS 0x000000009d400000| PB 0x000000009d400000| Untracked 
| 469|0x000000009d500000, 0x000000009d500000, 0x000000009d600000|  0%| F|  |TAMS 0x000000009d500000| PB 0x000000009d500000| Untracked 
| 470|0x000000009d600000, 0x000000009d600000, 0x000000009d700000|  0%| F|  |TAMS 0x000000009d600000| PB 0x000000009d600000| Untracked 
| 471|0x000000009d700000, 0x000000009d700000, 0x000000009d800000|  0%| F|  |TAMS 0x000000009d700000| PB 0x000000009d700000| Untracked 
| 472|0x000000009d800000, 0x000000009d800000, 0x000000009d900000|  0%| F|  |TAMS 0x000000009d800000| PB 0x000000009d800000| Untracked 
| 473|0x000000009d900000, 0x000000009d900000, 0x000000009da00000|  0%| F|  |TAMS 0x000000009d900000| PB 0x000000009d900000| Untracked 
| 474|0x000000009da00000, 0x000000009da00000, 0x000000009db00000|  0%| F|  |TAMS 0x000000009da00000| PB 0x000000009da00000| Untracked 
| 475|0x000000009db00000, 0x000000009db00000, 0x000000009dc00000|  0%| F|  |TAMS 0x000000009db00000| PB 0x000000009db00000| Untracked 
| 476|0x000000009dc00000, 0x000000009dc00000, 0x000000009dd00000|  0%| F|  |TAMS 0x000000009dc00000| PB 0x000000009dc00000| Untracked 
| 477|0x000000009dd00000, 0x000000009dd00000, 0x000000009de00000|  0%| F|  |TAMS 0x000000009dd00000| PB 0x000000009dd00000| Untracked 
| 478|0x000000009de00000, 0x000000009de00000, 0x000000009df00000|  0%| F|  |TAMS 0x000000009de00000| PB 0x000000009de00000| Untracked 
| 479|0x000000009df00000, 0x000000009df00000, 0x000000009e000000|  0%| F|  |TAMS 0x000000009df00000| PB 0x000000009df00000| Untracked 
| 480|0x000000009e000000, 0x000000009e000000, 0x000000009e100000|  0%| F|  |TAMS 0x000000009e000000| PB 0x000000009e000000| Untracked 
| 481|0x000000009e100000, 0x000000009e100000, 0x000000009e200000|  0%| F|  |TAMS 0x000000009e100000| PB 0x000000009e100000| Untracked 
| 482|0x000000009e200000, 0x000000009e200000, 0x000000009e300000|  0%| F|  |TAMS 0x000000009e200000| PB 0x000000009e200000| Untracked 
| 483|0x000000009e300000, 0x000000009e300000, 0x000000009e400000|  0%| F|  |TAMS 0x000000009e300000| PB 0x000000009e300000| Untracked 
| 484|0x000000009e400000, 0x000000009e400000, 0x000000009e500000|  0%| F|  |TAMS 0x000000009e400000| PB 0x000000009e400000| Untracked 
| 485|0x000000009e500000, 0x000000009e500000, 0x000000009e600000|  0%| F|  |TAMS 0x000000009e500000| PB 0x000000009e500000| Untracked 
| 486|0x000000009e600000, 0x000000009e600000, 0x000000009e700000|  0%| F|  |TAMS 0x000000009e600000| PB 0x000000009e600000| Untracked 
| 487|0x000000009e700000, 0x000000009e700000, 0x000000009e800000|  0%| F|  |TAMS 0x000000009e700000| PB 0x000000009e700000| Untracked 
| 488|0x000000009e800000, 0x000000009e800000, 0x000000009e900000|  0%| F|  |TAMS 0x000000009e800000| PB 0x000000009e800000| Untracked 
| 489|0x000000009e900000, 0x000000009e900000, 0x000000009ea00000|  0%| F|  |TAMS 0x000000009e900000| PB 0x000000009e900000| Untracked 
| 490|0x000000009ea00000, 0x000000009ea00000, 0x000000009eb00000|  0%| F|  |TAMS 0x000000009ea00000| PB 0x000000009ea00000| Untracked 
| 491|0x000000009eb00000, 0x000000009eb00000, 0x000000009ec00000|  0%| F|  |TAMS 0x000000009eb00000| PB 0x000000009eb00000| Untracked 
| 492|0x000000009ec00000, 0x000000009ec00000, 0x000000009ed00000|  0%| F|  |TAMS 0x000000009ec00000| PB 0x000000009ec00000| Untracked 
| 493|0x000000009ed00000, 0x000000009ed00000, 0x000000009ee00000|  0%| F|  |TAMS 0x000000009ed00000| PB 0x000000009ed00000| Untracked 
| 494|0x000000009ee00000, 0x000000009ee00000, 0x000000009ef00000|  0%| F|  |TAMS 0x000000009ee00000| PB 0x000000009ee00000| Untracked 
| 495|0x000000009ef00000, 0x000000009ef00000, 0x000000009f000000|  0%| F|  |TAMS 0x000000009ef00000| PB 0x000000009ef00000| Untracked 
| 496|0x000000009f000000, 0x000000009f000000, 0x000000009f100000|  0%| F|  |TAMS 0x000000009f000000| PB 0x000000009f000000| Untracked 
| 497|0x000000009f100000, 0x000000009f100000, 0x000000009f200000|  0%| F|  |TAMS 0x000000009f100000| PB 0x000000009f100000| Untracked 
| 498|0x000000009f200000, 0x000000009f200000, 0x000000009f300000|  0%| F|  |TAMS 0x000000009f200000| PB 0x000000009f200000| Untracked 
| 499|0x000000009f300000, 0x000000009f300000, 0x000000009f400000|  0%| F|  |TAMS 0x000000009f300000| PB 0x000000009f300000| Untracked 
| 500|0x000000009f400000, 0x000000009f400000, 0x000000009f500000|  0%| F|  |TAMS 0x000000009f400000| PB 0x000000009f400000| Untracked 
| 501|0x000000009f500000, 0x000000009f500000, 0x000000009f600000|  0%| F|  |TAMS 0x000000009f500000| PB 0x000000009f500000| Untracked 
| 502|0x000000009f600000, 0x000000009f600000, 0x000000009f700000|  0%| F|  |TAMS 0x000000009f600000| PB 0x000000009f600000| Untracked 
| 503|0x000000009f700000, 0x000000009f700000, 0x000000009f800000|  0%| F|  |TAMS 0x000000009f700000| PB 0x000000009f700000| Untracked 
| 504|0x000000009f800000, 0x000000009f800000, 0x000000009f900000|  0%| F|  |TAMS 0x000000009f800000| PB 0x000000009f800000| Untracked 
| 505|0x000000009f900000, 0x000000009f900000, 0x000000009fa00000|  0%| F|  |TAMS 0x000000009f900000| PB 0x000000009f900000| Untracked 
| 506|0x000000009fa00000, 0x000000009fa00000, 0x000000009fb00000|  0%| F|  |TAMS 0x000000009fa00000| PB 0x000000009fa00000| Untracked 
| 507|0x000000009fb00000, 0x000000009fc00000, 0x000000009fc00000|100%| E|  |TAMS 0x000000009fb00000| PB 0x000000009fb00000| Complete 
| 508|0x000000009fc00000, 0x000000009fd00000, 0x000000009fd00000|100%| E|CS|TAMS 0x000000009fc00000| PB 0x000000009fc00000| Complete 
| 509|0x000000009fd00000, 0x000000009fe00000, 0x000000009fe00000|100%| E|CS|TAMS 0x000000009fd00000| PB 0x000000009fd00000| Complete 
| 510|0x000000009fe00000, 0x000000009ff00000, 0x000000009ff00000|100%| E|CS|TAMS 0x000000009fe00000| PB 0x000000009fe00000| Complete 
| 511|0x000000009ff00000, 0x00000000a0000000, 0x00000000a0000000|100%| E|CS|TAMS 0x000000009ff00000| PB 0x000000009ff00000| Complete 
| 512|0x00000000a0000000, 0x00000000a0100000, 0x00000000a0100000|100%| E|CS|TAMS 0x00000000a0000000| PB 0x00000000a0000000| Complete 
| 513|0x00000000a0100000, 0x00000000a0200000, 0x00000000a0200000|100%| E|CS|TAMS 0x00000000a0100000| PB 0x00000000a0100000| Complete 
| 514|0x00000000a0200000, 0x00000000a0300000, 0x00000000a0300000|100%| E|CS|TAMS 0x00000000a0200000| PB 0x00000000a0200000| Complete 
| 515|0x00000000a0300000, 0x00000000a0400000, 0x00000000a0400000|100%| E|CS|TAMS 0x00000000a0300000| PB 0x00000000a0300000| Complete 
| 516|0x00000000a0400000, 0x00000000a0500000, 0x00000000a0500000|100%| E|CS|TAMS 0x00000000a0400000| PB 0x00000000a0400000| Complete 
| 517|0x00000000a0500000, 0x00000000a0600000, 0x00000000a0600000|100%| E|CS|TAMS 0x00000000a0500000| PB 0x00000000a0500000| Complete 
| 518|0x00000000a0600000, 0x00000000a0700000, 0x00000000a0700000|100%| E|CS|TAMS 0x00000000a0600000| PB 0x00000000a0600000| Complete 
| 519|0x00000000a0700000, 0x00000000a0800000, 0x00000000a0800000|100%| E|CS|TAMS 0x00000000a0700000| PB 0x00000000a0700000| Complete 
| 520|0x00000000a0800000, 0x00000000a0900000, 0x00000000a0900000|100%| E|CS|TAMS 0x00000000a0800000| PB 0x00000000a0800000| Complete 
| 521|0x00000000a0900000, 0x00000000a0a00000, 0x00000000a0a00000|100%| E|CS|TAMS 0x00000000a0900000| PB 0x00000000a0900000| Complete 
| 522|0x00000000a0a00000, 0x00000000a0b00000, 0x00000000a0b00000|100%| E|CS|TAMS 0x00000000a0a00000| PB 0x00000000a0a00000| Complete 
| 523|0x00000000a0b00000, 0x00000000a0c00000, 0x00000000a0c00000|100%| E|CS|TAMS 0x00000000a0b00000| PB 0x00000000a0b00000| Complete 
| 524|0x00000000a0c00000, 0x00000000a0d00000, 0x00000000a0d00000|100%| E|CS|TAMS 0x00000000a0c00000| PB 0x00000000a0c00000| Complete 
| 525|0x00000000a0d00000, 0x00000000a0e00000, 0x00000000a0e00000|100%| E|CS|TAMS 0x00000000a0d00000| PB 0x00000000a0d00000| Complete 
| 526|0x00000000a0e00000, 0x00000000a0f00000, 0x00000000a0f00000|100%| E|CS|TAMS 0x00000000a0e00000| PB 0x00000000a0e00000| Complete 
| 527|0x00000000a0f00000, 0x00000000a1000000, 0x00000000a1000000|100%| E|CS|TAMS 0x00000000a0f00000| PB 0x00000000a0f00000| Complete 
| 528|0x00000000a1000000, 0x00000000a1100000, 0x00000000a1100000|100%| E|CS|TAMS 0x00000000a1000000| PB 0x00000000a1000000| Complete 
| 529|0x00000000a1100000, 0x00000000a1200000, 0x00000000a1200000|100%| E|CS|TAMS 0x00000000a1100000| PB 0x00000000a1100000| Complete 
| 530|0x00000000a1200000, 0x00000000a1300000, 0x00000000a1300000|100%| E|CS|TAMS 0x00000000a1200000| PB 0x00000000a1200000| Complete 
| 531|0x00000000a1300000, 0x00000000a1400000, 0x00000000a1400000|100%| E|CS|TAMS 0x00000000a1300000| PB 0x00000000a1300000| Complete 
| 532|0x00000000a1400000, 0x00000000a1500000, 0x00000000a1500000|100%| E|CS|TAMS 0x00000000a1400000| PB 0x00000000a1400000| Complete 
| 533|0x00000000a1500000, 0x00000000a1600000, 0x00000000a1600000|100%| E|CS|TAMS 0x00000000a1500000| PB 0x00000000a1500000| Complete 
| 534|0x00000000a1600000, 0x00000000a1700000, 0x00000000a1700000|100%| E|CS|TAMS 0x00000000a1600000| PB 0x00000000a1600000| Complete 
| 535|0x00000000a1700000, 0x00000000a1800000, 0x00000000a1800000|100%| E|CS|TAMS 0x00000000a1700000| PB 0x00000000a1700000| Complete 
| 536|0x00000000a1800000, 0x00000000a1900000, 0x00000000a1900000|100%| E|CS|TAMS 0x00000000a1800000| PB 0x00000000a1800000| Complete 
| 537|0x00000000a1900000, 0x00000000a1a00000, 0x00000000a1a00000|100%| E|CS|TAMS 0x00000000a1900000| PB 0x00000000a1900000| Complete 
| 538|0x00000000a1a00000, 0x00000000a1b00000, 0x00000000a1b00000|100%| E|CS|TAMS 0x00000000a1a00000| PB 0x00000000a1a00000| Complete 
| 539|0x00000000a1b00000, 0x00000000a1c00000, 0x00000000a1c00000|100%| E|CS|TAMS 0x00000000a1b00000| PB 0x00000000a1b00000| Complete 
| 540|0x00000000a1c00000, 0x00000000a1d00000, 0x00000000a1d00000|100%| E|CS|TAMS 0x00000000a1c00000| PB 0x00000000a1c00000| Complete 
| 541|0x00000000a1d00000, 0x00000000a1e00000, 0x00000000a1e00000|100%| E|CS|TAMS 0x00000000a1d00000| PB 0x00000000a1d00000| Complete 
| 542|0x00000000a1e00000, 0x00000000a1f00000, 0x00000000a1f00000|100%| E|CS|TAMS 0x00000000a1e00000| PB 0x00000000a1e00000| Complete 
| 543|0x00000000a1f00000, 0x00000000a2000000, 0x00000000a2000000|100%| E|CS|TAMS 0x00000000a1f00000| PB 0x00000000a1f00000| Complete 
| 544|0x00000000a2000000, 0x00000000a2100000, 0x00000000a2100000|100%| E|CS|TAMS 0x00000000a2000000| PB 0x00000000a2000000| Complete 
| 545|0x00000000a2100000, 0x00000000a2200000, 0x00000000a2200000|100%| E|CS|TAMS 0x00000000a2100000| PB 0x00000000a2100000| Complete 
| 546|0x00000000a2200000, 0x00000000a2300000, 0x00000000a2300000|100%| E|CS|TAMS 0x00000000a2200000| PB 0x00000000a2200000| Complete 
| 547|0x00000000a2300000, 0x00000000a2400000, 0x00000000a2400000|100%| E|CS|TAMS 0x00000000a2300000| PB 0x00000000a2300000| Complete 
| 548|0x00000000a2400000, 0x00000000a2500000, 0x00000000a2500000|100%| E|CS|TAMS 0x00000000a2400000| PB 0x00000000a2400000| Complete 
| 549|0x00000000a2500000, 0x00000000a2600000, 0x00000000a2600000|100%| E|CS|TAMS 0x00000000a2500000| PB 0x00000000a2500000| Complete 
| 550|0x00000000a2600000, 0x00000000a2700000, 0x00000000a2700000|100%| E|CS|TAMS 0x00000000a2600000| PB 0x00000000a2600000| Complete 
| 551|0x00000000a2700000, 0x00000000a2800000, 0x00000000a2800000|100%| E|CS|TAMS 0x00000000a2700000| PB 0x00000000a2700000| Complete 
| 552|0x00000000a2800000, 0x00000000a2900000, 0x00000000a2900000|100%| E|CS|TAMS 0x00000000a2800000| PB 0x00000000a2800000| Complete 
| 553|0x00000000a2900000, 0x00000000a2a00000, 0x00000000a2a00000|100%| E|CS|TAMS 0x00000000a2900000| PB 0x00000000a2900000| Complete 
| 554|0x00000000a2a00000, 0x00000000a2b00000, 0x00000000a2b00000|100%| E|  |TAMS 0x00000000a2a00000| PB 0x00000000a2a00000| Complete 
| 555|0x00000000a2b00000, 0x00000000a2c00000, 0x00000000a2c00000|100%| E|CS|TAMS 0x00000000a2b00000| PB 0x00000000a2b00000| Complete 
| 556|0x00000000a2c00000, 0x00000000a2d00000, 0x00000000a2d00000|100%| E|CS|TAMS 0x00000000a2c00000| PB 0x00000000a2c00000| Complete 
| 557|0x00000000a2d00000, 0x00000000a2e00000, 0x00000000a2e00000|100%| E|CS|TAMS 0x00000000a2d00000| PB 0x00000000a2d00000| Complete 
| 558|0x00000000a2e00000, 0x00000000a2f00000, 0x00000000a2f00000|100%| E|CS|TAMS 0x00000000a2e00000| PB 0x00000000a2e00000| Complete 
| 559|0x00000000a2f00000, 0x00000000a3000000, 0x00000000a3000000|100%| E|CS|TAMS 0x00000000a2f00000| PB 0x00000000a2f00000| Complete 
| 560|0x00000000a3000000, 0x00000000a3100000, 0x00000000a3100000|100%| E|CS|TAMS 0x00000000a3000000| PB 0x00000000a3000000| Complete 
| 561|0x00000000a3100000, 0x00000000a3200000, 0x00000000a3200000|100%| E|CS|TAMS 0x00000000a3100000| PB 0x00000000a3100000| Complete 
| 562|0x00000000a3200000, 0x00000000a3300000, 0x00000000a3300000|100%| E|CS|TAMS 0x00000000a3200000| PB 0x00000000a3200000| Complete 
| 563|0x00000000a3300000, 0x00000000a3400000, 0x00000000a3400000|100%| E|CS|TAMS 0x00000000a3300000| PB 0x00000000a3300000| Complete 
| 564|0x00000000a3400000, 0x00000000a3500000, 0x00000000a3500000|100%| E|CS|TAMS 0x00000000a3400000| PB 0x00000000a3400000| Complete 
| 565|0x00000000a3500000, 0x00000000a3600000, 0x00000000a3600000|100%| E|CS|TAMS 0x00000000a3500000| PB 0x00000000a3500000| Complete 
| 566|0x00000000a3600000, 0x00000000a3700000, 0x00000000a3700000|100%| E|CS|TAMS 0x00000000a3600000| PB 0x00000000a3600000| Complete 
| 567|0x00000000a3700000, 0x00000000a3800000, 0x00000000a3800000|100%| E|CS|TAMS 0x00000000a3700000| PB 0x00000000a3700000| Complete 
| 568|0x00000000a3800000, 0x00000000a3900000, 0x00000000a3900000|100%| E|CS|TAMS 0x00000000a3800000| PB 0x00000000a3800000| Complete 
| 569|0x00000000a3900000, 0x00000000a3a00000, 0x00000000a3a00000|100%| E|CS|TAMS 0x00000000a3900000| PB 0x00000000a3900000| Complete 
| 570|0x00000000a3a00000, 0x00000000a3b00000, 0x00000000a3b00000|100%| E|CS|TAMS 0x00000000a3a00000| PB 0x00000000a3a00000| Complete 
| 571|0x00000000a3b00000, 0x00000000a3c00000, 0x00000000a3c00000|100%| E|CS|TAMS 0x00000000a3b00000| PB 0x00000000a3b00000| Complete 
| 572|0x00000000a3c00000, 0x00000000a3d00000, 0x00000000a3d00000|100%| E|CS|TAMS 0x00000000a3c00000| PB 0x00000000a3c00000| Complete 
| 573|0x00000000a3d00000, 0x00000000a3e00000, 0x00000000a3e00000|100%| E|CS|TAMS 0x00000000a3d00000| PB 0x00000000a3d00000| Complete 
| 574|0x00000000a3e00000, 0x00000000a3f00000, 0x00000000a3f00000|100%| E|CS|TAMS 0x00000000a3e00000| PB 0x00000000a3e00000| Complete 
| 575|0x00000000a3f00000, 0x00000000a4000000, 0x00000000a4000000|100%| E|CS|TAMS 0x00000000a3f00000| PB 0x00000000a3f00000| Complete 
| 576|0x00000000a4000000, 0x00000000a4100000, 0x00000000a4100000|100%| E|CS|TAMS 0x00000000a4000000| PB 0x00000000a4000000| Complete 
| 577|0x00000000a4100000, 0x00000000a4200000, 0x00000000a4200000|100%| E|CS|TAMS 0x00000000a4100000| PB 0x00000000a4100000| Complete 
| 578|0x00000000a4200000, 0x00000000a4300000, 0x00000000a4300000|100%| E|CS|TAMS 0x00000000a4200000| PB 0x00000000a4200000| Complete 
| 579|0x00000000a4300000, 0x00000000a4400000, 0x00000000a4400000|100%| E|CS|TAMS 0x00000000a4300000| PB 0x00000000a4300000| Complete 
| 580|0x00000000a4400000, 0x00000000a4500000, 0x00000000a4500000|100%| E|CS|TAMS 0x00000000a4400000| PB 0x00000000a4400000| Complete 
| 581|0x00000000a4500000, 0x00000000a4600000, 0x00000000a4600000|100%| E|CS|TAMS 0x00000000a4500000| PB 0x00000000a4500000| Complete 
| 582|0x00000000a4600000, 0x00000000a4700000, 0x00000000a4700000|100%| E|CS|TAMS 0x00000000a4600000| PB 0x00000000a4600000| Complete 
| 583|0x00000000a4700000, 0x00000000a4800000, 0x00000000a4800000|100%| E|CS|TAMS 0x00000000a4700000| PB 0x00000000a4700000| Complete 
| 584|0x00000000a4800000, 0x00000000a4900000, 0x00000000a4900000|100%| E|CS|TAMS 0x00000000a4800000| PB 0x00000000a4800000| Complete 
| 585|0x00000000a4900000, 0x00000000a4a00000, 0x00000000a4a00000|100%| E|CS|TAMS 0x00000000a4900000| PB 0x00000000a4900000| Complete 
| 586|0x00000000a4a00000, 0x00000000a4b00000, 0x00000000a4b00000|100%| E|CS|TAMS 0x00000000a4a00000| PB 0x00000000a4a00000| Complete 
| 587|0x00000000a4b00000, 0x00000000a4c00000, 0x00000000a4c00000|100%| E|CS|TAMS 0x00000000a4b00000| PB 0x00000000a4b00000| Complete 
| 588|0x00000000a4c00000, 0x00000000a4d00000, 0x00000000a4d00000|100%| E|CS|TAMS 0x00000000a4c00000| PB 0x00000000a4c00000| Complete 
| 589|0x00000000a4d00000, 0x00000000a4e00000, 0x00000000a4e00000|100%| E|CS|TAMS 0x00000000a4d00000| PB 0x00000000a4d00000| Complete 
| 590|0x00000000a4e00000, 0x00000000a4f00000, 0x00000000a4f00000|100%| E|CS|TAMS 0x00000000a4e00000| PB 0x00000000a4e00000| Complete 
| 591|0x00000000a4f00000, 0x00000000a5000000, 0x00000000a5000000|100%| E|CS|TAMS 0x00000000a4f00000| PB 0x00000000a4f00000| Complete 
| 592|0x00000000a5000000, 0x00000000a5100000, 0x00000000a5100000|100%| E|CS|TAMS 0x00000000a5000000| PB 0x00000000a5000000| Complete 
| 593|0x00000000a5100000, 0x00000000a5200000, 0x00000000a5200000|100%| E|CS|TAMS 0x00000000a5100000| PB 0x00000000a5100000| Complete 
| 594|0x00000000a5200000, 0x00000000a5300000, 0x00000000a5300000|100%| E|CS|TAMS 0x00000000a5200000| PB 0x00000000a5200000| Complete 
| 595|0x00000000a5300000, 0x00000000a5400000, 0x00000000a5400000|100%| E|CS|TAMS 0x00000000a5300000| PB 0x00000000a5300000| Complete 
| 596|0x00000000a5400000, 0x00000000a5500000, 0x00000000a5500000|100%| E|CS|TAMS 0x00000000a5400000| PB 0x00000000a5400000| Complete 
| 597|0x00000000a5500000, 0x00000000a5600000, 0x00000000a5600000|100%| E|CS|TAMS 0x00000000a5500000| PB 0x00000000a5500000| Complete 
| 598|0x00000000a5600000, 0x00000000a5700000, 0x00000000a5700000|100%| E|CS|TAMS 0x00000000a5600000| PB 0x00000000a5600000| Complete 
| 599|0x00000000a5700000, 0x00000000a5800000, 0x00000000a5800000|100%| E|CS|TAMS 0x00000000a5700000| PB 0x00000000a5700000| Complete 
| 600|0x00000000a5800000, 0x00000000a5900000, 0x00000000a5900000|100%| E|CS|TAMS 0x00000000a5800000| PB 0x00000000a5800000| Complete 
| 601|0x00000000a5900000, 0x00000000a5a00000, 0x00000000a5a00000|100%| E|CS|TAMS 0x00000000a5900000| PB 0x00000000a5900000| Complete 
| 602|0x00000000a5a00000, 0x00000000a5b00000, 0x00000000a5b00000|100%| E|CS|TAMS 0x00000000a5a00000| PB 0x00000000a5a00000| Complete 
| 603|0x00000000a5b00000, 0x00000000a5c00000, 0x00000000a5c00000|100%| E|CS|TAMS 0x00000000a5b00000| PB 0x00000000a5b00000| Complete 
| 604|0x00000000a5c00000, 0x00000000a5d00000, 0x00000000a5d00000|100%| E|CS|TAMS 0x00000000a5c00000| PB 0x00000000a5c00000| Complete 
| 605|0x00000000a5d00000, 0x00000000a5e00000, 0x00000000a5e00000|100%| E|CS|TAMS 0x00000000a5d00000| PB 0x00000000a5d00000| Complete 
| 606|0x00000000a5e00000, 0x00000000a5f00000, 0x00000000a5f00000|100%| E|CS|TAMS 0x00000000a5e00000| PB 0x00000000a5e00000| Complete 
| 607|0x00000000a5f00000, 0x00000000a6000000, 0x00000000a6000000|100%| E|CS|TAMS 0x00000000a5f00000| PB 0x00000000a5f00000| Complete 
| 608|0x00000000a6000000, 0x00000000a6100000, 0x00000000a6100000|100%| E|CS|TAMS 0x00000000a6000000| PB 0x00000000a6000000| Complete 
| 609|0x00000000a6100000, 0x00000000a6200000, 0x00000000a6200000|100%| E|CS|TAMS 0x00000000a6100000| PB 0x00000000a6100000| Complete 
| 610|0x00000000a6200000, 0x00000000a6300000, 0x00000000a6300000|100%| E|CS|TAMS 0x00000000a6200000| PB 0x00000000a6200000| Complete 
| 611|0x00000000a6300000, 0x00000000a6400000, 0x00000000a6400000|100%| E|CS|TAMS 0x00000000a6300000| PB 0x00000000a6300000| Complete 
| 612|0x00000000a6400000, 0x00000000a6500000, 0x00000000a6500000|100%| E|CS|TAMS 0x00000000a6400000| PB 0x00000000a6400000| Complete 
| 613|0x00000000a6500000, 0x00000000a6600000, 0x00000000a6600000|100%| E|CS|TAMS 0x00000000a6500000| PB 0x00000000a6500000| Complete 
| 614|0x00000000a6600000, 0x00000000a6700000, 0x00000000a6700000|100%| E|CS|TAMS 0x00000000a6600000| PB 0x00000000a6600000| Complete 
| 615|0x00000000a6700000, 0x00000000a6800000, 0x00000000a6800000|100%| E|CS|TAMS 0x00000000a6700000| PB 0x00000000a6700000| Complete 
| 616|0x00000000a6800000, 0x00000000a6900000, 0x00000000a6900000|100%| E|CS|TAMS 0x00000000a6800000| PB 0x00000000a6800000| Complete 
| 617|0x00000000a6900000, 0x00000000a6a00000, 0x00000000a6a00000|100%| E|CS|TAMS 0x00000000a6900000| PB 0x00000000a6900000| Complete 
| 618|0x00000000a6a00000, 0x00000000a6b00000, 0x00000000a6b00000|100%| E|CS|TAMS 0x00000000a6a00000| PB 0x00000000a6a00000| Complete 
| 619|0x00000000a6b00000, 0x00000000a6c00000, 0x00000000a6c00000|100%| E|CS|TAMS 0x00000000a6b00000| PB 0x00000000a6b00000| Complete 
| 620|0x00000000a6c00000, 0x00000000a6d00000, 0x00000000a6d00000|100%| E|CS|TAMS 0x00000000a6c00000| PB 0x00000000a6c00000| Complete 
| 621|0x00000000a6d00000, 0x00000000a6e00000, 0x00000000a6e00000|100%| E|CS|TAMS 0x00000000a6d00000| PB 0x00000000a6d00000| Complete 
| 622|0x00000000a6e00000, 0x00000000a6f00000, 0x00000000a6f00000|100%| E|CS|TAMS 0x00000000a6e00000| PB 0x00000000a6e00000| Complete 
| 623|0x00000000a6f00000, 0x00000000a7000000, 0x00000000a7000000|100%| E|CS|TAMS 0x00000000a6f00000| PB 0x00000000a6f00000| Complete 
| 624|0x00000000a7000000, 0x00000000a7100000, 0x00000000a7100000|100%| E|CS|TAMS 0x00000000a7000000| PB 0x00000000a7000000| Complete 
| 625|0x00000000a7100000, 0x00000000a7200000, 0x00000000a7200000|100%| E|CS|TAMS 0x00000000a7100000| PB 0x00000000a7100000| Complete 
| 626|0x00000000a7200000, 0x00000000a7300000, 0x00000000a7300000|100%| E|CS|TAMS 0x00000000a7200000| PB 0x00000000a7200000| Complete 
| 627|0x00000000a7300000, 0x00000000a7400000, 0x00000000a7400000|100%| E|CS|TAMS 0x00000000a7300000| PB 0x00000000a7300000| Complete 
| 628|0x00000000a7400000, 0x00000000a7500000, 0x00000000a7500000|100%| E|CS|TAMS 0x00000000a7400000| PB 0x00000000a7400000| Complete 
| 629|0x00000000a7500000, 0x00000000a7600000, 0x00000000a7600000|100%| E|CS|TAMS 0x00000000a7500000| PB 0x00000000a7500000| Complete 
| 630|0x00000000a7600000, 0x00000000a7700000, 0x00000000a7700000|100%| E|CS|TAMS 0x00000000a7600000| PB 0x00000000a7600000| Complete 
| 631|0x00000000a7700000, 0x00000000a7800000, 0x00000000a7800000|100%| E|CS|TAMS 0x00000000a7700000| PB 0x00000000a7700000| Complete 
| 632|0x00000000a7800000, 0x00000000a7900000, 0x00000000a7900000|100%| E|CS|TAMS 0x00000000a7800000| PB 0x00000000a7800000| Complete 
| 633|0x00000000a7900000, 0x00000000a7a00000, 0x00000000a7a00000|100%| E|CS|TAMS 0x00000000a7900000| PB 0x00000000a7900000| Complete 
| 634|0x00000000a7a00000, 0x00000000a7b00000, 0x00000000a7b00000|100%| E|CS|TAMS 0x00000000a7a00000| PB 0x00000000a7a00000| Complete 
| 635|0x00000000a7b00000, 0x00000000a7c00000, 0x00000000a7c00000|100%| E|CS|TAMS 0x00000000a7b00000| PB 0x00000000a7b00000| Complete 
| 636|0x00000000a7c00000, 0x00000000a7d00000, 0x00000000a7d00000|100%| E|CS|TAMS 0x00000000a7c00000| PB 0x00000000a7c00000| Complete 
| 637|0x00000000a7d00000, 0x00000000a7e00000, 0x00000000a7e00000|100%| E|CS|TAMS 0x00000000a7d00000| PB 0x00000000a7d00000| Complete 
| 638|0x00000000a7e00000, 0x00000000a7f00000, 0x00000000a7f00000|100%| E|CS|TAMS 0x00000000a7e00000| PB 0x00000000a7e00000| Complete 
| 639|0x00000000a7f00000, 0x00000000a8000000, 0x00000000a8000000|100%| E|CS|TAMS 0x00000000a7f00000| PB 0x00000000a7f00000| Complete 
| 640|0x00000000a8000000, 0x00000000a8100000, 0x00000000a8100000|100%| E|CS|TAMS 0x00000000a8000000| PB 0x00000000a8000000| Complete 
| 641|0x00000000a8100000, 0x00000000a8200000, 0x00000000a8200000|100%| E|CS|TAMS 0x00000000a8100000| PB 0x00000000a8100000| Complete 
| 642|0x00000000a8200000, 0x00000000a8300000, 0x00000000a8300000|100%| E|CS|TAMS 0x00000000a8200000| PB 0x00000000a8200000| Complete 
| 643|0x00000000a8300000, 0x00000000a8400000, 0x00000000a8400000|100%| E|CS|TAMS 0x00000000a8300000| PB 0x00000000a8300000| Complete 
| 644|0x00000000a8400000, 0x00000000a8500000, 0x00000000a8500000|100%| E|CS|TAMS 0x00000000a8400000| PB 0x00000000a8400000| Complete 
| 645|0x00000000a8500000, 0x00000000a8600000, 0x00000000a8600000|100%| E|CS|TAMS 0x00000000a8500000| PB 0x00000000a8500000| Complete 
| 646|0x00000000a8600000, 0x00000000a8700000, 0x00000000a8700000|100%| E|CS|TAMS 0x00000000a8600000| PB 0x00000000a8600000| Complete 
| 647|0x00000000a8700000, 0x00000000a8800000, 0x00000000a8800000|100%| E|CS|TAMS 0x00000000a8700000| PB 0x00000000a8700000| Complete 
| 648|0x00000000a8800000, 0x00000000a8900000, 0x00000000a8900000|100%| E|CS|TAMS 0x00000000a8800000| PB 0x00000000a8800000| Complete 
| 649|0x00000000a8900000, 0x00000000a8a00000, 0x00000000a8a00000|100%| E|CS|TAMS 0x00000000a8900000| PB 0x00000000a8900000| Complete 
| 650|0x00000000a8a00000, 0x00000000a8b00000, 0x00000000a8b00000|100%| E|CS|TAMS 0x00000000a8a00000| PB 0x00000000a8a00000| Complete 
| 651|0x00000000a8b00000, 0x00000000a8c00000, 0x00000000a8c00000|100%| E|CS|TAMS 0x00000000a8b00000| PB 0x00000000a8b00000| Complete 
| 652|0x00000000a8c00000, 0x00000000a8d00000, 0x00000000a8d00000|100%| E|CS|TAMS 0x00000000a8c00000| PB 0x00000000a8c00000| Complete 
| 653|0x00000000a8d00000, 0x00000000a8e00000, 0x00000000a8e00000|100%| E|CS|TAMS 0x00000000a8d00000| PB 0x00000000a8d00000| Complete 
| 654|0x00000000a8e00000, 0x00000000a8f00000, 0x00000000a8f00000|100%| E|CS|TAMS 0x00000000a8e00000| PB 0x00000000a8e00000| Complete 
| 655|0x00000000a8f00000, 0x00000000a9000000, 0x00000000a9000000|100%| E|CS|TAMS 0x00000000a8f00000| PB 0x00000000a8f00000| Complete 
| 656|0x00000000a9000000, 0x00000000a9100000, 0x00000000a9100000|100%| E|CS|TAMS 0x00000000a9000000| PB 0x00000000a9000000| Complete 
| 657|0x00000000a9100000, 0x00000000a9200000, 0x00000000a9200000|100%| E|CS|TAMS 0x00000000a9100000| PB 0x00000000a9100000| Complete 
| 658|0x00000000a9200000, 0x00000000a9300000, 0x00000000a9300000|100%| E|CS|TAMS 0x00000000a9200000| PB 0x00000000a9200000| Complete 
| 659|0x00000000a9300000, 0x00000000a9400000, 0x00000000a9400000|100%| E|CS|TAMS 0x00000000a9300000| PB 0x00000000a9300000| Complete 
| 660|0x00000000a9400000, 0x00000000a9500000, 0x00000000a9500000|100%| E|CS|TAMS 0x00000000a9400000| PB 0x00000000a9400000| Complete 
| 661|0x00000000a9500000, 0x00000000a9600000, 0x00000000a9600000|100%| E|CS|TAMS 0x00000000a9500000| PB 0x00000000a9500000| Complete 
| 662|0x00000000a9600000, 0x00000000a9700000, 0x00000000a9700000|100%| E|CS|TAMS 0x00000000a9600000| PB 0x00000000a9600000| Complete 
| 663|0x00000000a9700000, 0x00000000a9800000, 0x00000000a9800000|100%| E|CS|TAMS 0x00000000a9700000| PB 0x00000000a9700000| Complete 
| 664|0x00000000a9800000, 0x00000000a9900000, 0x00000000a9900000|100%| E|CS|TAMS 0x00000000a9800000| PB 0x00000000a9800000| Complete 
| 665|0x00000000a9900000, 0x00000000a9a00000, 0x00000000a9a00000|100%| E|CS|TAMS 0x00000000a9900000| PB 0x00000000a9900000| Complete 
| 666|0x00000000a9a00000, 0x00000000a9b00000, 0x00000000a9b00000|100%| E|CS|TAMS 0x00000000a9a00000| PB 0x00000000a9a00000| Complete 
| 667|0x00000000a9b00000, 0x00000000a9c00000, 0x00000000a9c00000|100%| E|CS|TAMS 0x00000000a9b00000| PB 0x00000000a9b00000| Complete 
| 668|0x00000000a9c00000, 0x00000000a9d00000, 0x00000000a9d00000|100%| E|CS|TAMS 0x00000000a9c00000| PB 0x00000000a9c00000| Complete 
| 669|0x00000000a9d00000, 0x00000000a9e00000, 0x00000000a9e00000|100%| E|CS|TAMS 0x00000000a9d00000| PB 0x00000000a9d00000| Complete 
| 670|0x00000000a9e00000, 0x00000000a9f00000, 0x00000000a9f00000|100%| E|CS|TAMS 0x00000000a9e00000| PB 0x00000000a9e00000| Complete 
| 671|0x00000000a9f00000, 0x00000000aa000000, 0x00000000aa000000|100%| E|CS|TAMS 0x00000000a9f00000| PB 0x00000000a9f00000| Complete 
| 672|0x00000000aa000000, 0x00000000aa100000, 0x00000000aa100000|100%| E|CS|TAMS 0x00000000aa000000| PB 0x00000000aa000000| Complete 
| 673|0x00000000aa100000, 0x00000000aa200000, 0x00000000aa200000|100%| E|CS|TAMS 0x00000000aa100000| PB 0x00000000aa100000| Complete 
| 674|0x00000000aa200000, 0x00000000aa300000, 0x00000000aa300000|100%| E|CS|TAMS 0x00000000aa200000| PB 0x00000000aa200000| Complete 
| 675|0x00000000aa300000, 0x00000000aa400000, 0x00000000aa400000|100%| E|CS|TAMS 0x00000000aa300000| PB 0x00000000aa300000| Complete 
| 676|0x00000000aa400000, 0x00000000aa500000, 0x00000000aa500000|100%| E|CS|TAMS 0x00000000aa400000| PB 0x00000000aa400000| Complete 
| 677|0x00000000aa500000, 0x00000000aa600000, 0x00000000aa600000|100%| E|CS|TAMS 0x00000000aa500000| PB 0x00000000aa500000| Complete 
| 678|0x00000000aa600000, 0x00000000aa700000, 0x00000000aa700000|100%| E|CS|TAMS 0x00000000aa600000| PB 0x00000000aa600000| Complete 
| 679|0x00000000aa700000, 0x00000000aa800000, 0x00000000aa800000|100%| E|CS|TAMS 0x00000000aa700000| PB 0x00000000aa700000| Complete 
| 680|0x00000000aa800000, 0x00000000aa900000, 0x00000000aa900000|100%| E|CS|TAMS 0x00000000aa800000| PB 0x00000000aa800000| Complete 
| 681|0x00000000aa900000, 0x00000000aaa00000, 0x00000000aaa00000|100%| E|CS|TAMS 0x00000000aa900000| PB 0x00000000aa900000| Complete 
| 682|0x00000000aaa00000, 0x00000000aab00000, 0x00000000aab00000|100%| E|CS|TAMS 0x00000000aaa00000| PB 0x00000000aaa00000| Complete 
| 683|0x00000000aab00000, 0x00000000aac00000, 0x00000000aac00000|100%| E|CS|TAMS 0x00000000aab00000| PB 0x00000000aab00000| Complete 
| 684|0x00000000aac00000, 0x00000000aad00000, 0x00000000aad00000|100%| E|CS|TAMS 0x00000000aac00000| PB 0x00000000aac00000| Complete 
| 685|0x00000000aad00000, 0x00000000aae00000, 0x00000000aae00000|100%| E|CS|TAMS 0x00000000aad00000| PB 0x00000000aad00000| Complete 
| 686|0x00000000aae00000, 0x00000000aaf00000, 0x00000000aaf00000|100%| E|CS|TAMS 0x00000000aae00000| PB 0x00000000aae00000| Complete 
| 687|0x00000000aaf00000, 0x00000000ab000000, 0x00000000ab000000|100%| E|CS|TAMS 0x00000000aaf00000| PB 0x00000000aaf00000| Complete 
| 688|0x00000000ab000000, 0x00000000ab100000, 0x00000000ab100000|100%| E|CS|TAMS 0x00000000ab000000| PB 0x00000000ab000000| Complete 
| 689|0x00000000ab100000, 0x00000000ab200000, 0x00000000ab200000|100%| E|CS|TAMS 0x00000000ab100000| PB 0x00000000ab100000| Complete 
| 690|0x00000000ab200000, 0x00000000ab300000, 0x00000000ab300000|100%| E|CS|TAMS 0x00000000ab200000| PB 0x00000000ab200000| Complete 
| 691|0x00000000ab300000, 0x00000000ab400000, 0x00000000ab400000|100%| E|CS|TAMS 0x00000000ab300000| PB 0x00000000ab300000| Complete 
| 692|0x00000000ab400000, 0x00000000ab500000, 0x00000000ab500000|100%| E|CS|TAMS 0x00000000ab400000| PB 0x00000000ab400000| Complete 
| 693|0x00000000ab500000, 0x00000000ab600000, 0x00000000ab600000|100%| E|CS|TAMS 0x00000000ab500000| PB 0x00000000ab500000| Complete 
| 694|0x00000000ab600000, 0x00000000ab700000, 0x00000000ab700000|100%| E|CS|TAMS 0x00000000ab600000| PB 0x00000000ab600000| Complete 
| 695|0x00000000ab700000, 0x00000000ab800000, 0x00000000ab800000|100%| E|CS|TAMS 0x00000000ab700000| PB 0x00000000ab700000| Complete 
| 696|0x00000000ab800000, 0x00000000ab900000, 0x00000000ab900000|100%| E|CS|TAMS 0x00000000ab800000| PB 0x00000000ab800000| Complete 
| 697|0x00000000ab900000, 0x00000000aba00000, 0x00000000aba00000|100%| E|CS|TAMS 0x00000000ab900000| PB 0x00000000ab900000| Complete 
| 698|0x00000000aba00000, 0x00000000abb00000, 0x00000000abb00000|100%| E|CS|TAMS 0x00000000aba00000| PB 0x00000000aba00000| Complete 
| 699|0x00000000abb00000, 0x00000000abc00000, 0x00000000abc00000|100%| E|CS|TAMS 0x00000000abb00000| PB 0x00000000abb00000| Complete 
| 700|0x00000000abc00000, 0x00000000abd00000, 0x00000000abd00000|100%| E|CS|TAMS 0x00000000abc00000| PB 0x00000000abc00000| Complete 
| 701|0x00000000abd00000, 0x00000000abe00000, 0x00000000abe00000|100%| E|CS|TAMS 0x00000000abd00000| PB 0x00000000abd00000| Complete 
| 702|0x00000000abe00000, 0x00000000abf00000, 0x00000000abf00000|100%| E|CS|TAMS 0x00000000abe00000| PB 0x00000000abe00000| Complete 
| 703|0x00000000abf00000, 0x00000000ac000000, 0x00000000ac000000|100%| E|CS|TAMS 0x00000000abf00000| PB 0x00000000abf00000| Complete 
| 704|0x00000000ac000000, 0x00000000ac100000, 0x00000000ac100000|100%| E|CS|TAMS 0x00000000ac000000| PB 0x00000000ac000000| Complete 
| 705|0x00000000ac100000, 0x00000000ac200000, 0x00000000ac200000|100%| E|CS|TAMS 0x00000000ac100000| PB 0x00000000ac100000| Complete 
| 706|0x00000000ac200000, 0x00000000ac300000, 0x00000000ac300000|100%| E|CS|TAMS 0x00000000ac200000| PB 0x00000000ac200000| Complete 
| 707|0x00000000ac300000, 0x00000000ac400000, 0x00000000ac400000|100%| E|CS|TAMS 0x00000000ac300000| PB 0x00000000ac300000| Complete 
| 708|0x00000000ac400000, 0x00000000ac500000, 0x00000000ac500000|100%| E|CS|TAMS 0x00000000ac400000| PB 0x00000000ac400000| Complete 
| 709|0x00000000ac500000, 0x00000000ac600000, 0x00000000ac600000|100%| E|CS|TAMS 0x00000000ac500000| PB 0x00000000ac500000| Complete 
| 710|0x00000000ac600000, 0x00000000ac700000, 0x00000000ac700000|100%| E|CS|TAMS 0x00000000ac600000| PB 0x00000000ac600000| Complete 
| 711|0x00000000ac700000, 0x00000000ac800000, 0x00000000ac800000|100%| E|CS|TAMS 0x00000000ac700000| PB 0x00000000ac700000| Complete 
| 712|0x00000000ac800000, 0x00000000ac900000, 0x00000000ac900000|100%| E|CS|TAMS 0x00000000ac800000| PB 0x00000000ac800000| Complete 
| 713|0x00000000ac900000, 0x00000000aca00000, 0x00000000aca00000|100%| E|CS|TAMS 0x00000000ac900000| PB 0x00000000ac900000| Complete 
| 714|0x00000000aca00000, 0x00000000acb00000, 0x00000000acb00000|100%| E|CS|TAMS 0x00000000aca00000| PB 0x00000000aca00000| Complete 
| 715|0x00000000acb00000, 0x00000000acc00000, 0x00000000acc00000|100%| E|CS|TAMS 0x00000000acb00000| PB 0x00000000acb00000| Complete 
| 716|0x00000000acc00000, 0x00000000acd00000, 0x00000000acd00000|100%| E|CS|TAMS 0x00000000acc00000| PB 0x00000000acc00000| Complete 
| 717|0x00000000acd00000, 0x00000000ace00000, 0x00000000ace00000|100%| E|CS|TAMS 0x00000000acd00000| PB 0x00000000acd00000| Complete 
| 718|0x00000000ace00000, 0x00000000acf00000, 0x00000000acf00000|100%| E|CS|TAMS 0x00000000ace00000| PB 0x00000000ace00000| Complete 
| 719|0x00000000acf00000, 0x00000000ad000000, 0x00000000ad000000|100%| E|CS|TAMS 0x00000000acf00000| PB 0x00000000acf00000| Complete 
| 720|0x00000000ad000000, 0x00000000ad100000, 0x00000000ad100000|100%| E|CS|TAMS 0x00000000ad000000| PB 0x00000000ad000000| Complete 
| 721|0x00000000ad100000, 0x00000000ad200000, 0x00000000ad200000|100%| E|CS|TAMS 0x00000000ad100000| PB 0x00000000ad100000| Complete 
| 722|0x00000000ad200000, 0x00000000ad300000, 0x00000000ad300000|100%| E|CS|TAMS 0x00000000ad200000| PB 0x00000000ad200000| Complete 
| 723|0x00000000ad300000, 0x00000000ad400000, 0x00000000ad400000|100%| E|CS|TAMS 0x00000000ad300000| PB 0x00000000ad300000| Complete 
| 724|0x00000000ad400000, 0x00000000ad500000, 0x00000000ad500000|100%| E|CS|TAMS 0x00000000ad400000| PB 0x00000000ad400000| Complete 
| 725|0x00000000ad500000, 0x00000000ad600000, 0x00000000ad600000|100%| E|CS|TAMS 0x00000000ad500000| PB 0x00000000ad500000| Complete 
| 726|0x00000000ad600000, 0x00000000ad700000, 0x00000000ad700000|100%| E|CS|TAMS 0x00000000ad600000| PB 0x00000000ad600000| Complete 
| 727|0x00000000ad700000, 0x00000000ad800000, 0x00000000ad800000|100%| E|CS|TAMS 0x00000000ad700000| PB 0x00000000ad700000| Complete 
| 728|0x00000000ad800000, 0x00000000ad900000, 0x00000000ad900000|100%| E|CS|TAMS 0x00000000ad800000| PB 0x00000000ad800000| Complete 
| 729|0x00000000ad900000, 0x00000000ada00000, 0x00000000ada00000|100%| E|CS|TAMS 0x00000000ad900000| PB 0x00000000ad900000| Complete 
| 730|0x00000000ada00000, 0x00000000adb00000, 0x00000000adb00000|100%| E|CS|TAMS 0x00000000ada00000| PB 0x00000000ada00000| Complete 
| 731|0x00000000adb00000, 0x00000000adc00000, 0x00000000adc00000|100%| E|CS|TAMS 0x00000000adb00000| PB 0x00000000adb00000| Complete 
| 732|0x00000000adc00000, 0x00000000add00000, 0x00000000add00000|100%| E|CS|TAMS 0x00000000adc00000| PB 0x00000000adc00000| Complete 
| 733|0x00000000add00000, 0x00000000ade00000, 0x00000000ade00000|100%| E|CS|TAMS 0x00000000add00000| PB 0x00000000add00000| Complete 
| 734|0x00000000ade00000, 0x00000000adf00000, 0x00000000adf00000|100%| E|CS|TAMS 0x00000000ade00000| PB 0x00000000ade00000| Complete 
| 735|0x00000000adf00000, 0x00000000ae000000, 0x00000000ae000000|100%| E|CS|TAMS 0x00000000adf00000| PB 0x00000000adf00000| Complete 
| 736|0x00000000ae000000, 0x00000000ae100000, 0x00000000ae100000|100%| E|CS|TAMS 0x00000000ae000000| PB 0x00000000ae000000| Complete 
| 737|0x00000000ae100000, 0x00000000ae200000, 0x00000000ae200000|100%| E|CS|TAMS 0x00000000ae100000| PB 0x00000000ae100000| Complete 
| 738|0x00000000ae200000, 0x00000000ae300000, 0x00000000ae300000|100%| E|CS|TAMS 0x00000000ae200000| PB 0x00000000ae200000| Complete 
| 739|0x00000000ae300000, 0x00000000ae400000, 0x00000000ae400000|100%| E|CS|TAMS 0x00000000ae300000| PB 0x00000000ae300000| Complete 
| 740|0x00000000ae400000, 0x00000000ae500000, 0x00000000ae500000|100%| E|CS|TAMS 0x00000000ae400000| PB 0x00000000ae400000| Complete 
| 741|0x00000000ae500000, 0x00000000ae600000, 0x00000000ae600000|100%| E|CS|TAMS 0x00000000ae500000| PB 0x00000000ae500000| Complete 
| 742|0x00000000ae600000, 0x00000000ae700000, 0x00000000ae700000|100%| E|CS|TAMS 0x00000000ae600000| PB 0x00000000ae600000| Complete 
| 743|0x00000000ae700000, 0x00000000ae800000, 0x00000000ae800000|100%| E|CS|TAMS 0x00000000ae700000| PB 0x00000000ae700000| Complete 
| 744|0x00000000ae800000, 0x00000000ae900000, 0x00000000ae900000|100%| E|CS|TAMS 0x00000000ae800000| PB 0x00000000ae800000| Complete 
| 745|0x00000000ae900000, 0x00000000aea00000, 0x00000000aea00000|100%| E|CS|TAMS 0x00000000ae900000| PB 0x00000000ae900000| Complete 
| 746|0x00000000aea00000, 0x00000000aeb00000, 0x00000000aeb00000|100%| E|CS|TAMS 0x00000000aea00000| PB 0x00000000aea00000| Complete 
| 747|0x00000000aeb00000, 0x00000000aec00000, 0x00000000aec00000|100%| E|CS|TAMS 0x00000000aeb00000| PB 0x00000000aeb00000| Complete 
| 748|0x00000000aec00000, 0x00000000aed00000, 0x00000000aed00000|100%| E|CS|TAMS 0x00000000aec00000| PB 0x00000000aec00000| Complete 
| 749|0x00000000aed00000, 0x00000000aee00000, 0x00000000aee00000|100%| E|CS|TAMS 0x00000000aed00000| PB 0x00000000aed00000| Complete 
| 750|0x00000000aee00000, 0x00000000aef00000, 0x00000000aef00000|100%| E|CS|TAMS 0x00000000aee00000| PB 0x00000000aee00000| Complete 
| 751|0x00000000aef00000, 0x00000000af000000, 0x00000000af000000|100%| E|CS|TAMS 0x00000000aef00000| PB 0x00000000aef00000| Complete 
| 752|0x00000000af000000, 0x00000000af100000, 0x00000000af100000|100%| E|CS|TAMS 0x00000000af000000| PB 0x00000000af000000| Complete 
| 753|0x00000000af100000, 0x00000000af200000, 0x00000000af200000|100%| E|CS|TAMS 0x00000000af100000| PB 0x00000000af100000| Complete 
| 754|0x00000000af200000, 0x00000000af300000, 0x00000000af300000|100%| E|CS|TAMS 0x00000000af200000| PB 0x00000000af200000| Complete 
| 755|0x00000000af300000, 0x00000000af400000, 0x00000000af400000|100%| E|CS|TAMS 0x00000000af300000| PB 0x00000000af300000| Complete 
| 756|0x00000000af400000, 0x00000000af500000, 0x00000000af500000|100%| E|CS|TAMS 0x00000000af400000| PB 0x00000000af400000| Complete 
| 757|0x00000000af500000, 0x00000000af600000, 0x00000000af600000|100%| E|CS|TAMS 0x00000000af500000| PB 0x00000000af500000| Complete 
| 758|0x00000000af600000, 0x00000000af700000, 0x00000000af700000|100%| E|CS|TAMS 0x00000000af600000| PB 0x00000000af600000| Complete 
| 759|0x00000000af700000, 0x00000000af800000, 0x00000000af800000|100%| E|CS|TAMS 0x00000000af700000| PB 0x00000000af700000| Complete 
| 760|0x00000000af800000, 0x00000000af900000, 0x00000000af900000|100%| E|CS|TAMS 0x00000000af800000| PB 0x00000000af800000| Complete 
| 761|0x00000000af900000, 0x00000000afa00000, 0x00000000afa00000|100%| E|CS|TAMS 0x00000000af900000| PB 0x00000000af900000| Complete 
| 762|0x00000000afa00000, 0x00000000afb00000, 0x00000000afb00000|100%| E|CS|TAMS 0x00000000afa00000| PB 0x00000000afa00000| Complete 
| 763|0x00000000afb00000, 0x00000000afc00000, 0x00000000afc00000|100%| E|CS|TAMS 0x00000000afb00000| PB 0x00000000afb00000| Complete 
| 764|0x00000000afc00000, 0x00000000afd00000, 0x00000000afd00000|100%| E|CS|TAMS 0x00000000afc00000| PB 0x00000000afc00000| Complete 
| 765|0x00000000afd00000, 0x00000000afe00000, 0x00000000afe00000|100%| E|CS|TAMS 0x00000000afd00000| PB 0x00000000afd00000| Complete 
| 766|0x00000000afe00000, 0x00000000aff00000, 0x00000000aff00000|100%| E|CS|TAMS 0x00000000afe00000| PB 0x00000000afe00000| Complete 
| 767|0x00000000aff00000, 0x00000000b0000000, 0x00000000b0000000|100%| E|CS|TAMS 0x00000000aff00000| PB 0x00000000aff00000| Complete 
| 768|0x00000000b0000000, 0x00000000b0100000, 0x00000000b0100000|100%| E|CS|TAMS 0x00000000b0000000| PB 0x00000000b0000000| Complete 
| 769|0x00000000b0100000, 0x00000000b0200000, 0x00000000b0200000|100%| E|CS|TAMS 0x00000000b0100000| PB 0x00000000b0100000| Complete 
| 770|0x00000000b0200000, 0x00000000b0300000, 0x00000000b0300000|100%| E|CS|TAMS 0x00000000b0200000| PB 0x00000000b0200000| Complete 
| 771|0x00000000b0300000, 0x00000000b0400000, 0x00000000b0400000|100%| E|CS|TAMS 0x00000000b0300000| PB 0x00000000b0300000| Complete 
| 772|0x00000000b0400000, 0x00000000b0500000, 0x00000000b0500000|100%| E|CS|TAMS 0x00000000b0400000| PB 0x00000000b0400000| Complete 
| 773|0x00000000b0500000, 0x00000000b0600000, 0x00000000b0600000|100%| E|CS|TAMS 0x00000000b0500000| PB 0x00000000b0500000| Complete 
| 774|0x00000000b0600000, 0x00000000b0700000, 0x00000000b0700000|100%| E|CS|TAMS 0x00000000b0600000| PB 0x00000000b0600000| Complete 
| 775|0x00000000b0700000, 0x00000000b0800000, 0x00000000b0800000|100%| E|CS|TAMS 0x00000000b0700000| PB 0x00000000b0700000| Complete 
| 776|0x00000000b0800000, 0x00000000b0900000, 0x00000000b0900000|100%| E|CS|TAMS 0x00000000b0800000| PB 0x00000000b0800000| Complete 
| 777|0x00000000b0900000, 0x00000000b0a00000, 0x00000000b0a00000|100%| E|CS|TAMS 0x00000000b0900000| PB 0x00000000b0900000| Complete 
| 778|0x00000000b0a00000, 0x00000000b0b00000, 0x00000000b0b00000|100%| E|CS|TAMS 0x00000000b0a00000| PB 0x00000000b0a00000| Complete 
| 779|0x00000000b0b00000, 0x00000000b0c00000, 0x00000000b0c00000|100%| E|CS|TAMS 0x00000000b0b00000| PB 0x00000000b0b00000| Complete 
| 780|0x00000000b0c00000, 0x00000000b0d00000, 0x00000000b0d00000|100%| E|CS|TAMS 0x00000000b0c00000| PB 0x00000000b0c00000| Complete 
| 781|0x00000000b0d00000, 0x00000000b0e00000, 0x00000000b0e00000|100%| E|CS|TAMS 0x00000000b0d00000| PB 0x00000000b0d00000| Complete 
| 782|0x00000000b0e00000, 0x00000000b0f00000, 0x00000000b0f00000|100%| E|CS|TAMS 0x00000000b0e00000| PB 0x00000000b0e00000| Complete 
| 783|0x00000000b0f00000, 0x00000000b1000000, 0x00000000b1000000|100%| E|CS|TAMS 0x00000000b0f00000| PB 0x00000000b0f00000| Complete 
| 784|0x00000000b1000000, 0x00000000b1100000, 0x00000000b1100000|100%| E|CS|TAMS 0x00000000b1000000| PB 0x00000000b1000000| Complete 
| 785|0x00000000b1100000, 0x00000000b1200000, 0x00000000b1200000|100%| E|CS|TAMS 0x00000000b1100000| PB 0x00000000b1100000| Complete 
| 786|0x00000000b1200000, 0x00000000b1300000, 0x00000000b1300000|100%| E|CS|TAMS 0x00000000b1200000| PB 0x00000000b1200000| Complete 
| 787|0x00000000b1300000, 0x00000000b1400000, 0x00000000b1400000|100%| E|CS|TAMS 0x00000000b1300000| PB 0x00000000b1300000| Complete 
| 788|0x00000000b1400000, 0x00000000b1500000, 0x00000000b1500000|100%| E|CS|TAMS 0x00000000b1400000| PB 0x00000000b1400000| Complete 
| 789|0x00000000b1500000, 0x00000000b1600000, 0x00000000b1600000|100%| E|CS|TAMS 0x00000000b1500000| PB 0x00000000b1500000| Complete 
| 790|0x00000000b1600000, 0x00000000b1700000, 0x00000000b1700000|100%| E|CS|TAMS 0x00000000b1600000| PB 0x00000000b1600000| Complete 
| 791|0x00000000b1700000, 0x00000000b1800000, 0x00000000b1800000|100%| E|CS|TAMS 0x00000000b1700000| PB 0x00000000b1700000| Complete 
| 792|0x00000000b1800000, 0x00000000b1900000, 0x00000000b1900000|100%| E|CS|TAMS 0x00000000b1800000| PB 0x00000000b1800000| Complete 
| 793|0x00000000b1900000, 0x00000000b1a00000, 0x00000000b1a00000|100%| E|CS|TAMS 0x00000000b1900000| PB 0x00000000b1900000| Complete 
| 794|0x00000000b1a00000, 0x00000000b1b00000, 0x00000000b1b00000|100%| E|CS|TAMS 0x00000000b1a00000| PB 0x00000000b1a00000| Complete 
| 795|0x00000000b1b00000, 0x00000000b1c00000, 0x00000000b1c00000|100%| E|CS|TAMS 0x00000000b1b00000| PB 0x00000000b1b00000| Complete 
| 796|0x00000000b1c00000, 0x00000000b1d00000, 0x00000000b1d00000|100%| E|CS|TAMS 0x00000000b1c00000| PB 0x00000000b1c00000| Complete 
| 797|0x00000000b1d00000, 0x00000000b1e00000, 0x00000000b1e00000|100%| E|CS|TAMS 0x00000000b1d00000| PB 0x00000000b1d00000| Complete 
| 798|0x00000000b1e00000, 0x00000000b1f00000, 0x00000000b1f00000|100%| E|CS|TAMS 0x00000000b1e00000| PB 0x00000000b1e00000| Complete 
| 799|0x00000000b1f00000, 0x00000000b2000000, 0x00000000b2000000|100%| E|CS|TAMS 0x00000000b1f00000| PB 0x00000000b1f00000| Complete 
| 800|0x00000000b2000000, 0x00000000b2100000, 0x00000000b2100000|100%| E|CS|TAMS 0x00000000b2000000| PB 0x00000000b2000000| Complete 
| 801|0x00000000b2100000, 0x00000000b2200000, 0x00000000b2200000|100%| E|CS|TAMS 0x00000000b2100000| PB 0x00000000b2100000| Complete 
| 802|0x00000000b2200000, 0x00000000b2300000, 0x00000000b2300000|100%| E|CS|TAMS 0x00000000b2200000| PB 0x00000000b2200000| Complete 
| 803|0x00000000b2300000, 0x00000000b2400000, 0x00000000b2400000|100%| E|CS|TAMS 0x00000000b2300000| PB 0x00000000b2300000| Complete 
| 804|0x00000000b2400000, 0x00000000b2500000, 0x00000000b2500000|100%| E|CS|TAMS 0x00000000b2400000| PB 0x00000000b2400000| Complete 
| 805|0x00000000b2500000, 0x00000000b2600000, 0x00000000b2600000|100%| E|CS|TAMS 0x00000000b2500000| PB 0x00000000b2500000| Complete 
| 806|0x00000000b2600000, 0x00000000b2700000, 0x00000000b2700000|100%| E|CS|TAMS 0x00000000b2600000| PB 0x00000000b2600000| Complete 
| 807|0x00000000b2700000, 0x00000000b2800000, 0x00000000b2800000|100%| E|CS|TAMS 0x00000000b2700000| PB 0x00000000b2700000| Complete 
| 808|0x00000000b2800000, 0x00000000b2900000, 0x00000000b2900000|100%| E|CS|TAMS 0x00000000b2800000| PB 0x00000000b2800000| Complete 
| 809|0x00000000b2900000, 0x00000000b2a00000, 0x00000000b2a00000|100%| E|CS|TAMS 0x00000000b2900000| PB 0x00000000b2900000| Complete 
| 810|0x00000000b2a00000, 0x00000000b2b00000, 0x00000000b2b00000|100%| E|CS|TAMS 0x00000000b2a00000| PB 0x00000000b2a00000| Complete 
| 811|0x00000000b2b00000, 0x00000000b2c00000, 0x00000000b2c00000|100%| E|CS|TAMS 0x00000000b2b00000| PB 0x00000000b2b00000| Complete 
| 812|0x00000000b2c00000, 0x00000000b2d00000, 0x00000000b2d00000|100%| E|CS|TAMS 0x00000000b2c00000| PB 0x00000000b2c00000| Complete 
| 813|0x00000000b2d00000, 0x00000000b2e00000, 0x00000000b2e00000|100%| E|CS|TAMS 0x00000000b2d00000| PB 0x00000000b2d00000| Complete 
| 814|0x00000000b2e00000, 0x00000000b2f00000, 0x00000000b2f00000|100%| E|CS|TAMS 0x00000000b2e00000| PB 0x00000000b2e00000| Complete 
| 815|0x00000000b2f00000, 0x00000000b3000000, 0x00000000b3000000|100%| E|CS|TAMS 0x00000000b2f00000| PB 0x00000000b2f00000| Complete 
| 816|0x00000000b3000000, 0x00000000b3100000, 0x00000000b3100000|100%| E|CS|TAMS 0x00000000b3000000| PB 0x00000000b3000000| Complete 
| 817|0x00000000b3100000, 0x00000000b3200000, 0x00000000b3200000|100%| E|CS|TAMS 0x00000000b3100000| PB 0x00000000b3100000| Complete 
| 818|0x00000000b3200000, 0x00000000b3300000, 0x00000000b3300000|100%| E|CS|TAMS 0x00000000b3200000| PB 0x00000000b3200000| Complete 
| 819|0x00000000b3300000, 0x00000000b3400000, 0x00000000b3400000|100%| E|CS|TAMS 0x00000000b3300000| PB 0x00000000b3300000| Complete 
| 820|0x00000000b3400000, 0x00000000b3500000, 0x00000000b3500000|100%| E|CS|TAMS 0x00000000b3400000| PB 0x00000000b3400000| Complete 
| 821|0x00000000b3500000, 0x00000000b3600000, 0x00000000b3600000|100%| E|CS|TAMS 0x00000000b3500000| PB 0x00000000b3500000| Complete 
| 822|0x00000000b3600000, 0x00000000b3700000, 0x00000000b3700000|100%| E|CS|TAMS 0x00000000b3600000| PB 0x00000000b3600000| Complete 
| 823|0x00000000b3700000, 0x00000000b3800000, 0x00000000b3800000|100%| E|CS|TAMS 0x00000000b3700000| PB 0x00000000b3700000| Complete 
| 824|0x00000000b3800000, 0x00000000b3900000, 0x00000000b3900000|100%| E|CS|TAMS 0x00000000b3800000| PB 0x00000000b3800000| Complete 
| 825|0x00000000b3900000, 0x00000000b3a00000, 0x00000000b3a00000|100%| E|CS|TAMS 0x00000000b3900000| PB 0x00000000b3900000| Complete 
| 826|0x00000000b3a00000, 0x00000000b3b00000, 0x00000000b3b00000|100%| E|CS|TAMS 0x00000000b3a00000| PB 0x00000000b3a00000| Complete 
| 827|0x00000000b3b00000, 0x00000000b3c00000, 0x00000000b3c00000|100%| E|CS|TAMS 0x00000000b3b00000| PB 0x00000000b3b00000| Complete 
| 828|0x00000000b3c00000, 0x00000000b3d00000, 0x00000000b3d00000|100%| E|CS|TAMS 0x00000000b3c00000| PB 0x00000000b3c00000| Complete 
| 829|0x00000000b3d00000, 0x00000000b3e00000, 0x00000000b3e00000|100%| E|CS|TAMS 0x00000000b3d00000| PB 0x00000000b3d00000| Complete 
| 830|0x00000000b3e00000, 0x00000000b3f00000, 0x00000000b3f00000|100%| E|CS|TAMS 0x00000000b3e00000| PB 0x00000000b3e00000| Complete 
| 831|0x00000000b3f00000, 0x00000000b4000000, 0x00000000b4000000|100%| E|CS|TAMS 0x00000000b3f00000| PB 0x00000000b3f00000| Complete 
| 832|0x00000000b4000000, 0x00000000b4100000, 0x00000000b4100000|100%| E|CS|TAMS 0x00000000b4000000| PB 0x00000000b4000000| Complete 
| 833|0x00000000b4100000, 0x00000000b4200000, 0x00000000b4200000|100%| E|CS|TAMS 0x00000000b4100000| PB 0x00000000b4100000| Complete 
| 834|0x00000000b4200000, 0x00000000b4300000, 0x00000000b4300000|100%| E|CS|TAMS 0x00000000b4200000| PB 0x00000000b4200000| Complete 
| 835|0x00000000b4300000, 0x00000000b4400000, 0x00000000b4400000|100%| E|CS|TAMS 0x00000000b4300000| PB 0x00000000b4300000| Complete 
| 836|0x00000000b4400000, 0x00000000b4500000, 0x00000000b4500000|100%| E|CS|TAMS 0x00000000b4400000| PB 0x00000000b4400000| Complete 
| 837|0x00000000b4500000, 0x00000000b4600000, 0x00000000b4600000|100%| E|CS|TAMS 0x00000000b4500000| PB 0x00000000b4500000| Complete 
| 838|0x00000000b4600000, 0x00000000b4700000, 0x00000000b4700000|100%| E|CS|TAMS 0x00000000b4600000| PB 0x00000000b4600000| Complete 
| 839|0x00000000b4700000, 0x00000000b4800000, 0x00000000b4800000|100%| E|CS|TAMS 0x00000000b4700000| PB 0x00000000b4700000| Complete 
| 840|0x00000000b4800000, 0x00000000b4900000, 0x00000000b4900000|100%| E|CS|TAMS 0x00000000b4800000| PB 0x00000000b4800000| Complete 
| 841|0x00000000b4900000, 0x00000000b4a00000, 0x00000000b4a00000|100%| E|CS|TAMS 0x00000000b4900000| PB 0x00000000b4900000| Complete 
| 842|0x00000000b4a00000, 0x00000000b4b00000, 0x00000000b4b00000|100%| E|CS|TAMS 0x00000000b4a00000| PB 0x00000000b4a00000| Complete 
| 843|0x00000000b4b00000, 0x00000000b4c00000, 0x00000000b4c00000|100%| E|CS|TAMS 0x00000000b4b00000| PB 0x00000000b4b00000| Complete 
| 844|0x00000000b4c00000, 0x00000000b4d00000, 0x00000000b4d00000|100%| E|CS|TAMS 0x00000000b4c00000| PB 0x00000000b4c00000| Complete 
| 845|0x00000000b4d00000, 0x00000000b4e00000, 0x00000000b4e00000|100%| E|CS|TAMS 0x00000000b4d00000| PB 0x00000000b4d00000| Complete 
| 846|0x00000000b4e00000, 0x00000000b4f00000, 0x00000000b4f00000|100%| E|CS|TAMS 0x00000000b4e00000| PB 0x00000000b4e00000| Complete 
| 847|0x00000000b4f00000, 0x00000000b5000000, 0x00000000b5000000|100%| E|CS|TAMS 0x00000000b4f00000| PB 0x00000000b4f00000| Complete 
| 848|0x00000000b5000000, 0x00000000b5100000, 0x00000000b5100000|100%| E|CS|TAMS 0x00000000b5000000| PB 0x00000000b5000000| Complete 
| 849|0x00000000b5100000, 0x00000000b5200000, 0x00000000b5200000|100%| E|CS|TAMS 0x00000000b5100000| PB 0x00000000b5100000| Complete 
| 850|0x00000000b5200000, 0x00000000b5300000, 0x00000000b5300000|100%| E|CS|TAMS 0x00000000b5200000| PB 0x00000000b5200000| Complete 
| 851|0x00000000b5300000, 0x00000000b5400000, 0x00000000b5400000|100%| E|CS|TAMS 0x00000000b5300000| PB 0x00000000b5300000| Complete 
| 852|0x00000000b5400000, 0x00000000b5500000, 0x00000000b5500000|100%| E|CS|TAMS 0x00000000b5400000| PB 0x00000000b5400000| Complete 
| 853|0x00000000b5500000, 0x00000000b5600000, 0x00000000b5600000|100%| E|CS|TAMS 0x00000000b5500000| PB 0x00000000b5500000| Complete 
| 854|0x00000000b5600000, 0x00000000b5700000, 0x00000000b5700000|100%| E|CS|TAMS 0x00000000b5600000| PB 0x00000000b5600000| Complete 
| 855|0x00000000b5700000, 0x00000000b5800000, 0x00000000b5800000|100%| E|CS|TAMS 0x00000000b5700000| PB 0x00000000b5700000| Complete 
| 856|0x00000000b5800000, 0x00000000b5900000, 0x00000000b5900000|100%| E|CS|TAMS 0x00000000b5800000| PB 0x00000000b5800000| Complete 
| 857|0x00000000b5900000, 0x00000000b5a00000, 0x00000000b5a00000|100%| E|CS|TAMS 0x00000000b5900000| PB 0x00000000b5900000| Complete 
| 858|0x00000000b5a00000, 0x00000000b5b00000, 0x00000000b5b00000|100%| E|CS|TAMS 0x00000000b5a00000| PB 0x00000000b5a00000| Complete 
| 859|0x00000000b5b00000, 0x00000000b5c00000, 0x00000000b5c00000|100%| E|CS|TAMS 0x00000000b5b00000| PB 0x00000000b5b00000| Complete 
| 860|0x00000000b5c00000, 0x00000000b5d00000, 0x00000000b5d00000|100%| E|CS|TAMS 0x00000000b5c00000| PB 0x00000000b5c00000| Complete 
| 861|0x00000000b5d00000, 0x00000000b5e00000, 0x00000000b5e00000|100%| E|CS|TAMS 0x00000000b5d00000| PB 0x00000000b5d00000| Complete 
| 862|0x00000000b5e00000, 0x00000000b5f00000, 0x00000000b5f00000|100%| E|CS|TAMS 0x00000000b5e00000| PB 0x00000000b5e00000| Complete 
| 863|0x00000000b5f00000, 0x00000000b6000000, 0x00000000b6000000|100%| E|CS|TAMS 0x00000000b5f00000| PB 0x00000000b5f00000| Complete 
| 864|0x00000000b6000000, 0x00000000b6100000, 0x00000000b6100000|100%| E|CS|TAMS 0x00000000b6000000| PB 0x00000000b6000000| Complete 
| 865|0x00000000b6100000, 0x00000000b6200000, 0x00000000b6200000|100%| E|CS|TAMS 0x00000000b6100000| PB 0x00000000b6100000| Complete 
| 866|0x00000000b6200000, 0x00000000b6300000, 0x00000000b6300000|100%| E|CS|TAMS 0x00000000b6200000| PB 0x00000000b6200000| Complete 
| 867|0x00000000b6300000, 0x00000000b6400000, 0x00000000b6400000|100%| E|CS|TAMS 0x00000000b6300000| PB 0x00000000b6300000| Complete 
| 868|0x00000000b6400000, 0x00000000b6500000, 0x00000000b6500000|100%| E|CS|TAMS 0x00000000b6400000| PB 0x00000000b6400000| Complete 
| 869|0x00000000b6500000, 0x00000000b6600000, 0x00000000b6600000|100%| E|CS|TAMS 0x00000000b6500000| PB 0x00000000b6500000| Complete 
| 870|0x00000000b6600000, 0x00000000b6700000, 0x00000000b6700000|100%| E|CS|TAMS 0x00000000b6600000| PB 0x00000000b6600000| Complete 
| 871|0x00000000b6700000, 0x00000000b6800000, 0x00000000b6800000|100%| E|CS|TAMS 0x00000000b6700000| PB 0x00000000b6700000| Complete 
| 872|0x00000000b6800000, 0x00000000b6900000, 0x00000000b6900000|100%| E|CS|TAMS 0x00000000b6800000| PB 0x00000000b6800000| Complete 
| 873|0x00000000b6900000, 0x00000000b6a00000, 0x00000000b6a00000|100%| E|CS|TAMS 0x00000000b6900000| PB 0x00000000b6900000| Complete 
| 874|0x00000000b6a00000, 0x00000000b6b00000, 0x00000000b6b00000|100%| E|CS|TAMS 0x00000000b6a00000| PB 0x00000000b6a00000| Complete 
| 875|0x00000000b6b00000, 0x00000000b6c00000, 0x00000000b6c00000|100%| E|CS|TAMS 0x00000000b6b00000| PB 0x00000000b6b00000| Complete 
| 876|0x00000000b6c00000, 0x00000000b6d00000, 0x00000000b6d00000|100%| E|CS|TAMS 0x00000000b6c00000| PB 0x00000000b6c00000| Complete 
| 877|0x00000000b6d00000, 0x00000000b6e00000, 0x00000000b6e00000|100%| E|CS|TAMS 0x00000000b6d00000| PB 0x00000000b6d00000| Complete 
| 878|0x00000000b6e00000, 0x00000000b6f00000, 0x00000000b6f00000|100%| E|CS|TAMS 0x00000000b6e00000| PB 0x00000000b6e00000| Complete 
| 879|0x00000000b6f00000, 0x00000000b7000000, 0x00000000b7000000|100%| E|CS|TAMS 0x00000000b6f00000| PB 0x00000000b6f00000| Complete 
| 880|0x00000000b7000000, 0x00000000b7100000, 0x00000000b7100000|100%| E|CS|TAMS 0x00000000b7000000| PB 0x00000000b7000000| Complete 
| 881|0x00000000b7100000, 0x00000000b7200000, 0x00000000b7200000|100%| E|CS|TAMS 0x00000000b7100000| PB 0x00000000b7100000| Complete 
| 882|0x00000000b7200000, 0x00000000b7300000, 0x00000000b7300000|100%| E|CS|TAMS 0x00000000b7200000| PB 0x00000000b7200000| Complete 
| 883|0x00000000b7300000, 0x00000000b7400000, 0x00000000b7400000|100%| E|CS|TAMS 0x00000000b7300000| PB 0x00000000b7300000| Complete 
| 884|0x00000000b7400000, 0x00000000b7500000, 0x00000000b7500000|100%| E|CS|TAMS 0x00000000b7400000| PB 0x00000000b7400000| Complete 
| 885|0x00000000b7500000, 0x00000000b7600000, 0x00000000b7600000|100%| E|CS|TAMS 0x00000000b7500000| PB 0x00000000b7500000| Complete 
| 886|0x00000000b7600000, 0x00000000b7700000, 0x00000000b7700000|100%| E|CS|TAMS 0x00000000b7600000| PB 0x00000000b7600000| Complete 
| 887|0x00000000b7700000, 0x00000000b7800000, 0x00000000b7800000|100%| E|CS|TAMS 0x00000000b7700000| PB 0x00000000b7700000| Complete 
| 888|0x00000000b7800000, 0x00000000b7900000, 0x00000000b7900000|100%| E|CS|TAMS 0x00000000b7800000| PB 0x00000000b7800000| Complete 
| 889|0x00000000b7900000, 0x00000000b7a00000, 0x00000000b7a00000|100%| E|CS|TAMS 0x00000000b7900000| PB 0x00000000b7900000| Complete 
| 890|0x00000000b7a00000, 0x00000000b7b00000, 0x00000000b7b00000|100%| E|CS|TAMS 0x00000000b7a00000| PB 0x00000000b7a00000| Complete 
| 891|0x00000000b7b00000, 0x00000000b7c00000, 0x00000000b7c00000|100%| E|CS|TAMS 0x00000000b7b00000| PB 0x00000000b7b00000| Complete 
| 892|0x00000000b7c00000, 0x00000000b7d00000, 0x00000000b7d00000|100%| E|CS|TAMS 0x00000000b7c00000| PB 0x00000000b7c00000| Complete 
| 893|0x00000000b7d00000, 0x00000000b7e00000, 0x00000000b7e00000|100%| E|CS|TAMS 0x00000000b7d00000| PB 0x00000000b7d00000| Complete 
| 894|0x00000000b7e00000, 0x00000000b7f00000, 0x00000000b7f00000|100%| E|CS|TAMS 0x00000000b7e00000| PB 0x00000000b7e00000| Complete 
| 895|0x00000000b7f00000, 0x00000000b8000000, 0x00000000b8000000|100%| E|CS|TAMS 0x00000000b7f00000| PB 0x00000000b7f00000| Complete 
| 896|0x00000000b8000000, 0x00000000b8100000, 0x00000000b8100000|100%| E|CS|TAMS 0x00000000b8000000| PB 0x00000000b8000000| Complete 
| 897|0x00000000b8100000, 0x00000000b8200000, 0x00000000b8200000|100%| E|CS|TAMS 0x00000000b8100000| PB 0x00000000b8100000| Complete 
| 898|0x00000000b8200000, 0x00000000b8300000, 0x00000000b8300000|100%| E|CS|TAMS 0x00000000b8200000| PB 0x00000000b8200000| Complete 
| 899|0x00000000b8300000, 0x00000000b8400000, 0x00000000b8400000|100%| E|CS|TAMS 0x00000000b8300000| PB 0x00000000b8300000| Complete 
| 900|0x00000000b8400000, 0x00000000b8500000, 0x00000000b8500000|100%| E|CS|TAMS 0x00000000b8400000| PB 0x00000000b8400000| Complete 
| 901|0x00000000b8500000, 0x00000000b8600000, 0x00000000b8600000|100%| E|CS|TAMS 0x00000000b8500000| PB 0x00000000b8500000| Complete 
| 902|0x00000000b8600000, 0x00000000b8700000, 0x00000000b8700000|100%| E|CS|TAMS 0x00000000b8600000| PB 0x00000000b8600000| Complete 
| 903|0x00000000b8700000, 0x00000000b8800000, 0x00000000b8800000|100%| E|CS|TAMS 0x00000000b8700000| PB 0x00000000b8700000| Complete 
| 904|0x00000000b8800000, 0x00000000b8900000, 0x00000000b8900000|100%| E|CS|TAMS 0x00000000b8800000| PB 0x00000000b8800000| Complete 
| 905|0x00000000b8900000, 0x00000000b8a00000, 0x00000000b8a00000|100%| E|CS|TAMS 0x00000000b8900000| PB 0x00000000b8900000| Complete 
| 906|0x00000000b8a00000, 0x00000000b8b00000, 0x00000000b8b00000|100%| E|CS|TAMS 0x00000000b8a00000| PB 0x00000000b8a00000| Complete 
| 907|0x00000000b8b00000, 0x00000000b8c00000, 0x00000000b8c00000|100%| E|CS|TAMS 0x00000000b8b00000| PB 0x00000000b8b00000| Complete 
| 908|0x00000000b8c00000, 0x00000000b8d00000, 0x00000000b8d00000|100%| E|CS|TAMS 0x00000000b8c00000| PB 0x00000000b8c00000| Complete 
| 909|0x00000000b8d00000, 0x00000000b8e00000, 0x00000000b8e00000|100%| E|CS|TAMS 0x00000000b8d00000| PB 0x00000000b8d00000| Complete 
| 910|0x00000000b8e00000, 0x00000000b8f00000, 0x00000000b8f00000|100%| E|CS|TAMS 0x00000000b8e00000| PB 0x00000000b8e00000| Complete 
| 911|0x00000000b8f00000, 0x00000000b9000000, 0x00000000b9000000|100%| E|CS|TAMS 0x00000000b8f00000| PB 0x00000000b8f00000| Complete 
| 912|0x00000000b9000000, 0x00000000b9100000, 0x00000000b9100000|100%| E|CS|TAMS 0x00000000b9000000| PB 0x00000000b9000000| Complete 
| 913|0x00000000b9100000, 0x00000000b9200000, 0x00000000b9200000|100%| E|CS|TAMS 0x00000000b9100000| PB 0x00000000b9100000| Complete 
| 914|0x00000000b9200000, 0x00000000b9300000, 0x00000000b9300000|100%| E|CS|TAMS 0x00000000b9200000| PB 0x00000000b9200000| Complete 
| 915|0x00000000b9300000, 0x00000000b9400000, 0x00000000b9400000|100%| E|CS|TAMS 0x00000000b9300000| PB 0x00000000b9300000| Complete 
| 916|0x00000000b9400000, 0x00000000b9500000, 0x00000000b9500000|100%| E|CS|TAMS 0x00000000b9400000| PB 0x00000000b9400000| Complete 
| 917|0x00000000b9500000, 0x00000000b9600000, 0x00000000b9600000|100%| E|CS|TAMS 0x00000000b9500000| PB 0x00000000b9500000| Complete 
| 918|0x00000000b9600000, 0x00000000b9700000, 0x00000000b9700000|100%| E|CS|TAMS 0x00000000b9600000| PB 0x00000000b9600000| Complete 
| 919|0x00000000b9700000, 0x00000000b9800000, 0x00000000b9800000|100%| E|CS|TAMS 0x00000000b9700000| PB 0x00000000b9700000| Complete 
| 920|0x00000000b9800000, 0x00000000b9900000, 0x00000000b9900000|100%| E|CS|TAMS 0x00000000b9800000| PB 0x00000000b9800000| Complete 
| 921|0x00000000b9900000, 0x00000000b9a00000, 0x00000000b9a00000|100%| E|CS|TAMS 0x00000000b9900000| PB 0x00000000b9900000| Complete 
| 922|0x00000000b9a00000, 0x00000000b9b00000, 0x00000000b9b00000|100%| E|CS|TAMS 0x00000000b9a00000| PB 0x00000000b9a00000| Complete 
| 923|0x00000000b9b00000, 0x00000000b9c00000, 0x00000000b9c00000|100%| E|CS|TAMS 0x00000000b9b00000| PB 0x00000000b9b00000| Complete 
| 924|0x00000000b9c00000, 0x00000000b9d00000, 0x00000000b9d00000|100%| E|CS|TAMS 0x00000000b9c00000| PB 0x00000000b9c00000| Complete 
| 925|0x00000000b9d00000, 0x00000000b9e00000, 0x00000000b9e00000|100%| E|CS|TAMS 0x00000000b9d00000| PB 0x00000000b9d00000| Complete 
| 926|0x00000000b9e00000, 0x00000000b9f00000, 0x00000000b9f00000|100%| E|CS|TAMS 0x00000000b9e00000| PB 0x00000000b9e00000| Complete 
| 927|0x00000000b9f00000, 0x00000000ba000000, 0x00000000ba000000|100%| E|CS|TAMS 0x00000000b9f00000| PB 0x00000000b9f00000| Complete 
| 928|0x00000000ba000000, 0x00000000ba100000, 0x00000000ba100000|100%| E|CS|TAMS 0x00000000ba000000| PB 0x00000000ba000000| Complete 
| 929|0x00000000ba100000, 0x00000000ba200000, 0x00000000ba200000|100%| E|CS|TAMS 0x00000000ba100000| PB 0x00000000ba100000| Complete 
| 930|0x00000000ba200000, 0x00000000ba300000, 0x00000000ba300000|100%| E|CS|TAMS 0x00000000ba200000| PB 0x00000000ba200000| Complete 
| 931|0x00000000ba300000, 0x00000000ba400000, 0x00000000ba400000|100%| E|CS|TAMS 0x00000000ba300000| PB 0x00000000ba300000| Complete 
|1990|0x00000000fc600000, 0x00000000fc700000, 0x00000000fc700000|100%| E|CS|TAMS 0x00000000fc600000| PB 0x00000000fc600000| Complete 
|1991|0x00000000fc700000, 0x00000000fc800000, 0x00000000fc800000|100%| E|CS|TAMS 0x00000000fc700000| PB 0x00000000fc700000| Complete 
|1992|0x00000000fc800000, 0x00000000fc900000, 0x00000000fc900000|100%| E|CS|TAMS 0x00000000fc800000| PB 0x00000000fc800000| Complete 
|1993|0x00000000fc900000, 0x00000000fca00000, 0x00000000fca00000|100%| E|CS|TAMS 0x00000000fc900000| PB 0x00000000fc900000| Complete 
|1994|0x00000000fca00000, 0x00000000fcb00000, 0x00000000fcb00000|100%| E|CS|TAMS 0x00000000fca00000| PB 0x00000000fca00000| Complete 
|1995|0x00000000fcb00000, 0x00000000fcc00000, 0x00000000fcc00000|100%| E|CS|TAMS 0x00000000fcb00000| PB 0x00000000fcb00000| Complete 
|1996|0x00000000fcc00000, 0x00000000fcd00000, 0x00000000fcd00000|100%| E|CS|TAMS 0x00000000fcc00000| PB 0x00000000fcc00000| Complete 
|1997|0x00000000fcd00000, 0x00000000fce00000, 0x00000000fce00000|100%| E|CS|TAMS 0x00000000fcd00000| PB 0x00000000fcd00000| Complete 
|1998|0x00000000fce00000, 0x00000000fcf00000, 0x00000000fcf00000|100%| E|CS|TAMS 0x00000000fce00000| PB 0x00000000fce00000| Complete 
|1999|0x00000000fcf00000, 0x00000000fd000000, 0x00000000fd000000|100%| E|CS|TAMS 0x00000000fcf00000| PB 0x00000000fcf00000| Complete 
|2000|0x00000000fd000000, 0x00000000fd100000, 0x00000000fd100000|100%| E|CS|TAMS 0x00000000fd000000| PB 0x00000000fd000000| Complete 
|2001|0x00000000fd100000, 0x00000000fd200000, 0x00000000fd200000|100%| E|CS|TAMS 0x00000000fd100000| PB 0x00000000fd100000| Complete 
|2002|0x00000000fd200000, 0x00000000fd300000, 0x00000000fd300000|100%| E|CS|TAMS 0x00000000fd200000| PB 0x00000000fd200000| Complete 
|2003|0x00000000fd300000, 0x00000000fd400000, 0x00000000fd400000|100%| E|CS|TAMS 0x00000000fd300000| PB 0x00000000fd300000| Complete 
|2004|0x00000000fd400000, 0x00000000fd500000, 0x00000000fd500000|100%| E|CS|TAMS 0x00000000fd400000| PB 0x00000000fd400000| Complete 
|2005|0x00000000fd500000, 0x00000000fd600000, 0x00000000fd600000|100%| E|CS|TAMS 0x00000000fd500000| PB 0x00000000fd500000| Complete 
|2006|0x00000000fd600000, 0x00000000fd700000, 0x00000000fd700000|100%| E|CS|TAMS 0x00000000fd600000| PB 0x00000000fd600000| Complete 
|2007|0x00000000fd700000, 0x00000000fd800000, 0x00000000fd800000|100%| E|CS|TAMS 0x00000000fd700000| PB 0x00000000fd700000| Complete 
|2008|0x00000000fd800000, 0x00000000fd900000, 0x00000000fd900000|100%| E|CS|TAMS 0x00000000fd800000| PB 0x00000000fd800000| Complete 
|2009|0x00000000fd900000, 0x00000000fda00000, 0x00000000fda00000|100%| E|CS|TAMS 0x00000000fd900000| PB 0x00000000fd900000| Complete 
|2010|0x00000000fda00000, 0x00000000fdb00000, 0x00000000fdb00000|100%| E|CS|TAMS 0x00000000fda00000| PB 0x00000000fda00000| Complete 
|2011|0x00000000fdb00000, 0x00000000fdc00000, 0x00000000fdc00000|100%| E|CS|TAMS 0x00000000fdb00000| PB 0x00000000fdb00000| Complete 
|2012|0x00000000fdc00000, 0x00000000fdd00000, 0x00000000fdd00000|100%| E|CS|TAMS 0x00000000fdc00000| PB 0x00000000fdc00000| Complete 
|2013|0x00000000fdd00000, 0x00000000fde00000, 0x00000000fde00000|100%| E|CS|TAMS 0x00000000fdd00000| PB 0x00000000fdd00000| Complete 
|2014|0x00000000fde00000, 0x00000000fdf00000, 0x00000000fdf00000|100%| E|CS|TAMS 0x00000000fde00000| PB 0x00000000fde00000| Complete 
|2015|0x00000000fdf00000, 0x00000000fe000000, 0x00000000fe000000|100%| E|CS|TAMS 0x00000000fdf00000| PB 0x00000000fdf00000| Complete 
|2016|0x00000000fe000000, 0x00000000fe100000, 0x00000000fe100000|100%| E|CS|TAMS 0x00000000fe000000| PB 0x00000000fe000000| Complete 
|2017|0x00000000fe100000, 0x00000000fe200000, 0x00000000fe200000|100%| E|CS|TAMS 0x00000000fe100000| PB 0x00000000fe100000| Complete 
|2018|0x00000000fe200000, 0x00000000fe300000, 0x00000000fe300000|100%| E|CS|TAMS 0x00000000fe200000| PB 0x00000000fe200000| Complete 
|2019|0x00000000fe300000, 0x00000000fe400000, 0x00000000fe400000|100%| E|CS|TAMS 0x00000000fe300000| PB 0x00000000fe300000| Complete 
|2020|0x00000000fe400000, 0x00000000fe500000, 0x00000000fe500000|100%| E|CS|TAMS 0x00000000fe400000| PB 0x00000000fe400000| Complete 
|2021|0x00000000fe500000, 0x00000000fe600000, 0x00000000fe600000|100%| E|CS|TAMS 0x00000000fe500000| PB 0x00000000fe500000| Complete 
|2022|0x00000000fe600000, 0x00000000fe700000, 0x00000000fe700000|100%| E|CS|TAMS 0x00000000fe600000| PB 0x00000000fe600000| Complete 
|2023|0x00000000fe700000, 0x00000000fe800000, 0x00000000fe800000|100%| E|CS|TAMS 0x00000000fe700000| PB 0x00000000fe700000| Complete 
|2024|0x00000000fe800000, 0x00000000fe900000, 0x00000000fe900000|100%| E|CS|TAMS 0x00000000fe800000| PB 0x00000000fe800000| Complete 
|2025|0x00000000fe900000, 0x00000000fea00000, 0x00000000fea00000|100%| E|CS|TAMS 0x00000000fe900000| PB 0x00000000fe900000| Complete 
|2026|0x00000000fea00000, 0x00000000feb00000, 0x00000000feb00000|100%| E|CS|TAMS 0x00000000fea00000| PB 0x00000000fea00000| Complete 
|2027|0x00000000feb00000, 0x00000000fec00000, 0x00000000fec00000|100%| E|CS|TAMS 0x00000000feb00000| PB 0x00000000feb00000| Complete 
|2028|0x00000000fec00000, 0x00000000fed00000, 0x00000000fed00000|100%| E|CS|TAMS 0x00000000fec00000| PB 0x00000000fec00000| Complete 
|2029|0x00000000fed00000, 0x00000000fee00000, 0x00000000fee00000|100%| E|CS|TAMS 0x00000000fed00000| PB 0x00000000fed00000| Complete 
|2030|0x00000000fee00000, 0x00000000fef00000, 0x00000000fef00000|100%| E|CS|TAMS 0x00000000fee00000| PB 0x00000000fee00000| Complete 
|2031|0x00000000fef00000, 0x00000000ff000000, 0x00000000ff000000|100%| E|CS|TAMS 0x00000000fef00000| PB 0x00000000fef00000| Complete 
|2032|0x00000000ff000000, 0x00000000ff100000, 0x00000000ff100000|100%| O|  |TAMS 0x00000000ff000000| PB 0x00000000ff000000| Untracked 
|2033|0x00000000ff100000, 0x00000000ff200000, 0x00000000ff200000|100%| E|CS|TAMS 0x00000000ff100000| PB 0x00000000ff100000| Complete 
|2034|0x00000000ff200000, 0x00000000ff300000, 0x00000000ff300000|100%| E|CS|TAMS 0x00000000ff200000| PB 0x00000000ff200000| Complete 
|2035|0x00000000ff300000, 0x00000000ff400000, 0x00000000ff400000|100%| O|  |TAMS 0x00000000ff300000| PB 0x00000000ff300000| Untracked 
|2036|0x00000000ff400000, 0x00000000ff500000, 0x00000000ff500000|100%| E|CS|TAMS 0x00000000ff400000| PB 0x00000000ff400000| Complete 
|2037|0x00000000ff500000, 0x00000000ff600000, 0x00000000ff600000|100%| E|CS|TAMS 0x00000000ff500000| PB 0x00000000ff500000| Complete 
|2038|0x00000000ff600000, 0x00000000ff700000, 0x00000000ff700000|100%| E|CS|TAMS 0x00000000ff600000| PB 0x00000000ff600000| Complete 
|2039|0x00000000ff700000, 0x00000000ff800000, 0x00000000ff800000|100%| O|  |TAMS 0x00000000ff700000| PB 0x00000000ff700000| Untracked 
|2040|0x00000000ff800000, 0x00000000ff900000, 0x00000000ff900000|100%| O|  |TAMS 0x00000000ff800000| PB 0x00000000ff800000| Untracked 
|2041|0x00000000ff900000, 0x00000000ffa00000, 0x00000000ffa00000|100%| O|  |TAMS 0x00000000ff900000| PB 0x00000000ff900000| Untracked 
|2042|0x00000000ffa00000, 0x00000000ffb00000, 0x00000000ffb00000|100%| O|  |TAMS 0x00000000ffa00000| PB 0x00000000ffa00000| Untracked 
|2043|0x00000000ffb00000, 0x00000000ffc00000, 0x00000000ffc00000|100%| O|  |TAMS 0x00000000ffb00000| PB 0x00000000ffb00000| Untracked 
|2044|0x00000000ffc00000, 0x00000000ffd00000, 0x00000000ffd00000|100%| O|  |TAMS 0x00000000ffc00000| PB 0x00000000ffc00000| Untracked 
|2045|0x00000000ffd00000, 0x00000000ffe00000, 0x00000000ffe00000|100%| E|CS|TAMS 0x00000000ffd00000| PB 0x00000000ffd00000| Complete 
|2046|0x00000000ffe00000, 0x00000000fff00000, 0x00000000fff00000|100%| E|CS|TAMS 0x00000000ffe00000| PB 0x00000000ffe00000| Complete 
|2047|0x00000000fff00000, 0x0000000100000000, 0x0000000100000000|100%| E|CS|TAMS 0x00000000fff00000| PB 0x00000000fff00000| Complete 

Card table byte_map: [0x000002743d8e0000,0x000002743dce0000] _byte_map_base: 0x000002743d4e0000

Marking Bits: (CMBitMap*) 0x000002741875a120
 Bits: [0x000002743dce0000, 0x000002743fce0000)

Polling page: 0x0000027415e90000

Metaspace:

Usage:
  Non-class:    291.36 MB used.
      Class:     40.79 MB used.
       Both:    332.15 MB used.

Virtual space:
  Non-class space:      320.00 MB reserved,     294.19 MB ( 92%) committed,  5 nodes.
      Class space:        1.00 GB reserved,      42.94 MB (  4%) committed,  1 nodes.
             Both:        1.31 GB reserved,     337.12 MB ( 25%) committed. 

Chunk freelists:
   Non-Class:  9.49 MB
       Class:  5.07 MB
        Both:  14.56 MB

MaxMetaspaceSize: unlimited
CompressedClassSpaceSize: 1.00 GB
Initial GC threshold: 21.00 MB
Current GC threshold: 561.56 MB
CDS: on
 - commit_granule_bytes: 65536.
 - commit_granule_words: 8192.
 - virtual_space_node_default_size: 8388608.
 - enlarge_chunks_in_place: 1.
 - use_allocation_guard: 0.


Internal statistics:

num_allocs_failed_limit: 78.
num_arena_births: 5446.
num_arena_deaths: 234.
num_vsnodes_births: 6.
num_vsnodes_deaths: 0.
num_space_committed: 5388.
num_space_uncommitted: 0.
num_chunks_returned_to_freelist: 398.
num_chunks_taken_from_freelist: 22800.
num_chunk_merges: 174.
num_chunk_splits: 13483.
num_chunks_enlarged: 6914.
num_inconsistent_stats: 0.

CodeHeap 'non-profiled nmethods': size=259328Kb used=15005Kb max_used=15005Kb free=244322Kb
 bounds [0x000002742c9b0000, 0x000002742d860000, 0x000002743c6f0000]
CodeHeap 'profiled nmethods': size=259264Kb used=62724Kb max_used=62724Kb free=196539Kb
 bounds [0x000002741c6f0000, 0x0000027420440000, 0x000002742c420000]
CodeHeap 'non-nmethods': size=5696Kb used=3382Kb max_used=3418Kb free=2314Kb
 bounds [0x000002742c420000, 0x000002742c790000, 0x000002742c9b0000]
 total_blobs=30133 nmethods=28097 adapters=1938
 compilation: enabled
              stopped_count=0, restarted_count=0
 full_count=0

Compilation events (20 events):
Event: 160.600 Thread 0x00000274420ecd30 nmethod 37685 0x0000027420431c90 code [0x0000027420431e40, 0x0000027420432028]
Event: 160.600 Thread 0x00000274420ecd30 37683       3       com.jetbrains.rider.spellChecker.RiderSpellCheckingTarget::getEndOffset (10 bytes)
Event: 160.600 Thread 0x00000274420ecd30 nmethod 37683 0x0000027420432110 code [0x00000274204322c0, 0x0000027420432498]
Event: 160.600 Thread 0x00000274420ecd30 37686       3       kotlinx.coroutines.sync.MutexImpl::access$getOwner$volatile$FU (4 bytes)
Event: 160.600 Thread 0x00000274420ecd30 nmethod 37686 0x0000027420432590 code [0x0000027420432740, 0x0000027420432890]
Event: 160.602 Thread 0x00000274420ecd30 37690       3       com.intellij.openapi.editor.impl.view.EditorView::offsetToVisualLine (24 bytes)
Event: 160.602 Thread 0x00000274420ecd30 nmethod 37690 0x0000027420432990 code [0x0000027420432c60, 0x00000274204337b8]
Event: 160.602 Thread 0x00000274420ecd30 37691       1       com.jetbrains.rdclient.daemon.highlighters.gutterMarks.GutterMarkInfo::getWeight (5 bytes)
Event: 160.602 Thread 0x00000274420ecd30 nmethod 37691 0x000002742d853590 code [0x000002742d853720, 0x000002742d8537e8]
Event: 160.605 Thread 0x00000274420ecd30 37692       3       java.util.Arrays::primitiveArrayHashCode (127 bytes)
Event: 160.605 Thread 0x00000274420ecd30 nmethod 37692 0x0000027420433c90 code [0x0000027420433f60, 0x0000027420434c90]
Event: 160.608 Thread 0x00000274420e9140 nmethod 37681 0x000002742d853890 code [0x000002742d853b60, 0x000002742d854730]
Event: 160.608 Thread 0x00000274420e9140 37687       4       com.intellij.openapi.editor.markup.MarkupEditorFilter$$Lambda/0x0000027447517c90::avaliableIn (5 bytes)
Event: 160.608 Thread 0x00000274420e9140 nmethod 37687 0x000002742d854f90 code [0x000002742d855120, 0x000002742d8551b0]
Event: 160.608 Thread 0x00000274420e9140 37688       4       com.intellij.openapi.editor.impl.HighlighterFilter::shouldRender (63 bytes)
Event: 160.609 Thread 0x00000274420e9140 nmethod 37688 0x000002742d855290 code [0x000002742d855420, 0x000002742d855508]
Event: 160.609 Thread 0x00000274420e9140 37684       4       com.intellij.openapi.util.UserDataHolderBase::putUserData (85 bytes)
Event: 160.611 Thread 0x00000274420e9140 nmethod 37684 0x000002742d855610 code [0x000002742d8557c0, 0x000002742d8559d8]
Event: 160.611 Thread 0x00000274420e9140 37689       4       com.intellij.openapi.editor.impl.IntervalTreeImpl::findMinOverlappingWith (176 bytes)
Event: 160.612 Thread 0x00000274420ecd30 37694       3       java.util.stream.AbstractPipeline::evaluate (44 bytes)

GC Heap History (20 events):
Event: 149.578 GC heap before
{Heap before GC invocations=91 (full 2):
 garbage-first heap   total 1013760K, used 957126K [0x0000000080000000, 0x0000000100000000)
  region size 1024K, 590 young (604160K), 4 survivors (4096K)
 Metaspace       used 336252K, committed 341376K, reserved 1376256K
  class space    used 41377K, committed 43584K, reserved 1048576K
}
Event: 149.588 GC heap after
{Heap after GC invocations=92 (full 2):
 garbage-first heap   total 1013760K, used 353886K [0x0000000080000000, 0x0000000100000000)
  region size 1024K, 4 young (4096K), 4 survivors (4096K)
 Metaspace       used 336252K, committed 341376K, reserved 1376256K
  class space    used 41377K, committed 43584K, reserved 1048576K
}
Event: 150.310 GC heap before
{Heap before GC invocations=92 (full 2):
 garbage-first heap   total 1013760K, used 957022K [0x0000000080000000, 0x0000000100000000)
  region size 1024K, 593 young (607232K), 4 survivors (4096K)
 Metaspace       used 336258K, committed 341376K, reserved 1376256K
  class space    used 41377K, committed 43584K, reserved 1048576K
}
Event: 150.321 GC heap after
{Heap after GC invocations=93 (full 2):
 garbage-first heap   total 1013760K, used 354953K [0x0000000080000000, 0x0000000100000000)
  region size 1024K, 4 young (4096K), 4 survivors (4096K)
 Metaspace       used 336258K, committed 341376K, reserved 1376256K
  class space    used 41377K, committed 43584K, reserved 1048576K
}
Event: 151.150 GC heap before
{Heap before GC invocations=94 (full 2):
 garbage-first heap   total 1013760K, used 957065K [0x0000000080000000, 0x0000000100000000)
  region size 1024K, 592 young (606208K), 4 survivors (4096K)
 Metaspace       used 336260K, committed 341376K, reserved 1376256K
  class space    used 41377K, committed 43584K, reserved 1048576K
}
Event: 151.154 GC heap after
{Heap after GC invocations=95 (full 2):
 garbage-first heap   total 1013760K, used 355231K [0x0000000080000000, 0x0000000100000000)
  region size 1024K, 1 young (1024K), 1 survivors (1024K)
 Metaspace       used 336260K, committed 341376K, reserved 1376256K
  class space    used 41377K, committed 43584K, reserved 1048576K
}
Event: 151.843 GC heap before
{Heap before GC invocations=95 (full 2):
 garbage-first heap   total 1013760K, used 960415K [0x0000000080000000, 0x0000000100000000)
  region size 1024K, 592 young (606208K), 1 survivors (1024K)
 Metaspace       used 336432K, committed 341568K, reserved 1376256K
  class space    used 41399K, committed 43584K, reserved 1048576K
}
Event: 151.850 GC heap after
{Heap after GC invocations=96 (full 2):
 garbage-first heap   total 1013760K, used 352011K [0x0000000080000000, 0x0000000100000000)
  region size 1024K, 1 young (1024K), 1 survivors (1024K)
 Metaspace       used 336432K, committed 341568K, reserved 1376256K
  class space    used 41399K, committed 43584K, reserved 1048576K
}
Event: 154.244 GC heap before
{Heap before GC invocations=96 (full 2):
 garbage-first heap   total 1013760K, used 958219K [0x0000000080000000, 0x0000000100000000)
  region size 1024K, 594 young (608256K), 1 survivors (1024K)
 Metaspace       used 338262K, committed 343360K, reserved 1376256K
  class space    used 41566K, committed 43776K, reserved 1048576K
}
Event: 154.258 GC heap after
{Heap after GC invocations=97 (full 2):
 garbage-first heap   total 1013760K, used 359213K [0x0000000080000000, 0x0000000100000000)
  region size 1024K, 8 young (8192K), 8 survivors (8192K)
 Metaspace       used 338262K, committed 343360K, reserved 1376256K
  class space    used 41566K, committed 43776K, reserved 1048576K
}
Event: 155.469 GC heap before
{Heap before GC invocations=98 (full 2):
 garbage-first heap   total 1013760K, used 952109K [0x0000000080000000, 0x0000000100000000)
  region size 1024K, 587 young (601088K), 8 survivors (8192K)
 Metaspace       used 339264K, committed 344320K, reserved 1376256K
  class space    used 41704K, committed 43904K, reserved 1048576K
}
Event: 155.475 GC heap after
{Heap after GC invocations=99 (full 2):
 garbage-first heap   total 1013760K, used 360831K [0x0000000080000000, 0x0000000100000000)
  region size 1024K, 9 young (9216K), 9 survivors (9216K)
 Metaspace       used 339264K, committed 344320K, reserved 1376256K
  class space    used 41704K, committed 43904K, reserved 1048576K
}
Event: 156.484 GC heap before
{Heap before GC invocations=99 (full 2):
 garbage-first heap   total 1013760K, used 951679K [0x0000000080000000, 0x0000000100000000)
  region size 1024K, 586 young (600064K), 9 survivors (9216K)
 Metaspace       used 339631K, committed 344704K, reserved 1376256K
  class space    used 41752K, committed 43968K, reserved 1048576K
}
Event: 156.492 GC heap after
{Heap after GC invocations=100 (full 2):
 garbage-first heap   total 1013760K, used 357928K [0x0000000080000000, 0x0000000100000000)
  region size 1024K, 10 young (10240K), 10 survivors (10240K)
 Metaspace       used 339631K, committed 344704K, reserved 1376256K
  class space    used 41752K, committed 43968K, reserved 1048576K
}
Event: 158.298 GC heap before
{Heap before GC invocations=100 (full 2):
 garbage-first heap   total 1013760K, used 950824K [0x0000000080000000, 0x0000000100000000)
  region size 1024K, 589 young (603136K), 10 survivors (10240K)
 Metaspace       used 339870K, committed 344960K, reserved 1376256K
  class space    used 41765K, committed 43968K, reserved 1048576K
}
Event: 158.325 GC heap after
{Heap after GC invocations=101 (full 2):
 garbage-first heap   total 1013760K, used 361601K [0x0000000080000000, 0x0000000100000000)
  region size 1024K, 13 young (13312K), 13 survivors (13312K)
 Metaspace       used 339870K, committed 344960K, reserved 1376256K
  class space    used 41765K, committed 43968K, reserved 1048576K
}
Event: 159.353 GC heap before
{Heap before GC invocations=102 (full 2):
 garbage-first heap   total 1013760K, used 948353K [0x0000000080000000, 0x0000000100000000)
  region size 1024K, 586 young (600064K), 13 survivors (13312K)
 Metaspace       used 339962K, committed 345088K, reserved 1376256K
  class space    used 41765K, committed 43968K, reserved 1048576K
}
Event: 159.358 GC heap after
{Heap after GC invocations=103 (full 2):
 garbage-first heap   total 1013760K, used 359319K [0x0000000080000000, 0x0000000100000000)
  region size 1024K, 11 young (11264K), 11 survivors (11264K)
 Metaspace       used 339962K, committed 345088K, reserved 1376256K
  class space    used 41765K, committed 43968K, reserved 1048576K
}
Event: 160.130 GC heap before
{Heap before GC invocations=103 (full 2):
 garbage-first heap   total 1013760K, used 949143K [0x0000000080000000, 0x0000000100000000)
  region size 1024K, 588 young (602112K), 11 survivors (11264K)
 Metaspace       used 340082K, committed 345152K, reserved 1376256K
  class space    used 41768K, committed 43968K, reserved 1048576K
}
Event: 160.138 GC heap after
{Heap after GC invocations=104 (full 2):
 garbage-first heap   total 1013760K, used 358240K [0x0000000080000000, 0x0000000100000000)
  region size 1024K, 11 young (11264K), 11 survivors (11264K)
 Metaspace       used 340082K, committed 345152K, reserved 1376256K
  class space    used 41768K, committed 43968K, reserved 1048576K
}

Dll operation events (3 events):
Event: 0.011 Loaded shared library C:\Program Files\JetBrains\JetBrains Rider 2025.2\jbr\bin\java.dll
Event: 0.012 Loaded shared library C:\Program Files\JetBrains\JetBrains Rider 2025.2\jbr\bin\zip.dll
Event: 0.258 Loaded shared library C:\Program Files\JetBrains\JetBrains Rider 2025.2\jbr\bin\verify.dll

Deoptimization events (20 events):
Event: 160.484 Thread 0x000002757db67c40 DEOPT PACKING pc=0x0000027420400e08 sp=0x000000ef8d3fea40
Event: 160.484 Thread 0x000002757db67c40 DEOPT UNPACKING pc=0x000002742c474e42 sp=0x000000ef8d3fdf50 mode 0
Event: 160.484 Thread 0x000002757db67c40 DEOPT PACKING pc=0x0000027420400e08 sp=0x000000ef8d3fea40
Event: 160.484 Thread 0x000002757db67c40 DEOPT UNPACKING pc=0x000002742c474e42 sp=0x000000ef8d3fdf50 mode 0
Event: 160.582 Thread 0x00000274b4eeb5a0 Uncommon trap: trap_request=0xffffff45 fr.pc=0x000002742d8099fc relative=0x0000000000001e9c
Event: 160.582 Thread 0x00000274b4eeb5a0 Uncommon trap: reason=unstable_if action=reinterpret pc=0x000002742d8099fc method=kotlinx.coroutines.CancellableContinuationImpl.cancel(Ljava/lang/Throwable;)Z @ 72 c2
Event: 160.582 Thread 0x00000274b4eeb5a0 DEOPT PACKING pc=0x000002742d8099fc sp=0x000000ef84ff12a0
Event: 160.582 Thread 0x00000274b4eeb5a0 DEOPT UNPACKING pc=0x000002742c4746a2 sp=0x000000ef84ff1100 mode 2
Event: 160.584 Thread 0x00000274b4eeb5a0 Uncommon trap: trap_request=0xffffff45 fr.pc=0x000002742d735944 relative=0x0000000000000a24
Event: 160.584 Thread 0x00000274b4eeb5a0 Uncommon trap: reason=unstable_if action=reinterpret pc=0x000002742d735944 method=com.intellij.openapi.editor.impl.IntervalTreeImpl$IntervalNode.computeDeltaUpToRoot()I @ 4 c2
Event: 160.584 Thread 0x00000274b4eeb5a0 DEOPT PACKING pc=0x000002742d735944 sp=0x000000ef84ff11c0
Event: 160.584 Thread 0x00000274b4eeb5a0 DEOPT UNPACKING pc=0x000002742c4746a2 sp=0x000000ef84ff1140 mode 2
Event: 160.584 Thread 0x00000274b4eeb5a0 Uncommon trap: trap_request=0xffffff45 fr.pc=0x000002742d7f1134 relative=0x0000000000000094
Event: 160.584 Thread 0x00000274b4eeb5a0 Uncommon trap: reason=unstable_if action=reinterpret pc=0x000002742d7f1134 method=com.intellij.openapi.editor.impl.IntervalTreeImpl.maxEndOf(Lcom/intellij/openapi/editor/impl/IntervalTreeImpl$IntervalNode;I)I @ 10 c2
Event: 160.584 Thread 0x00000274b4eeb5a0 DEOPT PACKING pc=0x000002742d7f1134 sp=0x000000ef84ff1160
Event: 160.584 Thread 0x00000274b4eeb5a0 DEOPT UNPACKING pc=0x000002742c4746a2 sp=0x000000ef84ff10f8 mode 2
Event: 160.584 Thread 0x00000274b4eeb5a0 Uncommon trap: trap_request=0xffffff45 fr.pc=0x000002742d7b2cc0 relative=0x0000000000000180
Event: 160.584 Thread 0x00000274b4eeb5a0 Uncommon trap: reason=unstable_if action=reinterpret pc=0x000002742d7b2cc0 method=com.intellij.openapi.editor.impl.IntervalTreeImpl.pushDelta(Lcom/intellij/openapi/editor/impl/IntervalTreeImpl$IntervalNode;)V @ 8 c2
Event: 160.584 Thread 0x00000274b4eeb5a0 DEOPT PACKING pc=0x000002742d7b2cc0 sp=0x000000ef84ff1330
Event: 160.584 Thread 0x00000274b4eeb5a0 DEOPT UNPACKING pc=0x000002742c4746a2 sp=0x000000ef84ff12b0 mode 2

Classes loaded (20 events):
Event: 158.184 Loading class kotlin/jvm/functions/Function1
Event: 158.184 Loading class kotlin/jvm/functions/Function1 done
Event: 158.184 Loading class kotlin/jvm/functions/Function1
Event: 158.184 Loading class kotlin/jvm/functions/Function1 done
Event: 158.184 Loading class com/jetbrains/rdclient/daemon/util/HighlighterModelAgnosticComparator
Event: 158.184 Loading class com/jetbrains/rdclient/daemon/util/HighlighterModelAgnosticComparator done
Event: 158.190 Loading class com/jetbrains/rider/editors/inlineDoc/RiderInlineDocFoldingSupportKt
Event: 158.190 Loading class com/jetbrains/rider/editors/inlineDoc/RiderInlineDocFoldingSupportKt done
Event: 159.714 Loading class com/intellij/openapi/editor/impl/ErrorStripeMarkersModel
Event: 159.714 Loading class com/intellij/openapi/editor/impl/ErrorStripeMarkersModel done
Event: 159.714 Loading class com/intellij/openapi/editor/ex/RangeHighlighterEx
Event: 159.714 Loading class com/intellij/openapi/editor/ex/RangeHighlighterEx done
Event: 159.715 Loading class com/intellij/openapi/editor/impl/ErrorStripeMarkersModel
Event: 159.715 Loading class com/intellij/openapi/editor/impl/ErrorStripeMarkersModel done
Event: 159.715 Loading class com/intellij/openapi/editor/ex/RangeHighlighterEx
Event: 159.715 Loading class com/intellij/openapi/editor/ex/RangeHighlighterEx done
Event: 160.584 Loading class com/intellij/openapi/editor/impl/CaretModelImpl
Event: 160.584 Loading class com/intellij/openapi/editor/impl/CaretModelImpl done
Event: 160.585 Loading class com/intellij/openapi/editor/Inlay
Event: 160.585 Loading class com/intellij/openapi/editor/Inlay done

Classes unloaded (20 events):
Event: 113.734 Thread 0x00000274420bccc0 Unloading class 0x00000274463e8c00 'jdk/internal/reflect/GeneratedSerializationConstructorAccessor20'
Event: 113.734 Thread 0x00000274420bccc0 Unloading class 0x00000274463e8800 'jdk/internal/reflect/GeneratedSerializationConstructorAccessor19'
Event: 113.734 Thread 0x00000274420bccc0 Unloading class 0x00000274463e8400 'jdk/internal/reflect/GeneratedSerializationConstructorAccessor18'
Event: 113.734 Thread 0x00000274420bccc0 Unloading class 0x00000274463e8000 'jdk/internal/reflect/GeneratedSerializationConstructorAccessor17'
Event: 113.734 Thread 0x00000274420bccc0 Unloading class 0x00000274463dac00 'jdk/internal/reflect/GeneratedSerializationConstructorAccessor16'
Event: 113.734 Thread 0x00000274420bccc0 Unloading class 0x00000274463da800 'jdk/internal/reflect/GeneratedSerializationConstructorAccessor15'
Event: 113.734 Thread 0x00000274420bccc0 Unloading class 0x00000274463da400 'jdk/internal/reflect/GeneratedSerializationConstructorAccessor14'
Event: 113.734 Thread 0x00000274420bccc0 Unloading class 0x00000274463da000 'jdk/internal/reflect/GeneratedSerializationConstructorAccessor13'
Event: 113.734 Thread 0x00000274420bccc0 Unloading class 0x00000274463d9c00 'jdk/internal/reflect/GeneratedSerializationConstructorAccessor12'
Event: 113.734 Thread 0x00000274420bccc0 Unloading class 0x00000274463d9800 'jdk/internal/reflect/GeneratedSerializationConstructorAccessor11'
Event: 113.734 Thread 0x00000274420bccc0 Unloading class 0x00000274463d9400 'jdk/internal/reflect/GeneratedSerializationConstructorAccessor10'
Event: 113.734 Thread 0x00000274420bccc0 Unloading class 0x00000274463d9000 'jdk/internal/reflect/GeneratedSerializationConstructorAccessor9'
Event: 113.734 Thread 0x00000274420bccc0 Unloading class 0x00000274463d8c00 'jdk/internal/reflect/GeneratedSerializationConstructorAccessor8'
Event: 113.734 Thread 0x00000274420bccc0 Unloading class 0x00000274463d8800 'jdk/internal/reflect/GeneratedSerializationConstructorAccessor7'
Event: 113.734 Thread 0x00000274420bccc0 Unloading class 0x00000274463d8400 'jdk/internal/reflect/GeneratedSerializationConstructorAccessor6'
Event: 113.734 Thread 0x00000274420bccc0 Unloading class 0x00000274463d8000 'jdk/internal/reflect/GeneratedSerializationConstructorAccessor5'
Event: 113.734 Thread 0x00000274420bccc0 Unloading class 0x00000274463d1c00 'jdk/internal/reflect/GeneratedSerializationConstructorAccessor4'
Event: 113.734 Thread 0x00000274420bccc0 Unloading class 0x00000274463d1800 'jdk/internal/reflect/GeneratedSerializationConstructorAccessor3'
Event: 113.734 Thread 0x00000274420bccc0 Unloading class 0x00000274463d1400 'jdk/internal/reflect/GeneratedSerializationConstructorAccessor2'
Event: 113.734 Thread 0x00000274420bccc0 Unloading class 0x00000274463d1000 'jdk/internal/reflect/GeneratedSerializationConstructorAccessor1'

Classes redefined (4 events):
Event: 0.186 Thread 0x00000274420bccc0 redefined class name=java.math.BigInteger, count=1
Event: 0.192 Thread 0x00000274420bccc0 redefined class name=java.net.InetAddress, count=1
Event: 0.195 Thread 0x00000274420bccc0 redefined class name=sun.management.VMManagementImpl, count=1
Event: 0.208 Thread 0x00000274420bccc0 redefined class name=java.lang.Class, count=1

Internal exceptions (20 events):
Event: 160.611 Thread 0x000002757db6ebd0 Exception <a 'java/io/IOException'{0x00000000a2930498}> (0x00000000a2930498) 
thrown [s\src\hotspot\share\prims\jni.cpp, line 537]
Event: 160.611 Thread 0x000002757db6ebd0 Exception <a 'java/io/IOException'{0x00000000a2930a60}> (0x00000000a2930a60) 
thrown [s\src\hotspot\share\prims\jni.cpp, line 537]
Event: 160.611 Thread 0x000002757db6ebd0 Exception <a 'java/io/IOException'{0x00000000a2931028}> (0x00000000a2931028) 
thrown [s\src\hotspot\share\prims\jni.cpp, line 537]
Event: 160.611 Thread 0x000002757db6ebd0 Exception <a 'java/io/IOException'{0x00000000a29315f0}> (0x00000000a29315f0) 
thrown [s\src\hotspot\share\prims\jni.cpp, line 537]
Event: 160.611 Thread 0x000002757db6ebd0 Exception <a 'java/io/IOException'{0x00000000a2931bb8}> (0x00000000a2931bb8) 
thrown [s\src\hotspot\share\prims\jni.cpp, line 537]
Event: 160.611 Thread 0x000002757db6ebd0 Exception <a 'java/io/IOException'{0x00000000a2932180}> (0x00000000a2932180) 
thrown [s\src\hotspot\share\prims\jni.cpp, line 537]
Event: 160.611 Thread 0x000002757db6ebd0 Exception <a 'java/io/IOException'{0x00000000a29b2990}> (0x00000000a29b2990) 
thrown [s\src\hotspot\share\prims\jni.cpp, line 537]
Event: 160.611 Thread 0x000002757db6ebd0 Exception <a 'java/io/IOException'{0x00000000a29b2f58}> (0x00000000a29b2f58) 
thrown [s\src\hotspot\share\prims\jni.cpp, line 537]
Event: 160.612 Thread 0x000002757db6ebd0 Exception <a 'java/io/IOException'{0x00000000a29b3520}> (0x00000000a29b3520) 
thrown [s\src\hotspot\share\prims\jni.cpp, line 537]
Event: 160.612 Thread 0x000002757db6ebd0 Exception <a 'java/io/IOException'{0x00000000a29b3838}> (0x00000000a29b3838) 
thrown [s\src\hotspot\share\prims\jni.cpp, line 537]
Event: 160.612 Thread 0x000002757db6ebd0 Exception <a 'java/io/IOException'{0x00000000a29b4820}> (0x00000000a29b4820) 
thrown [s\src\hotspot\share\prims\jni.cpp, line 537]
Event: 160.612 Thread 0x000002757db6ebd0 Exception <a 'java/io/IOException'{0x00000000a29b4a28}> (0x00000000a29b4a28) 
thrown [s\src\hotspot\share\prims\jni.cpp, line 537]
Event: 160.612 Thread 0x000002757db6ebd0 Exception <a 'java/io/IOException'{0x00000000a29c47f8}> (0x00000000a29c47f8) 
thrown [s\src\hotspot\share\prims\jni.cpp, line 537]
Event: 160.612 Thread 0x000002757db6ebd0 Exception <a 'java/io/IOException'{0x00000000a29c4b10}> (0x00000000a29c4b10) 
thrown [s\src\hotspot\share\prims\jni.cpp, line 537]
Event: 160.612 Thread 0x000002757db6ebd0 Exception <a 'java/io/IOException'{0x00000000a29c58a0}> (0x00000000a29c58a0) 
thrown [s\src\hotspot\share\prims\jni.cpp, line 537]
Event: 160.612 Thread 0x000002757db6ebd0 Exception <a 'java/io/IOException'{0x00000000a29c5bb8}> (0x00000000a29c5bb8) 
thrown [s\src\hotspot\share\prims\jni.cpp, line 537]
Event: 160.612 Thread 0x000002757db6ebd0 Exception <a 'java/io/IOException'{0x00000000a29c9538}> (0x00000000a29c9538) 
thrown [s\src\hotspot\share\prims\jni.cpp, line 537]
Event: 160.612 Thread 0x000002757db6ebd0 Exception <a 'java/io/IOException'{0x00000000a29c9850}> (0x00000000a29c9850) 
thrown [s\src\hotspot\share\prims\jni.cpp, line 537]
Event: 160.612 Thread 0x000002757db6ebd0 Exception <a 'java/io/IOException'{0x00000000a29cadd0}> (0x00000000a29cadd0) 
thrown [s\src\hotspot\share\prims\jni.cpp, line 537]
Event: 160.612 Thread 0x000002757db6ebd0 Exception <a 'java/io/IOException'{0x00000000a29cb390}> (0x00000000a29cb390) 
thrown [s\src\hotspot\share\prims\jni.cpp, line 537]

ZGC Phase Switch (0 events):
No events

VM Operations (20 events):
Event: 155.466 Executing VM operation: ICBufferFull
Event: 155.466 Executing VM operation: ICBufferFull done
Event: 155.469 Executing VM operation: G1CollectForAllocation (G1 Evacuation Pause)
Event: 155.475 Executing VM operation: G1CollectForAllocation (G1 Evacuation Pause) done
Event: 156.484 Executing VM operation: G1CollectForAllocation (G1 Evacuation Pause)
Event: 156.492 Executing VM operation: G1CollectForAllocation (G1 Evacuation Pause) done
Event: 157.073 Executing VM operation: HandshakeAllThreads (Deoptimize)
Event: 157.074 Executing VM operation: HandshakeAllThreads (Deoptimize) done
Event: 157.896 Executing VM operation: ICBufferFull
Event: 157.897 Executing VM operation: ICBufferFull done
Event: 158.296 Executing VM operation: G1CollectForAllocation (G1 Evacuation Pause)
Event: 158.325 Executing VM operation: G1CollectForAllocation (G1 Evacuation Pause) done
Event: 158.606 Executing VM operation: G1PauseRemark
Event: 158.640 Executing VM operation: G1PauseRemark done
Event: 158.721 Executing VM operation: G1PauseCleanup
Event: 158.722 Executing VM operation: G1PauseCleanup done
Event: 159.353 Executing VM operation: G1CollectForAllocation (G1 Evacuation Pause)
Event: 159.358 Executing VM operation: G1CollectForAllocation (G1 Evacuation Pause) done
Event: 160.129 Executing VM operation: G1CollectForAllocation (G1 Evacuation Pause)
Event: 160.138 Executing VM operation: G1CollectForAllocation (G1 Evacuation Pause) done

Memory protections (0 events):
No events

Nmethod flushes (20 events):
Event: 158.634 Thread 0x00000274420bccc0 flushing  nmethod 0x000002741c9fee90
Event: 158.634 Thread 0x00000274420bccc0 flushing  nmethod 0x000002741ccdef90
Event: 158.634 Thread 0x00000274420bccc0 flushing  nmethod 0x000002741cecd290
Event: 158.634 Thread 0x00000274420bccc0 flushing  nmethod 0x000002741d4cb310
Event: 158.635 Thread 0x00000274420bccc0 flushing  nmethod 0x000002741e339e10
Event: 158.635 Thread 0x00000274420bccc0 flushing  nmethod 0x000002741e7e0310
Event: 158.635 Thread 0x00000274420bccc0 flushing  nmethod 0x000002741eb4f090
Event: 158.635 Thread 0x00000274420bccc0 flushing  nmethod 0x000002741f969b90
Event: 158.635 Thread 0x00000274420bccc0 flushing  nmethod 0x000002741fa14890
Event: 158.635 Thread 0x00000274420bccc0 flushing  nmethod 0x000002742d6ec310
Event: 158.635 Thread 0x00000274420bccc0 flushing  nmethod 0x000002741c8ed710
Event: 158.635 Thread 0x00000274420bccc0 flushing  nmethod 0x000002741c9fbe10
Event: 158.635 Thread 0x00000274420bccc0 flushing  nmethod 0x000002741cf8f510
Event: 158.635 Thread 0x00000274420bccc0 flushing  nmethod 0x000002741dfc8f90
Event: 158.635 Thread 0x00000274420bccc0 flushing  nmethod 0x000002741e276a90
Event: 158.635 Thread 0x00000274420bccc0 flushing  nmethod 0x000002741e9d3910
Event: 158.635 Thread 0x00000274420bccc0 flushing  nmethod 0x000002741f575790
Event: 158.635 Thread 0x00000274420bccc0 flushing  nmethod 0x000002741f9baa10
Event: 158.635 Thread 0x00000274420bccc0 flushing  nmethod 0x000002741ed68e90
Event: 158.635 Thread 0x00000274420bccc0 flushing  nmethod 0x000002741f623a90

Events (20 events):
Event: 157.920 Thread 0x00000274bf8c7880 Thread exited: 0x00000274bf8c7880
Event: 158.000 Thread 0x000002757db5e550 Thread added: 0x00000274bf8ca670
Event: 158.001 Thread 0x00000274bf8ca670 Thread exited: 0x00000274bf8ca670
Event: 158.016 Thread 0x000002757db5e550 Thread added: 0x00000274bf8cc740
Event: 158.016 Thread 0x00000274bf8cc740 Thread exited: 0x00000274bf8cc740
Event: 158.100 Thread 0x000002757db5e550 Thread added: 0x00000274bf8cad00
Event: 158.101 Thread 0x00000274bf8cad00 Thread exited: 0x00000274bf8cad00
Event: 158.169 Thread 0x000002757db5e550 Thread added: 0x00000274bf8ce180
Event: 158.170 Thread 0x00000274bf8ce180 Thread exited: 0x00000274bf8ce180
Event: 158.255 Thread 0x000002757db5e550 Thread added: 0x00000274bf8c92c0
Event: 158.256 Thread 0x00000274bf8c92c0 Thread exited: 0x00000274bf8c92c0
Event: 158.276 Thread 0x000002757db5e550 Thread added: 0x00000274bf8cd460
Event: 158.281 Thread 0x00000274bf8cd460 Thread exited: 0x00000274bf8cd460
Event: 158.361 Thread 0x000002757db5e550 Thread added: 0x00000274bf8ce180
Event: 158.362 Thread 0x00000274bf8ce180 Thread exited: 0x00000274bf8ce180
Event: 158.419 Thread 0x000002757db5e550 Thread added: 0x00000274bf8ccdd0
Event: 158.420 Thread 0x00000274bf8ccdd0 Thread exited: 0x00000274bf8ccdd0
Event: 158.504 Thread 0x000002757db5e550 Thread added: 0x00000274bf8c92c0
Event: 158.504 Thread 0x00000274bf8c92c0 Thread exited: 0x00000274bf8c92c0
Event: 159.758 Thread 0x00000274b4eeb5a0 Thread added: 0x00000274bf8b36f0


Dynamic libraries:
0x00007ff7b8ac0000 - 0x00007ff7b8c35000 	C:\Program Files\JetBrains\JetBrains Rider 2025.2\bin\rider64.exe
0x00007ffd3afd0000 - 0x00007ffd3b1e7000 	C:\WINDOWS\SYSTEM32\ntdll.dll
0x00007ffd398c0000 - 0x00007ffd39984000 	C:\WINDOWS\System32\KERNEL32.DLL
0x00007ffd384a0000 - 0x00007ffd38870000 	C:\WINDOWS\System32\KERNELBASE.dll
0x00007ffd3aeb0000 - 0x00007ffd3af88000 	C:\WINDOWS\System32\oleaut32.dll
0x00007ffd38870000 - 0x00007ffd3890a000 	C:\WINDOWS\System32\msvcp_win.dll
0x00007ffd38a80000 - 0x00007ffd38b91000 	C:\WINDOWS\System32\ucrtbase.dll
0x00007ffd399d0000 - 0x00007ffd39d61000 	C:\WINDOWS\System32\combase.dll
0x00007ffd38fe0000 - 0x00007ffd390f8000 	C:\WINDOWS\System32\RPCRT4.dll
0x00007ffd3a120000 - 0x00007ffd3a2d1000 	C:\WINDOWS\System32\user32.dll
0x00007ffd38100000 - 0x00007ffd38126000 	C:\WINDOWS\System32\win32u.dll
0x00007ffd39100000 - 0x00007ffd39129000 	C:\WINDOWS\System32\GDI32.dll
0x00007ffd38130000 - 0x00007ffd38253000 	C:\WINDOWS\System32\gdi32full.dll
0x00007ffd3a530000 - 0x00007ffd3add1000 	C:\WINDOWS\System32\shell32.dll
0x00007ffd382e0000 - 0x00007ffd3841f000 	C:\WINDOWS\System32\wintypes.dll
0x00007ffd3ade0000 - 0x00007ffd3ae91000 	C:\WINDOWS\System32\advapi32.dll
0x00007ffd397d0000 - 0x00007ffd39877000 	C:\WINDOWS\System32\msvcrt.dll
0x00007ffd376b0000 - 0x00007ffd376d8000 	C:\WINDOWS\SYSTEM32\userenv.dll
0x00007ffd38d30000 - 0x00007ffd38dd8000 	C:\WINDOWS\System32\sechost.dll
0x00007ffd380d0000 - 0x00007ffd380f8000 	C:\WINDOWS\System32\bcrypt.dll
0x00007ffd38420000 - 0x00007ffd3849b000 	C:\WINDOWS\System32\bcryptprimitives.dll
0x00007ffd2dbf0000 - 0x00007ffd2dc24000 	C:\WINDOWS\SYSTEM32\WINMM.dll
0x00007ffd33af0000 - 0x00007ffd33d23000 	C:\WINDOWS\SYSTEM32\dbghelp.dll
0x00007ffd39990000 - 0x00007ffd399c1000 	C:\WINDOWS\System32\IMM32.DLL
0x00007ffd35f60000 - 0x00007ffd3687a000 	C:\WINDOWS\SYSTEM32\windows.storage.dll
0x00007ffd3a2e0000 - 0x00007ffd3a3ea000 	C:\WINDOWS\System32\SHCORE.dll
0x00007ffd38c70000 - 0x00007ffd38cd9000 	C:\WINDOWS\System32\shlwapi.dll
0x00007ffd38000000 - 0x00007ffd38025000 	C:\WINDOWS\SYSTEM32\profapi.dll
0x00007ffd37260000 - 0x00007ffd37294000 	C:\WINDOWS\SYSTEM32\ntmarta.dll
0x00007ffcb2d60000 - 0x00007ffcb3b24000 	C:\Program Files\JetBrains\JetBrains Rider 2025.2\jbr\bin\server\jvm.dll
0x00007ffd39240000 - 0x00007ffd392b1000 	C:\WINDOWS\System32\WS2_32.dll
0x00007ffd36eb0000 - 0x00007ffd36efd000 	C:\WINDOWS\SYSTEM32\POWRPROF.dll
0x00007ffd30570000 - 0x00007ffd3057a000 	C:\WINDOWS\SYSTEM32\VERSION.dll
0x00007ffd324a0000 - 0x00007ffd324ac000 	C:\Program Files\JetBrains\JetBrains Rider 2025.2\jbr\bin\VCRUNTIME140_1.dll
0x00007ffd1e2f0000 - 0x00007ffd1e30b000 	C:\Program Files\JetBrains\JetBrains Rider 2025.2\jbr\bin\VCRUNTIME140.dll
0x00007ffd36e90000 - 0x00007ffd36ea3000 	C:\WINDOWS\SYSTEM32\UMPDC.dll
0x00007ffd2c860000 - 0x00007ffd2c86a000 	C:\Program Files\JetBrains\JetBrains Rider 2025.2\jbr\bin\jimage.dll
0x00007ffd17a40000 - 0x00007ffd17a72000 	C:\WINDOWS\SYSTEM32\dbgcore.DLL
0x00007ffd1d1f0000 - 0x00007ffd1d1fe000 	C:\Program Files\JetBrains\JetBrains Rider 2025.2\jbr\bin\instrument.dll
0x00007ffd1c390000 - 0x00007ffd1c3a8000 	C:\Program Files\JetBrains\JetBrains Rider 2025.2\jbr\bin\jli.dll
0x00007ffd18bd0000 - 0x00007ffd18bf0000 	C:\Program Files\JetBrains\JetBrains Rider 2025.2\jbr\bin\java.dll
0x00007ffd27710000 - 0x00007ffd277c3000 	C:\WINDOWS\WinSxS\amd64_microsoft.windows.common-controls_6595b64144ccf1df_5.82.22621.5840_none_b43e4507638a5a27\COMCTL32.dll
0x00007ffd11e50000 - 0x00007ffd11e68000 	C:\Program Files\JetBrains\JetBrains Rider 2025.2\jbr\bin\zip.dll
0x00007ffd370f0000 - 0x00007ffd37108000 	C:\WINDOWS\SYSTEM32\kernel.appcore.dll
0x00007ffd1d1e0000 - 0x00007ffd1d1f0000 	C:\Program Files\JetBrains\JetBrains Rider 2025.2\jbr\bin\net.dll
0x00007ffd320f0000 - 0x00007ffd3221c000 	C:\WINDOWS\SYSTEM32\WINHTTP.dll
0x00007ffd37610000 - 0x00007ffd37679000 	C:\WINDOWS\system32\mswsock.dll
0x00007ffd11e30000 - 0x00007ffd11e46000 	C:\Program Files\JetBrains\JetBrains Rider 2025.2\jbr\bin\nio.dll
0x00007ffd18bc0000 - 0x00007ffd18bc9000 	C:\Program Files\JetBrains\JetBrains Rider 2025.2\jbr\bin\management.dll
0x00007ffd11e20000 - 0x00007ffd11e2b000 	C:\Program Files\JetBrains\JetBrains Rider 2025.2\jbr\bin\management_ext.dll
0x00007ffd3a520000 - 0x00007ffd3a528000 	C:\WINDOWS\System32\PSAPI.DLL
0x00007ffd16dc0000 - 0x00007ffd16dd7000 	C:\WINDOWS\system32\napinsp.dll
0x00007ffd16da0000 - 0x00007ffd16dbb000 	C:\WINDOWS\system32\pnrpnsp.dll
0x00007ffd36bc0000 - 0x00007ffd36cb8000 	C:\WINDOWS\SYSTEM32\DNSAPI.dll
0x00007ffd36b90000 - 0x00007ffd36bbd000 	C:\WINDOWS\SYSTEM32\IPHLPAPI.DLL
0x00007ffd38c60000 - 0x00007ffd38c69000 	C:\WINDOWS\System32\NSI.dll
0x00007ffd16d80000 - 0x00007ffd16d91000 	C:\WINDOWS\System32\winrnr.dll
0x00007ffd306b0000 - 0x00007ffd306c5000 	C:\WINDOWS\system32\wshbth.dll
0x00007ffd16d40000 - 0x00007ffd16d61000 	C:\WINDOWS\system32\nlansp_c.dll
0x0000000055160000 - 0x0000000055186000 	C:\Program Files\Bonjour\mdnsNSP.dll
0x00007ffd30230000 - 0x00007ffd3023a000 	C:\Windows\System32\rasadhlp.dll
0x00007ffd30760000 - 0x00007ffd307e4000 	C:\WINDOWS\System32\fwpuclnt.dll
0x00007ffd0f5d0000 - 0x00007ffd0f5e0000 	C:\Program Files\JetBrains\JetBrains Rider 2025.2\jbr\bin\verify.dll
0x00007ffce99d0000 - 0x00007ffce9b68000 	C:\Program Files\JetBrains\JetBrains Rider 2025.2\jbr\bin\awt.dll
0x00007ffcf96c0000 - 0x00007ffcf9704000 	C:\Program Files\JetBrains\JetBrains Rider 2025.2\jbr\bin\nvdaControllerClient64.dll
0x00007ffd358f0000 - 0x00007ffd3591b000 	C:\WINDOWS\SYSTEM32\dwmapi.dll
0x00007ffcede30000 - 0x00007ffcedebd000 	C:\Program Files\JetBrains\JetBrains Rider 2025.2\bin\MSVCP140.dll
0x00007ffd33300000 - 0x00007ffd33397000 	C:\WINDOWS\SYSTEM32\apphelp.dll
0x00007ffd0f5c0000 - 0x00007ffd0f5ce000 	C:\Program Files\JetBrains\JetBrains Rider 2025.2\jbr\bin\sunmscapi.dll
0x00007ffd38910000 - 0x00007ffd38a78000 	C:\WINDOWS\System32\CRYPT32.dll
0x00007ffd37a60000 - 0x00007ffd37a8d000 	C:\WINDOWS\SYSTEM32\ncrypt.dll
0x00007ffd37a20000 - 0x00007ffd37a57000 	C:\WINDOWS\SYSTEM32\NTASN1.dll
0x00007ffd0f5b0000 - 0x00007ffd0f5b9000 	C:\Program Files\JetBrains\JetBrains Rider 2025.2\jbr\bin\prefs.dll
0x00007ffd0e390000 - 0x00007ffd0e398000 	C:\WINDOWS\system32\wshunix.dll
0x00007ffd378b0000 - 0x00007ffd378cb000 	C:\WINDOWS\SYSTEM32\CRYPTSP.dll
0x00007ffd370b0000 - 0x00007ffd370e7000 	C:\WINDOWS\system32\rsaenh.dll
0x00007ffd37810000 - 0x00007ffd3781c000 	C:\WINDOWS\SYSTEM32\CRYPTBASE.dll
0x00007ffd0f5a0000 - 0x00007ffd0f5a9000 	C:\Program Files\JetBrains\JetBrains Rider 2025.2\jbr\bin\extnet.dll
0x00007ffd355e0000 - 0x00007ffd35693000 	C:\WINDOWS\system32\uxtheme.dll
0x00007ffd39fb0000 - 0x00007ffd3a110000 	C:\WINDOWS\System32\MSCTF.dll
0x00007ffd38de0000 - 0x00007ffd38f80000 	C:\WINDOWS\System32\ole32.dll
0x00007ffcec520000 - 0x00007ffcec5a7000 	C:\Program Files\JetBrains\JetBrains Rider 2025.2\jbr\bin\freetype.dll
0x00007ffcea390000 - 0x00007ffcea46e000 	C:\Program Files\JetBrains\JetBrains Rider 2025.2\jbr\bin\fontmanager.dll
0x00007ffd36f00000 - 0x00007ffd36f14000 	C:\WINDOWS\system32\Wtsapi32.dll
0x00007ffd36ae0000 - 0x00007ffd36b4c000 	C:\WINDOWS\SYSTEM32\WINSTA.dll
0x00007ffc8bef0000 - 0x00007ffc8bff0000 	C:\WINDOWS\system32\opengl32.dll
0x00007ffc8bec0000 - 0x00007ffc8beed000 	C:\WINDOWS\SYSTEM32\GLU32.dll
0x00007ffd35780000 - 0x00007ffd357b7000 	C:\WINDOWS\SYSTEM32\dxcore.dll
0x00007ffcee360000 - 0x00007ffcee3a9000 	C:\Program Files\JetBrains\JetBrains Rider 2025.2\lib\jna\amd64\jnidispatch.dll
0x00007ffcec690000 - 0x00007ffcec6c8000 	C:\Program Files\JetBrains\JetBrains Rider 2025.2\bin\WinShellIntegrationBridge.dll
0x00007ffd32ef0000 - 0x00007ffd32f09000 	C:\WINDOWS\SYSTEM32\dhcpcsvc6.DLL
0x00007ffd32aa0000 - 0x00007ffd32abf000 	C:\WINDOWS\SYSTEM32\dhcpcsvc.DLL
0x00007ffd37d70000 - 0x00007ffd37d82000 	C:\WINDOWS\SYSTEM32\MSASN1.dll
0x00007ffd37680000 - 0x00007ffd376a6000 	C:\WINDOWS\SYSTEM32\gpapi.dll
0x00007ffd30510000 - 0x00007ffd30542000 	C:\WINDOWS\SYSTEM32\cryptnet.dll
0x00007ffd35710000 - 0x00007ffd3571d000 	C:\WINDOWS\SYSTEM32\WINNSI.DLL
0x00007ffd3a3f0000 - 0x00007ffd3a4a0000 	C:\WINDOWS\System32\clbcatq.dll
0x00007ffd2f460000 - 0x00007ffd2f470000 	C:\WINDOWS\system32\wbem\wbemprox.dll
0x00007ffd2c410000 - 0x00007ffd2c490000 	C:\WINDOWS\SYSTEM32\wbemcomn.dll
0x00007ffd2ad90000 - 0x00007ffd2ada4000 	C:\WINDOWS\system32\wbem\wbemsvc.dll
0x00007ffd2b060000 - 0x00007ffd2b158000 	C:\WINDOWS\system32\wbem\fastprox.dll
0x00007ffd0e7a0000 - 0x00007ffd0e7bd000 	C:\WINDOWS\SYSTEM32\amsi.dll
0x00007ffd0e6f0000 - 0x00007ffd0e792000 	C:\ProgramData\Microsoft\Windows Defender\Platform\4.18.25080.5-0\MpOav.dll
0x00007ffd28b20000 - 0x00007ffd28ce1000 	C:\WINDOWS\WinSxS\amd64_microsoft.windows.gdiplus_6595b64144ccf1df_1.1.22621.5840_none_57fbdcecce171ecc\gdiplus.dll
0x00007ffd1f450000 - 0x00007ffd1f595000 	C:\WINDOWS\SYSTEM32\textinputframework.dll
0x00007ffd32f90000 - 0x00007ffd3300a000 	C:\WINDOWS\system32\Oleacc.dll
0x00007ffd32960000 - 0x00007ffd32a93000 	C:\WINDOWS\SYSTEM32\CoreMessaging.dll
0x00007ffd2a9a0000 - 0x00007ffd2ad0c000 	C:\WINDOWS\SYSTEM32\CoreUIComponents.dll
0x00007ffcd8450000 - 0x00007ffcd854a000 	C:\Users\yeric\AppData\Local\Temp\sqlite-3.49.1.0-c96d1872-13a8-4106-a0d4-62bdf934cb6c-sqlitejdbc.dll
0x00007ffce7bc0000 - 0x00007ffce7c3f000 	C:\Program Files\JetBrains\JetBrains Rider 2025.2\jbr\bin\mlib_image.dll
0x00007ffd28880000 - 0x00007ffd28b1c000 	C:\WINDOWS\WinSxS\amd64_microsoft.windows.common-controls_6595b64144ccf1df_6.0.22621.5840_none_2710ea077384a4fe\comctl32.dll
0x00007ffd353a0000 - 0x00007ffd35551000 	C:\WINDOWS\SYSTEM32\WindowsCodecs.dll
0x00007ffd09910000 - 0x00007ffd0996e000 	C:\WINDOWS\system32\dataexchange.dll
0x00007ffd333a0000 - 0x00007ffd33646000 	C:\WINDOWS\system32\twinapi.appcore.dll
0x00007ffcff8d0000 - 0x00007ffcffb94000 	C:\WINDOWS\system32\explorerframe.dll
0x00007ffd32e90000 - 0x00007ffd32ea7000 	C:\WINDOWS\SYSTEM32\wtdccm.dll
0x00007ffd17d20000 - 0x00007ffd17d70000 	C:\WINDOWS\SYSTEM32\pdh.dll
0x00007ffd33130000 - 0x00007ffd33141000 	C:\WINDOWS\System32\perfproc.dll
0x00007ffd142e0000 - 0x00007ffd142f0000 	C:\WINDOWS\System32\perfos.dll
0x00007ffd35750000 - 0x00007ffd35760000 	C:\WINDOWS\SYSTEM32\pfclient.dll
0x00007ffd089c0000 - 0x00007ffd08a77000 	C:\Windows\System32\appresolver.dll
0x00007ffd34d30000 - 0x00007ffd34e38000 	C:\WINDOWS\system32\propsys.dll
0x00007ffd2c050000 - 0x00007ffd2c0b0000 	C:\Windows\System32\Bcp47Langs.dll
0x00007ffd3a4a0000 - 0x00007ffd3a51d000 	C:\WINDOWS\System32\coml2.dll
0x00007ffc9b030000 - 0x00007ffc9b1e5000 	C:\Windows\System32\TaskFlowDataEngine.dll
0x00007ffd13320000 - 0x00007ffd133d2000 	C:\Windows\System32\OneCoreCommonProxyStub.dll
0x00007ffd37dc0000 - 0x00007ffd37e0e000 	C:\WINDOWS\SYSTEM32\CFGMGR32.dll
0x00007ffd10510000 - 0x00007ffd105cb000 	C:\Windows\System32\Windows.FileExplorer.Common.dll

dbghelp: loaded successfully - version: 4.0.5 - missing functions: none
symbol engine: initialized successfully - sym options: 0x614 - pdb path: .;C:\Program Files\JetBrains\JetBrains Rider 2025.2\bin;C:\WINDOWS\SYSTEM32;C:\Program Files\JetBrains\JetBrains Rider 2025.2\jbr\bin\server;C:\Program Files\JetBrains\JetBrains Rider 2025.2\jbr\bin;C:\WINDOWS\WinSxS\amd64_microsoft.windows.common-controls_6595b64144ccf1df_5.82.22621.5840_none_b43e4507638a5a27;C:\Program Files\Bonjour;C:\Program Files\JetBrains\JetBrains Rider 2025.2\lib\jna\amd64;C:\WINDOWS\system32\wbem;C:\ProgramData\Microsoft\Windows Defender\Platform\4.18.25080.5-0;C:\WINDOWS\WinSxS\amd64_microsoft.windows.gdiplus_6595b64144ccf1df_1.1.22621.5840_none_57fbdcecce171ecc;C:\Users\yeric\AppData\Local\Temp;C:\WINDOWS\WinSxS\amd64_microsoft.windows.common-controls_6595b64144ccf1df_6.0.22621.5840_none_2710ea077384a4fe

VM Arguments:
jvm_args: abort vfprintf -XX:ErrorFile=C:\Users\yeric\java_error_in_rider_%p.log -XX:HeapDumpPath=C:\Users\yeric\java_error_in_rider.hprof -Xms128m -Xmx2048m -XX:JbrShrinkingGcMaxHeapFreeRatio=40 -XX:ReservedCodeCacheSize=512m -XX:+HeapDumpOnOutOfMemoryError -XX:-OmitStackTraceInFastThrow -XX:CICompilerCount=2 -XX:+IgnoreUnrecognizedVMOptions -XX:+UnlockDiagnosticVMOptions -XX:TieredOldPercentage=100000 -ea -Dsun.io.useCanonCaches=false -Dsun.java2d.metal=true -Djbr.catch.SIGABRT=true -Djdk.http.auth.tunneling.disabledSchemes="" -Djdk.attach.allowAttachSelf=true -Djdk.module.illegalAccess.silent=true -Djdk.nio.maxCachedBufferSize=2097152 -Djava.util.zip.use.nio.for.zip.file.access=true -Dkotlinx.coroutines.debug=off -Djava.nio.file.spi.DefaultFileSystemProvider=com.intellij.platform.core.nio.fs.MultiRoutingFileSystemProvider -Dllm.show.ai.promotion.window.on.start=false -Xms128m -Xmx2048m -XX:ReservedCodeCacheSize=512m -XX:+IgnoreUnrecognizedVMOptions -XX:+UseG1GC -XX:SoftRefLRUPolicyMSPerMB=50 -XX:CICompilerCount=2 -XX:+HeapDumpOnOutOfMemoryError -XX:-OmitStackTraceInFastThrow -ea -Dsun.io.useCanonCaches=false -Djdk.http.auth.tunneling.disabledSchemes="" -Djdk.attach.allowAttachSelf=true -Djdk.module.illegalAccess.silent=true -Dkotlinx.coroutines.debug=off -XX:ErrorFile=$USER_HOME/java_error_in_idea_%p.log -XX:HeapDumpPath=$USER_HOME/java_error_in_idea.hprof --add-opens=java.base/jdk.internal.org.objectweb.asm=ALL-UNNAMED --add-opens=java.base/jdk.internal.org.objectweb.asm.tree=ALL-UNNAMED -javaagent:C:\ja-netfilter-all\ja-netfilter.jar=jetbrains -Djb.vmOptionsFile=C:\ja-netfilter-all\vmoptions\rider.vmoptions -Xbootclasspath/a:C:\Program Files\JetBrains\JetBrains Rider 2025.2\lib\nio-fs.jar -Djava.system.class.loader=com.intellij.util.lang.PathClassLoader -Didea.vendor.name=JetBrains -Didea.paths.selector=Rider2025.2 -Djna.boot.library.path=C:\Program Files\JetBrains\JetBrains Rider 2025.2/lib/jna/amd64 -Djna.nosys=true -Djna.noclasspath=true -Dpty4j.preferred.native.folder=C:\Program Files\JetBrains\JetBrains Rider 2025.2/lib/pty4j -Dio.netty.allocator.type=pooled -Dintellij.platform.runtime.repository.path=C:\Program Files\JetBrains\JetBrains Rider 2025.2/modules/module-descriptors.dat -Didea.platform.prefix=Rider -Dwsl.use.remote.agent.for.nio.filesystem=true -Djava.nio.file.spi.DefaultFileSystemProvider=com.intellij.platform.core.nio.fs.MultiRoutingFileSystemProvider -Dide.native.launcher=true -Didea.class.before.app=com.jetbrains.rider.protocol.EarlyBackendStarter -Didea.show.customize.ide.wizard=true -DFilePageCache.THROW_ERROR_ON_DUPLICATE_STORAGE_REGISTRATION=false -Dsplash=true -Daether.connector.resumeDownloads=false -Dcompose.swing.render.on.graphics=true --add-opens=java.base/java.io=ALL-UNNAMED --add-opens=java.base/java.lang=ALL-UNNAMED --add-opens=java.base/java.lang.ref=ALL-UNNAMED --add-opens=java.base/java.lang.reflect=ALL-UNNAMED --add-opens=java.base/java.net=ALL-UNNAMED --add-opens=java.base/java.nio=ALL-UNNAMED --add-opens=java.base/java.nio.charset=ALL-UNNAMED --add-opens=java.base/java.text=ALL-UNNAMED --add-opens=java.base/java.time=ALL-UNNAMED --add-opens=java.base/java.util=ALL-UNNAMED --add-opens=java.base/java.util.concurrent=ALL-UNNAMED --add-opens=java.base/java.util.concurrent.atomic=ALL-UNNAMED --add-opens=java.base/java.util.concurrent.locks=ALL-UNNAMED --add-opens=java.base/jdk.internal.vm=ALL-UNNAMED --add-opens=java.base/sun.net.dns=ALL-UNNAMED --add-opens=java.base/sun.nio.ch=ALL-UNNAMED --add-opens=java.base/sun.nio.fs=ALL-UNNAMED --add-opens=java.base/sun.security.ssl=ALL-UNNAMED --add-opens=java.base/sun.security.util=ALL-UNNAMED --add-opens=java.desktop/com.sun.java.swing=ALL-UNNAMED --add-opens=java.desktop/java.awt=ALL-UNNAMED --add-opens=java.desktop/java.awt.dnd.peer=ALL-UNNAMED --add-opens=java.desktop/java.awt.event=ALL-UNNAMED --add-opens=java.desktop/java.awt.font=ALL-UNNAMED --add-opens=java.desktop/java.awt.image=ALL-UNNAMED --add-opens=java.desktop/java.awt.peer=ALL-UNNAMED --add-opens=java.desktop/javax.swing=ALL-UNNAMED --add-opens=java.desktop/javax.swing.plaf.basic=ALL-UNNAMED --add-opens=java.desktop/javax.swing.text=ALL-UNNAMED --add-opens=java.desktop/javax.swing.text.html=ALL-UNNAMED --add-opens=java.desktop/javax.swing.text.html.parser=ALL-UNNAMED --add-opens=java.desktop/sun.awt=ALL-UNNAMED --add-opens=java.desktop/sun.awt.datatransfer=ALL-UNNAMED --add-opens=java.desktop/sun.awt.image=ALL-UNNAMED --add-opens=java.desktop/sun.awt.windows=ALL-UNNAMED --add-opens=java.desktop/sun.font=ALL-UNNAMED --add-opens=java.desktop/sun.java2d=ALL-UNNAMED --add-opens=java.desktop/sun.swing=ALL-UNNAMED --add-opens=java.management/sun.management=ALL-UNNAMED --add-opens=jdk.attach/sun.tools.attach=ALL-UNNAMED --add-opens=jdk.compiler/com.sun.tools.javac.api=ALL-UNNAMED --add-opens=jdk.internal.jvmstat/sun.jvmstat.monitor=ALL-UNNAMED --add-opens=jdk.jdi/com.sun.tools.jdi=ALL-UNNAMED -Dide.native.launcher=true -Djcef.sandbox.ptr=0000027415F28E90 -Djcef.sandbox.cefVersion=122.1.9+gd14e051+chromium-122.0.6261.94 
java_command: com.intellij.idea.Main C:\Dekel\Tishel\Hafifot\Unity\Avishai\TheCubeMaster\TheCubeMaster.sln --line -1 --column -1 C:\Dekel\Tishel\Hafifot\Unity\Avishai\TheCubeMaster\Assets\Scripts\Factory\PickupFactory.cs
java_class_path (initial): C:\Program Files\JetBrains\JetBrains Rider 2025.2\lib\platform-loader.jar;C:\Program Files\JetBrains\JetBrains Rider 2025.2\lib\util-8.jar;C:\Program Files\JetBrains\JetBrains Rider 2025.2\lib\app-client.jar;C:\Program Files\JetBrains\JetBrains Rider 2025.2\lib\util.jar;C:\Program Files\JetBrains\JetBrains Rider 2025.2\lib\product.jar;C:\Program Files\JetBrains\JetBrains Rider 2025.2\lib\app.jar;C:\Program Files\JetBrains\JetBrains Rider 2025.2\lib\annotations.jar;C:\Program Files\JetBrains\JetBrains Rider 2025.2\lib\bouncy-castle.jar;C:\Program Files\JetBrains\JetBrains Rider 2025.2\lib\eclipse.lsp4j.debug.jar;C:\Program Files\JetBrains\JetBrains Rider 2025.2\lib\eclipse.lsp4j.jar;C:\Program Files\JetBrains\JetBrains Rider 2025.2\lib\eclipse.lsp4j.jsonrpc.debug.jar;C:\Program Files\JetBrains\JetBrains Rider 2025.2\lib\eclipse.lsp4j.jsonrpc.jar;C:\Program Files\JetBrains\JetBrains Rider 2025.2\lib\external-system-rt.jar;C:\Program Files\JetBrains\JetBrains Rider 2025.2\lib\externalProcess-rt.jar;C:\Program Files\JetBrains\JetBrains Rider 2025.2\lib\forms_rt.jar;C:\Program Files\JetBrains\JetBrains Rider 2025.2\lib\groovy.jar;C:\Program Files\JetBrains\JetBrains Rider 2025.2\lib\javax.activation.jar;C:\Program Files\JetBrains\JetBrains Rider 2025.2\lib\javax.annotation-api.jar;C:\Program Files\JetBrains\JetBrains Rider 2025.2\lib\jaxb-api.jar;C:\Program Files\JetBrains\JetBrains Rider 2025.2\lib\jaxb-runtime.jar;C:\Program Files\JetBrains\JetBrains Rider 2025.2\lib\jps-model.jar;C:\Program Files\JetBrains\JetBrains Rider 2025.2\lib\jsch-agent.jar;C:\Program Files\JetBrains\JetBrains Rider 2025.2\lib\kotlinx-coroutines-slf4j-1.10.1-intellij.jar;C:\Program Files\JetBrains\JetBrains Rider 2025.2\lib\lib-client.jar;C:\Program Files\JetBrains\JetBrains Rider 2025.2\lib\lib.jar;C:\Program Files\JetBrains\JetBrains Rider 2025.2\lib\opentelemetry.jar;C:\Program Files\JetBrains\JetBrains Rider 2025.2\lib\product-client.jar;C:\Program Files\JetBrains\JetBrains Rider 2025.2\lib\protobuf.jar;C:\Program Files\JetBrains\JetBrains Rider 2025.2\lib\rd.jar;C:\Program Files\JetBrains\JetBrains Rider 2025.2\lib\rhino.jar;C:\Program Files\JetBrains\JetBrains Rider 2025.2\lib\stats.jar;C:\Program Files\JetBrains\JetBrains Rider 2025.2\lib\trove.jar;C:\Program Files\JetBrains\JetBrains Rider 2025.2\lib\util_rt.jar
Launcher Type: generic

[Global flags]
     intx CICompilerCount                          = 2                                         {product} {command line}
     uint ConcGCThreads                            = 4                                         {product} {ergonomic}
    ccstr ErrorFile                                = $USER_HOME/java_error_in_idea_%p.log            {product} {command line}
     uint G1ConcRefinementThreads                  = 15                                        {product} {ergonomic}
   size_t G1HeapRegionSize                         = 1048576                                   {product} {ergonomic}
    uintx GCDrainStackTargetSize                   = 64                                        {product} {ergonomic}
     bool HeapDumpOnOutOfMemoryError               = true                                   {manageable} {command line}
    ccstr HeapDumpPath                             = $USER_HOME/java_error_in_idea.hprof         {manageable} {command line}
     bool IgnoreUnrecognizedVMOptions              = true                                      {product} {command line}
   size_t InitialHeapSize                          = 134217728                                 {product} {command line}
    uintx JbrShrinkingGcMaxHeapFreeRatio           = 40                                     {manageable} {command line}
   size_t MarkStackSize                            = 4194304                                   {product} {ergonomic}
   size_t MaxHeapSize                              = 2147483648                                {product} {command line}
   size_t MaxNewSize                               = 1287651328                                {product} {ergonomic}
   size_t MinHeapDeltaBytes                        = 1048576                                   {product} {ergonomic}
   size_t MinHeapSize                              = 134217728                                 {product} {command line}
    uintx NonNMethodCodeHeapSize                   = 5826188                                {pd product} {ergonomic}
    uintx NonProfiledCodeHeapSize                  = 265522362                              {pd product} {ergonomic}
     bool OmitStackTraceInFastThrow                = false                                     {product} {command line}
    uintx ProfiledCodeHeapSize                     = 265522362                              {pd product} {ergonomic}
    uintx ReservedCodeCacheSize                    = 536870912                              {pd product} {command line}
     bool SegmentedCodeCache                       = true                                      {product} {ergonomic}
   size_t SoftMaxHeapSize                          = 2147483648                             {manageable} {ergonomic}
     intx SoftRefLRUPolicyMSPerMB                  = 50                                        {product} {command line}
     intx TieredOldPercentage                      = 100000                                 {diagnostic} {command line}
     bool UnlockDiagnosticVMOptions                = true                                   {diagnostic} {command line}
     bool UseCompressedOops                        = true                           {product lp64_product} {ergonomic}
     bool UseG1GC                                  = true                                      {product} {command line}
     bool UseLargePagesIndividualAllocation        = false                                  {pd product} {ergonomic}

Logging:
Log output configuration:
 #0: stdout all=warning uptime,level,tags foldmultilines=false
 #1: stderr all=off uptime,level,tags foldmultilines=false

Environment Variables:
JAVA_HOME=C:\Program Files\OpenLogic\jre-11.0.22.7-hotspot
CLASSPATH=C:\Users\yeric\AppData\Roaming\DekelTeam\PitchRTI\lib\prti1516_202X.jar;C:\Users\yeric\AppData\Roaming\DekelTeam\PitchRTI\libC:\Users\yeric\AppData\Roaming\DekelTeam\PitchRTI.jar;C:\Users\yeric\AppData\Roaming\DekelTeam\PitchRTI\lib\prti1516.jar;C:\Users\yeric\AppData\Roaming\DekelTeam\PitchRTI\lib\prti.jar;
PATH=C:\Program Files\Oculus\Support\oculus-runtime;C:\Program Files (x86)\PC Connectivity Solution\;C:\Program Files\Common Files\Oracle\Java\javapat%;C:\Program Files\OpenLogic\jre-11.0.22.7-hotspot\bin;C:\Program Files\Eclipse Adoptium\jdk-21.0.2.13-hotspot\bin;C:\Program Files (x86)\Common Files\Oracle\Java\javapat%;C:\Program Files (x86)\Common Files\Intel\Shared Libraries\redist\intel64\compiler;C:\Windows\system32;C:\Windows;C:\Windows\System32\Wbem;C:\Windows\System32\WindowsPowerShell\v1.0\;C:\Windows\System32\OpenSSH\;C:\Program Files (x86)\NVIDIA Corporation\PhysX\Common;C:\WINDOWS\system32;C:\WINDOWS;C:\WINDOWS\System32\Wbem;C:\WINDOWS\System32\WindowsPowerShell\v1.0\;C:\WINDOWS\System32\OpenSSH\;C:\Program Files\dotnet\;C:\ProgramData\Microsoft\Windows\Start Menu\Programs\Python 3.9;C:\Program Files\Git\cmd;C:\Program Files\Common Files\Autodesk Shared\;C:\Program Files\Calibre2\;C:\Program Files (x86)\Microsoft SQL Server\160\Tools\Binn\;C:\Program Files\Microsoft SQL Server\160\Tools\Binn\;C:\Program Files\Microsoft SQL Server\Client SDK\ODBC\170\Tools\Binn\;C:\Program Files\Microsoft SQL Server\160\DTS\Binn\;C:\Python27;C:\Program Files\Docker\Docker\resources\bin;C:\Users\yeric\AppData\Roaming\nvm;C:\Program Files\nodejs;C:\Program Files\Microsoft SQL Server\150\Tools\Binn\;C:\Users\yeric\AppData\Local\Programs\Python\Python313\Scripts\;C:\Users\yeric\AppData\Local\Programs\Python\Python313\;C:\Users\yeric\AppData\Local\Programs\Python\Python311\Scripts\;C:\Users\yeric\AppData\Local\Microsoft\WindowsApps;C:\Users\yeric\.dotnet\tools;C:\Users\yeric\AppData\Local\GitHubDesktop\bin;C:\Users\yeric\AppData\Roaming\npm;C:\Users\yeric\AppData\Local\Programs\Microsoft VS Code\bin;C:\Program Files\Java\jdk-17\bin;C:\Users\yeric\AppData\Roaming\DekelTeam\PitchRTI;C:\Users\yeric\AppData\Roaming\DekelTeam\PitchRTI\lib;C:\Users\yeric\AppData\Roaming\DekelTeam\PitchRTI\lib\vc141_64;C:\Users\yeric\AppData\Roaming\DekelTeam\PitchRTI\lib;C:\Users\yeric\AppData\Roaming\DekelTeam\PitchRTI\jre\bin\server;C:\Users\yeric\AppData\Roaming\nvm;C:\Program Files\nodejs;C:\Users\yeric\AppData\Roaming\DekelTeam\PitchRTI\jre\bin\client;C:\Users\yeric\AppData\Roaming\DekelTeam\PitchRTI\jre\bin\client;C:\Program Files\JetBrains\PyCharm 2024.2.4\bin;
USERNAME=yeric
OS=Windows_NT
PROCESSOR_IDENTIFIER=Intel64 Family 6 Model 151 Stepping 2, GenuineIntel
TMP=C:\Users\yeric\AppData\Local\Temp
TEMP=C:\Users\yeric\AppData\Local\Temp




Periodic native trim disabled

JNI global refs:
JNI global refs: 124, weak refs: 153

JNI global refs memory usage: 1467, weak refs: 4689

Process memory usage:
Resident Set Size: 1260664K (7% of 16617412K total physical memory with 575840K free physical memory)

OOME stack traces (most recent first):
Classloader memory used:
Loader com.intellij.util.lang.PathClassLoader                                          : 184M
Loader com.intellij.ide.plugins.cl.PluginClassLoader                                   : 97838K
Loader bootstrap                                                                       : 45802K
Loader jdk.internal.loader.ClassLoaders$AppClassLoader                                 : 4713K
Loader jdk.internal.loader.ClassLoaders$PlatformClassLoader                            : 2874K
Loader sun.reflect.misc.MethodUtil                                                     : 4232B

Classes loaded by more than one classloader:
Class kotlin.collections.CollectionsKt                                                : loaded 3 times (x 69B)
Class kotlin.jvm.internal.markers.KMappedMarker                                       : loaded 3 times (x 68B)
Class kotlin.KotlinNullPointerException                                               : loaded 3 times (x 81B)
Class kotlin.collections.CollectionsKt__IterablesKt                                   : loaded 3 times (x 69B)
Class kotlin.jvm.internal.Intrinsics                                                  : loaded 3 times (x 69B)
Class kotlin.coroutines.intrinsics.IntrinsicsKt                                       : loaded 3 times (x 69B)
Class kotlin.collections.CollectionsKt__MutableCollectionsJVMKt                       : loaded 3 times (x 69B)
Class kotlin.collections.CollectionsKt___CollectionsKt                                : loaded 3 times (x 69B)
Class kotlin.TuplesKt                                                                 : loaded 3 times (x 69B)
Class kotlin.collections.CollectionsKt___CollectionsJvmKt                             : loaded 3 times (x 69B)
Class kotlin.collections.EmptyIterator                                                : loaded 3 times (x 87B)
Class kotlin.NotImplementedError                                                      : loaded 3 times (x 80B)
Class kotlin.coroutines.intrinsics.IntrinsicsKt__IntrinsicsJvmKt                      : loaded 3 times (x 69B)
Class kotlin.collections.CollectionsKt__IteratorsKt                                   : loaded 3 times (x 69B)
Class kotlin.collections.CollectionsKt__CollectionsJVMKt                              : loaded 3 times (x 69B)
Class kotlin.coroutines.intrinsics.IntrinsicsKt__IntrinsicsKt                         : loaded 3 times (x 69B)
Class kotlin.UninitializedPropertyAccessException                                     : loaded 3 times (x 80B)
Class kotlin.ResultKt                                                                 : loaded 3 times (x 69B)
Class kotlin.collections.EmptyList                                                    : loaded 3 times (x 172B)
Class kotlin.collections.CollectionsKt__MutableCollectionsKt                          : loaded 3 times (x 69B)
Class kotlin.collections.CollectionsKt__IteratorsJVMKt                                : loaded 3 times (x 69B)
Class kotlin.collections.CollectionsKt__CollectionsKt                                 : loaded 3 times (x 69B)
Class kotlin.collections.CollectionsKt__ReversedViewsKt                               : loaded 3 times (x 69B)
Class kotlin.sequences.FilteringSequence$iterator$1                                   : loaded 2 times (x 77B)
Class kotlin.sequences.SequencesKt__SequenceBuilderKt                                 : loaded 2 times (x 69B)
Class io.netty.channel.ChannelHandlerAdapter                                          : loaded 2 times (x 79B)
Class kotlin.jvm.internal.CollectionToArray                                           : loaded 2 times (x 69B)
Class com.fasterxml.jackson.databind.cfg.BaseSettings                                 : loaded 2 times (x 70B)
Class io.netty.channel.socket.nio.NioChannelOption                                    : loaded 2 times (x 79B)
Class com.google.gson.JsonObject                                                      : loaded 2 times (x 91B)
Class com.fasterxml.jackson.annotation.ObjectIdGenerator                              : loaded 2 times (x 77B)
Class com.fasterxml.jackson.core.io.JsonStringEncoder                                 : loaded 2 times (x 69B)
Class com.fasterxml.jackson.core.util.Instantiatable                                  : loaded 2 times (x 68B)
Class com.fasterxml.jackson.databind.ext.Java7SupportImpl                             : loaded 2 times (x 73B)
Class com.fasterxml.jackson.databind.ser.VirtualBeanPropertyWriter                    : loaded 2 times (x 141B)
Class com.fasterxml.jackson.databind.node.NullNode                                    : loaded 2 times (x 195B)
Class kotlin.collections.builders.MapBuilder                                          : loaded 2 times (x 110B)
Class io.netty.handler.codec.http.HttpResponse                                        : loaded 2 times (x 68B)
Class io.netty.util.HashingStrategy                                                   : loaded 2 times (x 68B)
Class io.netty.util.concurrent.CompleteFuture                                         : loaded 2 times (x 128B)
Class com.google.gson.stream.MalformedJsonException                                   : loaded 2 times (x 80B)
Class com.fasterxml.jackson.databind.deser.std.ReferenceTypeDeserializer              : loaded 2 times (x 162B)
Class [Lcom.fasterxml.jackson.databind.cfg.CoercionAction;                            : loaded 2 times (x 67B)
Class com.fasterxml.jackson.databind.util.internal.PrivateMaxEntriesMap$DrainStatus   : loaded 2 times (x 78B)
Class com.fasterxml.jackson.databind.jsontype.PolymorphicTypeValidator                : loaded 2 times (x 72B)
Class com.fasterxml.jackson.databind.ser.SerializerFactory                            : loaded 2 times (x 76B)
Class io.netty.buffer.AdvancedLeakAwareByteBuf                                        : loaded 2 times (x 283B)
Class kotlin.ranges.CharRange$Companion                                               : loaded 2 times (x 69B)
Class com.google.gson.internal.bind.JsonTreeReader                                    : loaded 2 times (x 96B)
Class com.google.gson.TypeAdapterFactory                                              : loaded 2 times (x 68B)
Class com.fasterxml.jackson.databind.node.DoubleNode                                  : loaded 2 times (x 195B)
Class com.fasterxml.jackson.databind.node.BaseJsonNode                                : loaded 2 times (x 194B)
Class kotlin.sequences.TransformingSequence                                           : loaded 2 times (x 73B)
Class io.ktor.http.content.OutgoingContent                                            : loaded 2 times (x 77B)
Class org.slf4j.helpers.Util                                                          : loaded 2 times (x 69B)
Class org.slf4j.helpers.BasicMDCAdapter$1                                             : loaded 2 times (x 84B)
Class [Lio.netty.buffer.SizeClassesMetric;                                            : loaded 2 times (x 67B)
Class io.netty.buffer.ByteBuf                                                         : loaded 2 times (x 281B)
Class io.netty.channel.DefaultChannelPipeline$PendingHandlerRemovedTask               : loaded 2 times (x 75B)
Class io.netty.util.internal.DefaultPriorityQueue                                     : loaded 2 times (x 165B)
Class io.netty.util.concurrent.AbstractScheduledEventExecutor                         : loaded 2 times (x 236B)
Class io.netty.channel.DefaultSelectStrategyFactory                                   : loaded 2 times (x 72B)
Class io.netty.bootstrap.ServerBootstrapConfig                                        : loaded 2 times (x 70B)
Class com.google.gson.internal.bind.JsonAdapterAnnotationTypeAdapterFactory$DummyTypeAdapterFactory: loaded 2 times (x 73B)
Class com.google.gson.internal.bind.TypeAdapters$31                                   : loaded 2 times (x 74B)
Class com.google.gson.JsonSyntaxException                                             : loaded 2 times (x 80B)
Class com.fasterxml.jackson.databind.deser.std.StdKeyDeserializer$StringFactoryKeyDeserializer: loaded 2 times (x 77B)
Class com.fasterxml.jackson.databind.deser.impl.SetterlessProperty                    : loaded 2 times (x 138B)
Class com.fasterxml.jackson.databind.node.BooleanNode                                 : loaded 2 times (x 195B)
Class com.fasterxml.jackson.databind.node.FloatNode                                   : loaded 2 times (x 195B)
Class com.fasterxml.jackson.databind.SerializationFeature                             : loaded 2 times (x 82B)
Class com.fasterxml.jackson.annotation.Nulls                                          : loaded 2 times (x 77B)
Class com.fasterxml.jackson.core.JsonFactory$Feature                                  : loaded 2 times (x 82B)
Class [Lcom.fasterxml.jackson.databind.util.internal.PrivateMaxEntriesMap$DrainStatus;: loaded 2 times (x 67B)
Class com.fasterxml.jackson.databind.DatabindException                                : loaded 2 times (x 87B)
Class com.google.common.base.Platform$JdkPatternCompiler                              : loaded 2 times (x 73B)
Class io.netty.channel.ChannelInboundInvoker                                          : loaded 2 times (x 68B)
Class io.ktor.utils.io.CloseToken                                                     : loaded 2 times (x 70B)
Class io.netty.buffer.PoolThreadCache                                                 : loaded 2 times (x 70B)
Class io.netty.channel.DefaultChannelPipeline$TailContext                             : loaded 2 times (x 206B)
Class io.netty.channel.ChannelOutboundBuffer$Entry                                    : loaded 2 times (x 70B)
Class io.netty.channel.SelectStrategy                                                 : loaded 2 times (x 68B)
Class io.netty.util.concurrent.ScheduledFutureTask                                    : loaded 2 times (x 237B)
Class io.netty.util.internal.BoundedInputStream                                       : loaded 2 times (x 90B)
Class io.netty.util.internal.ObjectUtil                                               : loaded 2 times (x 69B)
Class com.google.gson.internal.bind.TypeAdapters$32                                   : loaded 2 times (x 74B)
Class com.fasterxml.jackson.databind.deser.std.UntypedObjectDeserializer              : loaded 2 times (x 171B)
Class com.fasterxml.jackson.annotation.JsonInclude$Value                              : loaded 2 times (x 84B)
Class [Lcom.fasterxml.jackson.core.util.JacksonFeature;                               : loaded 2 times (x 67B)
Class com.fasterxml.jackson.databind.ext.Java7Support                                 : loaded 2 times (x 72B)
Class kotlin.sequences.SequencesKt___SequencesKt                                      : loaded 2 times (x 69B)
Class io.netty.channel.ChannelPipeline                                                : loaded 2 times (x 68B)
Class kotlin.collections.AbstractList$Companion                                       : loaded 2 times (x 69B)
Class io.netty.handler.codec.http.DefaultFullHttpResponse                             : loaded 2 times (x 215B)
Class io.netty.util.ResourceLeakDetectorFactory                                       : loaded 2 times (x 71B)
Class io.netty.buffer.AdvancedLeakAwareCompositeByteBuf                               : loaded 2 times (x 403B)
Class io.netty.channel.DefaultChannelPipeline                                         : loaded 2 times (x 211B)
Class io.netty.channel.VoidChannelPromise                                             : loaded 2 times (x 255B)
Class io.netty.channel.nio.SelectedSelectionKeySet                                    : loaded 2 times (x 134B)
Class com.google.gson.internal.bind.ObjectTypeAdapter                                 : loaded 2 times (x 72B)
Class com.fasterxml.jackson.databind.ser.std.ToStringSerializerBase                   : loaded 2 times (x 112B)
Class com.fasterxml.jackson.databind.deser.std.StdKeyDeserializer$DelegatingKD        : loaded 2 times (x 71B)
Class [Lcom.fasterxml.jackson.databind.AbstractTypeResolver;                          : loaded 2 times (x 67B)
Class com.fasterxml.jackson.databind.deser.std.StringCollectionDeserializer           : loaded 2 times (x 162B)
Class com.fasterxml.jackson.databind.introspect.TypeResolutionContext                 : loaded 2 times (x 68B)
Class com.fasterxml.jackson.databind.exc.MismatchedInputException                     : loaded 2 times (x 96B)
Class io.ktor.http.HttpStatusCode$Companion                                           : loaded 2 times (x 69B)
Class io.netty.handler.codec.PrematureChannelClosureException                         : loaded 2 times (x 80B)
Class io.netty.channel.ChannelFutureListener$1                                        : loaded 2 times (x 74B)
Class io.netty.util.concurrent.SingleThreadEventExecutor                              : loaded 2 times (x 299B)
Class io.netty.util.AttributeMap                                                      : loaded 2 times (x 68B)
Class com.fasterxml.jackson.databind.node.IntNode                                     : loaded 2 times (x 195B)
Class kotlin.text.StringsKt__AppendableKt                                             : loaded 2 times (x 69B)
Class io.netty.buffer.UnsafeByteBufUtil                                               : loaded 2 times (x 69B)
Class io.netty.handler.codec.http.TooLongHttpLineException                            : loaded 2 times (x 80B)
Class io.netty.channel.ChannelFutureListener$2                                        : loaded 2 times (x 74B)
Class [Lio.netty.channel.DefaultChannelPipeline$AddStrategy;                          : loaded 2 times (x 67B)
Class io.netty.channel.ChannelFlushPromiseNotifier$FlushCheckpoint                    : loaded 2 times (x 68B)
Class io.netty.buffer.ByteBufHolder                                                   : loaded 2 times (x 68B)
Class com.google.gson.internal.bind.TypeAdapters                                      : loaded 2 times (x 69B)
Class com.google.gson.FormattingStyle                                                 : loaded 2 times (x 76B)
Class com.google.gson.FieldNamingPolicy                                               : loaded 2 times (x 81B)
Class com.fasterxml.jackson.databind.deser.std.StdKeyDeserializer$StringCtorKeyDeserializer: loaded 2 times (x 77B)
Class io.ktor.util.AttributesJvmBase                                                  : loaded 2 times (x 85B)
Class kotlin.collections.builders.MapBuilder$EntryRef                                 : loaded 2 times (x 79B)
Class io.ktor.util.StringValuesBuilder                                                : loaded 2 times (x 68B)
Class io.ktor.http.Headers                                                            : loaded 2 times (x 68B)
Class io.netty.channel.ChannelFutureListener$3                                        : loaded 2 times (x 74B)
Class io.netty.util.internal.CleanerJava9                                             : loaded 2 times (x 72B)
Class com.google.gson.JsonArray                                                       : loaded 2 times (x 98B)
Class com.google.gson.FieldNamingStrategy                                             : loaded 2 times (x 68B)
Class com.fasterxml.jackson.databind.ser.std.ToStringSerializer                       : loaded 2 times (x 112B)
Class com.fasterxml.jackson.databind.cfg.DatatypeFeatures                             : loaded 2 times (x 78B)
Class com.fasterxml.jackson.databind.type.TypeParser                                  : loaded 2 times (x 76B)
Class io.ktor.util.PlatformUtilsJvmKt                                                 : loaded 2 times (x 69B)
Class kotlin.text.StringsKt__StringNumberConversionsJVMKt                             : loaded 2 times (x 69B)
Class io.netty.buffer.ReadOnlyByteBufferBuf                                           : loaded 2 times (x 307B)
Class io.netty.buffer.SizeClassesMetric                                               : loaded 2 times (x 68B)
Class io.netty.channel.FileRegion                                                     : loaded 2 times (x 68B)
Class com.fasterxml.jackson.databind.node.MissingNode                                 : loaded 2 times (x 194B)
Class com.fasterxml.jackson.annotation.JsonSetter$Value                               : loaded 2 times (x 83B)
Class com.fasterxml.jackson.core.async.ByteArrayFeeder                                : loaded 2 times (x 68B)
Class com.fasterxml.jackson.annotation.JsonTypeInfo                                   : loaded 2 times (x 68B)
Class io.netty.handler.codec.http.HttpUtil                                            : loaded 2 times (x 69B)
Class io.netty.buffer.UnsafeDirectSwappedByteBuf                                      : loaded 2 times (x 289B)
Class io.netty.buffer.PoolArena$HeapArena                                             : loaded 2 times (x 150B)
Class io.netty.buffer.ByteBufConvertible                                              : loaded 2 times (x 68B)
Class io.netty.buffer.ByteBufUtil$1                                                   : loaded 2 times (x 71B)
Class [Lio.netty.util.DefaultAttributeMap$DefaultAttribute;                           : loaded 2 times (x 67B)
Class io.netty.util.concurrent.BlockingOperationException                             : loaded 2 times (x 80B)
Class io.netty.util.concurrent.RejectedExecutionHandlers                              : loaded 2 times (x 69B)
Class com.fasterxml.jackson.databind.ser.std.NumberSerializers$IntLikeSerializer      : loaded 2 times (x 116B)
Class com.fasterxml.jackson.databind.ser.impl.TypeWrappedSerializer                   : loaded 2 times (x 89B)
Class com.fasterxml.jackson.databind.annotation.JsonSerialize                         : loaded 2 times (x 68B)
Class io.ktor.events.Events                                                           : loaded 2 times (x 70B)
Class kotlin.collections.builders.MapBuilderEntries                                   : loaded 2 times (x 143B)
Class io.ktor.util.CaseInsensitiveMap                                                 : loaded 2 times (x 110B)
Class io.ktor.utils.io.core.OutputArraysJVMKt                                         : loaded 2 times (x 69B)
Class io.netty.buffer.ByteBufUtil$2                                                   : loaded 2 times (x 72B)
Class io.netty.channel.AbstractChannelHandlerContext$Tasks                            : loaded 2 times (x 70B)
Class io.netty.util.concurrent.PromiseTask                                            : loaded 2 times (x 193B)
Class io.ktor.http.HttpMethod                                                         : loaded 2 times (x 70B)
Class com.fasterxml.jackson.databind.ser.std.UUIDSerializer                           : loaded 2 times (x 118B)
Class com.fasterxml.jackson.databind.deser.NullValueProvider                          : loaded 2 times (x 68B)
Class com.fasterxml.jackson.core.util.DefaultIndenter                                 : loaded 2 times (x 80B)
Class com.fasterxml.jackson.databind.cfg.CoercionAction                               : loaded 2 times (x 77B)
Class com.fasterxml.jackson.core.StreamReadConstraints                                : loaded 2 times (x 78B)
Class [Lcom.fasterxml.jackson.core.sym.CharsToNameCanonicalizer$Bucket;               : loaded 2 times (x 67B)
Class com.fasterxml.jackson.core.sym.CharsToNameCanonicalizer$Bucket                  : loaded 2 times (x 70B)
Class com.fasterxml.jackson.databind.util.ClassUtil                                   : loaded 2 times (x 69B)
Class com.fasterxml.jackson.annotation.JsonUnwrapped                                  : loaded 2 times (x 68B)
Class com.fasterxml.jackson.databind.DatabindContext                                  : loaded 2 times (x 98B)
Class kotlin.coroutines.jvm.internal.SuspendLambda                                    : loaded 2 times (x 89B)
Class io.netty.handler.codec.http.HttpUtil$BitSet128                                  : loaded 2 times (x 69B)
Class io.netty.buffer.UnpooledByteBufAllocator$UnpooledByteBufAllocatorMetric         : loaded 2 times (x 74B)
Class io.netty.channel.ChannelProgressiveFuture                                       : loaded 2 times (x 68B)
Class io.netty.channel.nio.SelectedSelectionKeySetSelector                            : loaded 2 times (x 88B)
Class io.netty.channel.AbstractChannel                                                : loaded 2 times (x 185B)
Class kotlin.collections.ArraysKt___ArraysJvmKt                                       : loaded 2 times (x 69B)
Class com.fasterxml.jackson.databind.introspect.DefaultAccessorNamingStrategy         : loaded 2 times (x 78B)
Class kotlin.text.StringsKt__RegexExtensionsJVMKt                                     : loaded 2 times (x 69B)
Class kotlin.text.Regex$Companion                                                     : loaded 2 times (x 69B)
Class io.netty.util.ResourceLeakDetectorFactory$DefaultResourceLeakDetectorFactory    : loaded 2 times (x 72B)
Class io.netty.util.internal.MathUtil                                                 : loaded 2 times (x 69B)
Class io.netty.channel.nio.AbstractNioByteChannel$1                                   : loaded 2 times (x 74B)
Class [Lio.netty.util.ResourceLeakDetector$Level;                                     : loaded 2 times (x 67B)
Class [Lio.netty.util.concurrent.EventExecutorGroup;                                  : loaded 2 times (x 67B)
Class io.netty.util.concurrent.FailedFuture                                           : loaded 2 times (x 128B)
Class io.netty.channel.EventLoop                                                      : loaded 2 times (x 68B)
Class com.google.gson.LongSerializationPolicy                                         : loaded 2 times (x 78B)
Class com.fasterxml.jackson.databind.cfg.ConfigOverride                               : loaded 2 times (x 78B)
Class com.fasterxml.jackson.databind.util.Annotations                                 : loaded 2 times (x 68B)
Class io.ktor.util.pipeline.PipelineContextKt                                         : loaded 2 times (x 69B)
Class kotlin.io.path.PathsKt__PathUtilsKt                                             : loaded 2 times (x 69B)
Class io.netty.channel.DefaultMaxMessagesRecvByteBufAllocator                         : loaded 2 times (x 80B)
Class com.fasterxml.jackson.databind.cfg.ConfigOverrides                              : loaded 2 times (x 85B)
Class com.fasterxml.jackson.databind.introspect.AnnotatedConstructor                  : loaded 2 times (x 96B)
Class com.fasterxml.jackson.databind.type.ReferenceType                               : loaded 2 times (x 147B)
Class io.ktor.http.HttpStatusCodeKt                                                   : loaded 2 times (x 69B)
Class kotlin.enums.EnumEntriesList                                                    : loaded 2 times (x 221B)
Class kotlin.jvm.internal.FunctionBase                                                : loaded 2 times (x 68B)
Class kotlin.collections.builders.AbstractMapBuilderEntrySet                          : loaded 2 times (x 142B)
Class io.ktor.utils.io.charsets.TooLongLineException                                  : loaded 2 times (x 82B)
Class kotlin.io.path.PathsKt                                                          : loaded 2 times (x 69B)
Class com.google.gson.internal.bind.DefaultDateTypeAdapter                            : loaded 2 times (x 72B)
Class com.fasterxml.jackson.databind.deser.std.StdScalarDeserializer                  : loaded 2 times (x 154B)
Class com.fasterxml.jackson.databind.ser.std.StdSerializer                            : loaded 2 times (x 111B)
Class com.fasterxml.jackson.databind.cfg.MutableCoercionConfig                        : loaded 2 times (x 75B)
Class com.fasterxml.jackson.databind.introspect.AnnotatedClass$Creators               : loaded 2 times (x 70B)
Class com.fasterxml.jackson.databind.type.SimpleType                                  : loaded 2 times (x 140B)
Class com.google.common.base.MoreObjects                                              : loaded 2 times (x 69B)
Class kotlin.comparisons.ComparisonsKt___ComparisonsJvmKt                             : loaded 2 times (x 69B)
Class io.ktor.util.Platform                                                           : loaded 2 times (x 69B)
Class com.fasterxml.jackson.databind.BeanDescription                                  : loaded 2 times (x 109B)
Class io.ktor.http.HttpHeaders                                                        : loaded 2 times (x 69B)
Class io.netty.buffer.AbstractDerivedByteBuf                                          : loaded 2 times (x 310B)
Class io.netty.util.internal.ThreadExecutorMap                                        : loaded 2 times (x 69B)
Class io.netty.channel.nio.AbstractNioChannel                                         : loaded 2 times (x 194B)
Class com.google.gson.internal.Primitives                                             : loaded 2 times (x 69B)
Class com.google.gson.stream.JsonWriter                                               : loaded 2 times (x 96B)
Class [Lcom.fasterxml.jackson.databind.ser.BeanSerializerModifier;                    : loaded 2 times (x 67B)
Class com.fasterxml.jackson.databind.ser.std.FileSerializer                           : loaded 2 times (x 112B)
Class com.fasterxml.jackson.databind.node.ContainerNode                               : loaded 2 times (x 234B)
Class com.fasterxml.jackson.databind.node.DecimalNode                                 : loaded 2 times (x 196B)
Class com.fasterxml.jackson.databind.DeserializationFeature                           : loaded 2 times (x 82B)
Class com.google.common.collect.UnmodifiableIterator                                  : loaded 2 times (x 78B)
Class io.ktor.utils.io.ByteChannel$flush$1                                            : loaded 2 times (x 86B)
Class io.netty.util.concurrent.FastThreadLocalRunnable                                : loaded 2 times (x 73B)
Class io.netty.channel.DefaultChannelPipeline$AddStrategy                             : loaded 2 times (x 77B)
Class io.netty.util.internal.SocketUtils$11                                           : loaded 2 times (x 73B)
Class io.netty.util.internal.LongAdderCounter                                         : loaded 2 times (x 88B)
Class io.netty.util.ResourceLeakDetector$Level                                        : loaded 2 times (x 77B)
Class io.netty.util.concurrent.DefaultEventExecutorChooserFactory$GenericEventExecutorChooser: loaded 2 times (x 73B)
Class io.netty.util.internal.ThreadExecutorMap$1                                      : loaded 2 times (x 73B)
Class io.netty.channel.ChannelException                                               : loaded 2 times (x 80B)
Class com.google.gson.internal.bind.TypeAdapterRuntimeTypeWrapper                     : loaded 2 times (x 72B)
Class com.fasterxml.jackson.databind.ser.std.NumberSerializer$BigDecimalAsStringSerializer: loaded 2 times (x 112B)
Class com.fasterxml.jackson.databind.ser.std.StaticListSerializerBase                 : loaded 2 times (x 120B)
Class com.fasterxml.jackson.databind.ser.std.EnumSetSerializer                        : loaded 2 times (x 129B)
Class com.fasterxml.jackson.databind.cfg.JsonNodeFeature                              : loaded 2 times (x 85B)
Class com.fasterxml.jackson.databind.type.TypeFactory                                 : loaded 2 times (x 132B)
Class com.fasterxml.jackson.core.TreeNode                                             : loaded 2 times (x 68B)
Class kotlin.sequences.TransformingSequence$iterator$1                                : loaded 2 times (x 77B)
Class com.google.common.collect.AbstractMapEntry                                      : loaded 2 times (x 79B)
Class io.ktor.util.pipeline.PipelinePhaseRelation$Last                                : loaded 2 times (x 69B)
Class io.ktor.utils.io.ByteReadChannelOperationsKt$discard$1                          : loaded 2 times (x 86B)
Class io.netty.handler.codec.http.HttpHeaders                                         : loaded 2 times (x 119B)
Class io.netty.handler.codec.DefaultHeaders$NameValidator                             : loaded 2 times (x 68B)
Class kotlin.io.CloseableKt                                                           : loaded 2 times (x 69B)
Class io.netty.util.internal.ThreadExecutorMap$2                                      : loaded 2 times (x 73B)
Class io.netty.channel.socket.nio.NioServerSocketChannel$NioServerSocketChannelConfig : loaded 2 times (x 166B)
Class io.netty.channel.VoidChannelPromise$1                                           : loaded 2 times (x 77B)
Class com.fasterxml.jackson.databind.introspect.VisibilityChecker$Std                 : loaded 2 times (x 120B)
Class com.fasterxml.jackson.databind.introspect.AnnotatedClassResolver                : loaded 2 times (x 72B)
Class com.fasterxml.jackson.core.sym.ByteQuadsCanonicalizer                           : loaded 2 times (x 70B)
Class com.fasterxml.jackson.core.json.async.NonBlockingByteBufferJsonParser           : loaded 2 times (x 304B)
Class com.fasterxml.jackson.core.ObjectCodec                                          : loaded 2 times (x 90B)
Class io.grpc.netty.shaded.io.netty.internal.tcnative.CertificateCallback             : loaded 2 times (x 68B)
Class com.fasterxml.jackson.databind.ser.std.NullSerializer                           : loaded 2 times (x 111B)
Class io.ktor.http.IllegalHeaderNameException                                         : loaded 2 times (x 81B)
Class io.netty.handler.codec.http.DefaultHttpHeaders$HeaderValueConverter             : loaded 2 times (x 128B)
Class io.netty.buffer.SwappedByteBuf                                                  : loaded 2 times (x 282B)
Class io.netty.buffer.AbstractUnpooledSlicedByteBuf                                   : loaded 2 times (x 313B)
Class io.netty.handler.codec.http.HttpObject                                          : loaded 2 times (x 68B)
Class io.netty.buffer.PooledDirectByteBuf                                             : loaded 2 times (x 309B)
Class io.netty.util.internal.ThreadExecutorMap$3                                      : loaded 2 times (x 73B)
Class com.google.gson.internal.bind.MapTypeAdapterFactory$Adapter                     : loaded 2 times (x 72B)
Class com.google.gson.internal.sql.SqlTimeTypeAdapter$1                               : loaded 2 times (x 73B)
Class com.fasterxml.jackson.databind.deser.UnresolvedForwardReference                 : loaded 2 times (x 100B)
Class com.fasterxml.jackson.databind.node.JsonNodeCreator                             : loaded 2 times (x 68B)
Class [Lcom.fasterxml.jackson.core.JsonFactory$Feature;                               : loaded 2 times (x 67B)
Class io.grpc.netty.shaded.io.netty.internal.tcnative.AsyncTask                       : loaded 2 times (x 68B)
Class io.ktor.util.AttributesJvmKt                                                    : loaded 2 times (x 69B)
Class io.ktor.utils.io.charsets.MalformedInputException                               : loaded 2 times (x 82B)
Class io.netty.bootstrap.ServerBootstrap$ServerBootstrapAcceptor$1                    : loaded 2 times (x 74B)
Class io.netty.channel.DefaultMessageSizeEstimator$HandleImpl                         : loaded 2 times (x 72B)
Class io.netty.util.NettyRuntime                                                      : loaded 2 times (x 69B)
Class com.fasterxml.jackson.databind.ser.impl.StringCollectionSerializer              : loaded 2 times (x 121B)
Class com.fasterxml.jackson.databind.ser.ContainerSerializer                          : loaded 2 times (x 117B)
Class com.fasterxml.jackson.core.JsonGenerator$Feature                                : loaded 2 times (x 77B)
Class com.fasterxml.jackson.databind.introspect.BeanPropertyDefinition                : loaded 2 times (x 106B)
Class com.fasterxml.jackson.databind.jsontype.TypeResolverBuilder                     : loaded 2 times (x 68B)
Class com.fasterxml.jackson.databind.SerializerProvider                               : loaded 2 times (x 147B)
Class kotlin.text.CharsKt                                                             : loaded 2 times (x 69B)
Class org.slf4j.spi.MDCAdapter                                                        : loaded 2 times (x 68B)
Class io.netty.handler.codec.http.DefaultHttpHeaders                                  : loaded 2 times (x 121B)
Class io.netty.channel.AdaptiveRecvByteBufAllocator                                   : loaded 2 times (x 81B)
Class io.netty.buffer.SimpleLeakAwareCompositeByteBuf                                 : loaded 2 times (x 403B)
Class io.netty.channel.RecvByteBufAllocator$Handle                                    : loaded 2 times (x 68B)
Class io.netty.channel.MaxMessagesRecvByteBufAllocator                                : loaded 2 times (x 68B)
Class io.netty.channel.ChannelHandlerMask$1                                           : loaded 2 times (x 71B)
Class io.netty.channel.AbstractChannelHandlerContext                                  : loaded 2 times (x 190B)
Class io.netty.util.concurrent.ProgressiveFuture                                      : loaded 2 times (x 68B)
Class com.google.gson.internal.bind.DefaultDateTypeAdapter$DateType                   : loaded 2 times (x 71B)
Class com.fasterxml.jackson.databind.node.POJONode                                    : loaded 2 times (x 197B)
Class com.fasterxml.jackson.databind.MappingJsonFactory                               : loaded 2 times (x 162B)
Class com.fasterxml.jackson.core.JsonFactory                                          : loaded 2 times (x 162B)
Class kotlin.text.DelimitedRangesSequence$iterator$1                                  : loaded 2 times (x 77B)
Class io.netty.bootstrap.ServerBootstrap                                              : loaded 2 times (x 102B)
Class kotlin.collections.builders.MapBuilder$EntriesItr                               : loaded 2 times (x 79B)
Class io.netty.handler.codec.http.DefaultHttpHeadersFactory$1                         : loaded 2 times (x 72B)
Class kotlin.io.path.IllegalFileNameException                                         : loaded 2 times (x 83B)
Class io.netty.channel.ChannelHandlerMask$2                                           : loaded 2 times (x 73B)
Class com.google.gson.internal.bind.ReflectiveTypeAdapterFactory$1                    : loaded 2 times (x 72B)
Class com.fasterxml.jackson.databind.ser.ContextualSerializer                         : loaded 2 times (x 68B)
Class com.fasterxml.jackson.databind.util.internal.PrivateMaxEntriesMap$DrainStatus$1 : loaded 2 times (x 78B)
Class kotlin.coroutines.jvm.internal.DebugMetadata                                    : loaded 2 times (x 68B)
Class io.ktor.util.pipeline.PhaseContent$Companion                                    : loaded 2 times (x 69B)
Class io.netty.handler.codec.DefaultHeadersImpl                                       : loaded 2 times (x 275B)
Class io.netty.handler.codec.http.DefaultHttpHeadersFactory$2                         : loaded 2 times (x 72B)
Class io.netty.buffer.PooledByteBufAllocator                                          : loaded 2 times (x 132B)
Class io.netty.channel.DefaultChannelPipeline$PendingHandlerCallback                  : loaded 2 times (x 75B)
Class io.netty.channel.ReflectiveChannelFactory                                       : loaded 2 times (x 77B)
Class com.google.gson.internal.bind.ReflectiveTypeAdapterFactory$2                    : loaded 2 times (x 77B)
Class com.fasterxml.jackson.databind.ser.std.NumberSerializers$Base                   : loaded 2 times (x 116B)
Class com.fasterxml.jackson.databind.node.BigIntegerNode                              : loaded 2 times (x 196B)
Class com.fasterxml.jackson.databind.util.internal.PrivateMaxEntriesMap$DrainStatus$2 : loaded 2 times (x 78B)
Class com.fasterxml.jackson.core.JsonProcessingException                              : loaded 2 times (x 85B)
Class [Lio.ktor.http.HttpStatusCode;                                                  : loaded 2 times (x 67B)
Class io.ktor.util.AttributeKey                                                       : loaded 2 times (x 70B)
Class kotlin.collections.MapsKt__MapsJVMKt                                            : loaded 2 times (x 69B)
Class io.ktor.http.HttpMethod$Companion                                               : loaded 2 times (x 69B)
Class kotlin.collections.builders.ListBuilderKt                                       : loaded 2 times (x 69B)
Class io.ktor.utils.io.ByteChannel$Slot$Read                                          : loaded 2 times (x 77B)
Class io.ktor.utils.io.ByteChannel                                                    : loaded 2 times (x 89B)
Class io.netty.handler.codec.http.DefaultHttpObject                                   : loaded 2 times (x 80B)
Class io.netty.handler.codec.http.FullHttpMessage                                     : loaded 2 times (x 68B)
Class io.netty.buffer.UnpooledByteBufAllocator$InstrumentedUnpooledDirectByteBuf      : loaded 2 times (x 311B)
Class io.netty.buffer.FixedCompositeByteBuf                                           : loaded 2 times (x 305B)
Class io.netty.handler.codec.http.DefaultHttpHeadersFactory$3                         : loaded 2 times (x 72B)
Class io.netty.channel.StacklessClosedChannelException                                : loaded 2 times (x 80B)
Class io.netty.channel.Channel$Unsafe                                                 : loaded 2 times (x 68B)
Class io.netty.util.concurrent.FastThreadLocal                                        : loaded 2 times (x 71B)
Class io.netty.channel.ChannelFactory                                                 : loaded 2 times (x 68B)
Class io.ktor.http.URLDecodeException                                                 : loaded 2 times (x 80B)
Class com.google.gson.ToNumberStrategy                                                : loaded 2 times (x 68B)
Class com.google.gson.TypeAdapter                                                     : loaded 2 times (x 71B)
Class com.fasterxml.jackson.core.io.CharTypes                                         : loaded 2 times (x 69B)
Class com.fasterxml.jackson.core.io.SerializedString                                  : loaded 2 times (x 94B)
Class com.fasterxml.jackson.core.base.GeneratorBase                                   : loaded 2 times (x 213B)
Class com.fasterxml.jackson.databind.util.internal.PrivateMaxEntriesMap$DrainStatus$3 : loaded 2 times (x 78B)
Class com.google.common.base.Objects                                                  : loaded 2 times (x 69B)
Class com.google.common.collect.BiMap                                                 : loaded 2 times (x 68B)
Class io.ktor.http.HttpHeadersKt                                                      : loaded 2 times (x 69B)
Class io.netty.handler.codec.http.HttpContent                                         : loaded 2 times (x 68B)
Class io.netty.handler.codec.http.DefaultHttpHeadersFactory                           : loaded 2 times (x 74B)
Class com.fasterxml.jackson.databind.deser.KeyDeserializers                           : loaded 2 times (x 68B)
Class io.netty.util.concurrent.ScheduledFuture                                        : loaded 2 times (x 68B)
Class [Lio.netty.handler.codec.http.HttpStatusClass;                                  : loaded 2 times (x 67B)
Class io.netty.handler.codec.http.HttpStatusClass                                     : loaded 2 times (x 80B)
Class io.netty.handler.codec.DefaultHeaders$ValueValidator                            : loaded 2 times (x 68B)
Class io.netty.util.NetUtilInitializations                                            : loaded 2 times (x 69B)
Class io.netty.buffer.AbstractReferenceCountedByteBuf                                 : loaded 2 times (x 304B)
Class io.netty.util.internal.StringUtil                                               : loaded 2 times (x 69B)
Class com.fasterxml.jackson.databind.ser.std.NumberSerializers                        : loaded 2 times (x 69B)
Class com.fasterxml.jackson.databind.deser.std.StdKeyDeserializer                     : loaded 2 times (x 77B)
Class com.fasterxml.jackson.databind.exc.InvalidTypeIdException                       : loaded 2 times (x 98B)
Class com.fasterxml.jackson.core.JsonFactoryBuilder                                   : loaded 2 times (x 126B)
Class com.fasterxml.jackson.databind.util.TokenBuffer                                 : loaded 2 times (x 218B)
Class kotlin.collections.ArraysKt__ArraysKt                                           : loaded 2 times (x 69B)
Class io.ktor.utils.io.ByteChannel$Slot$Task                                          : loaded 2 times (x 68B)
Class io.netty.handler.codec.http.HttpHeaderValues                                    : loaded 2 times (x 69B)
Class io.netty.handler.codec.ByteToMessageDecoder$1                                   : loaded 2 times (x 72B)
Class io.netty.bootstrap.AbstractBootstrap$1                                          : loaded 2 times (x 77B)
Class io.netty.buffer.PooledByteBufAllocatorMetric                                    : loaded 2 times (x 74B)
Class com.google.gson.internal.ObjectConstructor                                      : loaded 2 times (x 68B)
Class com.fasterxml.jackson.databind.ser.impl.IndexedStringListSerializer             : loaded 2 times (x 120B)
Class com.fasterxml.jackson.databind.ser.impl.StringArraySerializer                   : loaded 2 times (x 126B)
Class com.fasterxml.jackson.annotation.JsonBackReference                              : loaded 2 times (x 68B)
Class io.grpc.netty.shaded.io.netty.internal.tcnative.SSLPrivateKeyMethodDecryptTask  : loaded 2 times (x 78B)
Class kotlin.collections.SetsKt__SetsJVMKt                                            : loaded 2 times (x 69B)
Class io.ktor.util.StringValuesBuilderImpl                                            : loaded 2 times (x 111B)
Class [Lio.netty.handler.codec.DefaultHeaders$HeaderEntry;                            : loaded 2 times (x 67B)
Class io.netty.buffer.Unpooled                                                        : loaded 2 times (x 69B)
Class io.netty.handler.codec.ByteToMessageDecoder$2                                   : loaded 2 times (x 72B)
Class io.netty.bootstrap.AbstractBootstrap$2                                          : loaded 2 times (x 73B)
Class io.netty.buffer.PooledByteBuf                                                   : loaded 2 times (x 309B)
Class io.netty.util.DefaultAttributeMap$DefaultAttribute                              : loaded 2 times (x 80B)
Class kotlin.collections.CharIterator                                                 : loaded 2 times (x 80B)
Class kotlin.internal.ProgressionUtilKt                                               : loaded 2 times (x 69B)
Class com.fasterxml.jackson.databind.deser.impl.UnsupportedTypeDeserializer           : loaded 2 times (x 154B)
Class com.fasterxml.jackson.databind.deser.BeanDeserializerBase                       : loaded 2 times (x 209B)
Class com.fasterxml.jackson.databind.node.ValueNode                                   : loaded 2 times (x 194B)
Class org.slf4j.ILoggerFactory                                                        : loaded 2 times (x 68B)
Class io.ktor.utils.io.CloseTokenKt                                                   : loaded 2 times (x 69B)
Class io.netty.channel.MessageSizeEstimator                                           : loaded 2 times (x 68B)
Class com.fasterxml.jackson.databind.deser.SettableBeanProperty                       : loaded 2 times (x 138B)
Class com.fasterxml.jackson.databind.cfg.ContextAttributes$Impl                       : loaded 2 times (x 76B)
Class com.fasterxml.jackson.databind.introspect.SimpleMixInResolver                   : loaded 2 times (x 83B)
Class com.fasterxml.jackson.databind.introspect.AnnotatedMethod                       : loaded 2 times (x 96B)
Class org.slf4j.helpers.ThreadLocalMapOfStacks                                        : loaded 2 times (x 74B)
Class io.ktor.utils.io.BufferedByteWriteChannel                                       : loaded 2 times (x 68B)
Class io.netty.handler.codec.http.HttpObjectDecoder$LineParser                        : loaded 2 times (x 73B)
Class io.netty.util.Constant                                                          : loaded 2 times (x 68B)
Class io.netty.util.concurrent.ThreadPerTaskExecutor                                  : loaded 2 times (x 73B)
Class io.netty.util.internal.ReferenceCountUpdater                                    : loaded 2 times (x 72B)
Class kotlin.ranges.CharProgressionIterator                                           : loaded 2 times (x 80B)
Class com.fasterxml.jackson.annotation.JsonRawValue                                   : loaded 2 times (x 68B)
Class com.fasterxml.jackson.databind.introspect.AnnotatedMember                       : loaded 2 times (x 88B)
Class com.fasterxml.jackson.databind.introspect.JacksonAnnotationIntrospector         : loaded 2 times (x 168B)
Class io.ktor.utils.io.ByteReadChannel                                                : loaded 2 times (x 68B)
Class io.ktor.http.content.OutgoingContent$WriteChannelContent                        : loaded 2 times (x 78B)
Class io.netty.channel.ChannelOption                                                  : loaded 2 times (x 79B)
Class io.netty.channel.RecvByteBufAllocator                                           : loaded 2 times (x 68B)
Class io.netty.util.internal.logging.InternalLogger                                   : loaded 2 times (x 68B)
Class [Lcom.google.gson.ToNumberPolicy;                                               : loaded 2 times (x 67B)
Class com.google.gson.ToNumberPolicy                                                  : loaded 2 times (x 81B)
Class com.fasterxml.jackson.databind.deser.BeanDeserializer                           : loaded 2 times (x 221B)
Class com.fasterxml.jackson.core.json.async.NonBlockingJsonParserBase                 : loaded 2 times (x 262B)
Class io.grpc.netty.shaded.io.netty.internal.tcnative.CertificateCallbackTask         : loaded 2 times (x 74B)
Class io.ktor.utils.io.ByteReadChannel$DefaultImpls                                   : loaded 2 times (x 69B)
Class io.netty.handler.codec.http.HttpVersion                                         : loaded 2 times (x 81B)
Class io.netty.util.ByteProcessor                                                     : loaded 2 times (x 68B)
Class kotlin.jvm.JvmClassMappingKt                                                    : loaded 2 times (x 69B)
Class com.fasterxml.jackson.databind.util.LRUMap                                      : loaded 2 times (x 84B)
Class com.fasterxml.jackson.databind.type.ArrayType                                   : loaded 2 times (x 136B)
Class com.fasterxml.jackson.databind.jsontype.PolymorphicTypeValidator$Base           : loaded 2 times (x 72B)
Class org.slf4j.spi.SLF4JServiceProvider                                              : loaded 2 times (x 68B)
Class io.netty.handler.codec.DecoderException                                         : loaded 2 times (x 80B)
Class [Lio.netty.buffer.PoolArenaMetric;                                              : loaded 2 times (x 67B)
Class io.netty.channel.AbstractChannel$AnnotatedConnectException                      : loaded 2 times (x 80B)
Class io.netty.channel.ChannelFutureListener                                          : loaded 2 times (x 68B)
Class io.netty.util.concurrent.GenericFutureListener                                  : loaded 2 times (x 68B)
Class [Lio.ktor.http.HttpMethod;                                                      : loaded 2 times (x 67B)
Class com.fasterxml.jackson.databind.node.LongNode                                    : loaded 2 times (x 195B)
Class com.fasterxml.jackson.databind.cfg.ConfigFeature                                : loaded 2 times (x 68B)
Class com.fasterxml.jackson.annotation.JsonFormat$Value                               : loaded 2 times (x 95B)
Class com.fasterxml.jackson.databind.util.SimpleBeanPropertyDefinition                : loaded 2 times (x 109B)
Class com.fasterxml.jackson.databind.ser.BasicSerializerFactory                       : loaded 2 times (x 104B)
Class com.google.common.base.ExtraObjectsMethodsForWeb                                : loaded 2 times (x 69B)
Class kotlin.jvm.internal.TypeIntrinsics                                              : loaded 2 times (x 69B)
Class kotlin.text.StringsKt__StringsJVMKt                                             : loaded 2 times (x 69B)
Class com.google.gson.internal.bind.ArrayTypeAdapter$1                                : loaded 2 times (x 73B)
Class com.google.gson.internal.bind.JsonTreeWriter                                    : loaded 2 times (x 96B)
Class com.fasterxml.jackson.databind.ser.std.CollectionSerializer                     : loaded 2 times (x 129B)
Class com.fasterxml.jackson.core.util.DefaultPrettyPrinter$NopIndenter                : loaded 2 times (x 75B)
Class kotlin.text.StringsKt__IndentKt                                                 : loaded 2 times (x 69B)
Class kotlin.collections.SetsKt                                                       : loaded 2 times (x 69B)
Class io.netty.channel.ChannelHandlerContext                                          : loaded 2 times (x 68B)
Class io.netty.channel.ChannelOutboundBuffer$1                                        : loaded 2 times (x 71B)
Class io.netty.util.internal.Cleaner                                                  : loaded 2 times (x 68B)
Class com.fasterxml.jackson.annotation.JsonMerge                                      : loaded 2 times (x 68B)
Class kotlin.collections.ArrayDeque                                                   : loaded 2 times (x 205B)
Class com.google.common.base.JdkPattern                                               : loaded 2 times (x 73B)
Class org.slf4j.Logger                                                                : loaded 2 times (x 68B)
Class io.ktor.http.Headers$Companion                                                  : loaded 2 times (x 69B)
Class io.netty.buffer.ByteBufAllocatorMetric                                          : loaded 2 times (x 68B)
Class io.netty.channel.CompleteChannelFuture                                          : loaded 2 times (x 172B)
Class io.netty.channel.DefaultChannelPipeline$HeadContext                             : loaded 2 times (x 216B)
Class io.netty.channel.ChannelOutboundHandler                                         : loaded 2 times (x 68B)
Class io.netty.util.concurrent.FutureListener                                         : loaded 2 times (x 68B)
Class com.fasterxml.jackson.databind.exc.InvalidFormatException                       : loaded 2 times (x 97B)
Class [Lcom.fasterxml.jackson.databind.cfg.CoercionInputShape;                        : loaded 2 times (x 67B)
Class kotlin.collections.MapsKt__MapsKt                                               : loaded 2 times (x 69B)
Class kotlin.jvm.internal.markers.KMutableMap$Entry                                   : loaded 2 times (x 68B)
Class [Lio.netty.buffer.PoolSubpage;                                                  : loaded 2 times (x 67B)
Class io.netty.util.concurrent.MultithreadEventExecutorGroup$1                        : loaded 2 times (x 76B)
Class com.google.gson.internal.bind.ReflectiveTypeAdapterFactory                      : loaded 2 times (x 73B)
Class com.google.gson.internal.sql.SqlTimestampTypeAdapter                            : loaded 2 times (x 74B)
Class com.fasterxml.jackson.databind.ser.std.BeanSerializerBase                       : loaded 2 times (x 130B)
Class com.fasterxml.jackson.databind.ser.std.TimeZoneSerializer                       : loaded 2 times (x 113B)
Class com.fasterxml.jackson.databind.deser.DefaultDeserializationContext              : loaded 2 times (x 186B)
Class com.fasterxml.jackson.databind.deser.BasicDeserializerFactory                   : loaded 2 times (x 135B)
Class org.slf4j.Marker                                                                : loaded 2 times (x 68B)
Class kotlin.collections.AbstractMutableSet                                           : loaded 2 times (x 140B)
Class io.ktor.utils.io.ByteChannel$Slot$Closed                                        : loaded 2 times (x 70B)
Class io.ktor.util.CaseInsensitiveString                                              : loaded 2 times (x 70B)
Class io.ktor.http.Headers$DefaultImpls                                               : loaded 2 times (x 69B)
Class io.netty.util.Signal$SignalConstant                                             : loaded 2 times (x 78B)
Class io.netty.buffer.ReadOnlyUnsafeDirectByteBuf                                     : loaded 2 times (x 307B)
Class com.google.gson.internal.sql.SqlDateTypeAdapter$1                               : loaded 2 times (x 73B)
Class com.fasterxml.jackson.databind.exc.PropertyBindingException                     : loaded 2 times (x 99B)
Class com.google.common.collect.ImmutableMap$IteratorBasedImmutableMap                : loaded 2 times (x 123B)
Class io.ktor.util.Platform$WasmJs                                                    : loaded 2 times (x 70B)
Class kotlin.Metadata                                                                 : loaded 2 times (x 68B)
Class io.netty.channel.socket.ChannelOutputShutdownException                          : loaded 2 times (x 80B)
Class com.intellij.ultimate.PluginVerifier                                            : loaded 2 times (x 69B)
Class io.netty.channel.CombinedChannelDuplexHandler$DelegatingChannelHandlerContext   : loaded 2 times (x 184B)
Class io.netty.channel.socket.DuplexChannelConfig                                     : loaded 2 times (x 68B)
Class io.netty.util.ResourceLeak                                                      : loaded 2 times (x 68B)
Class io.netty.channel.MessageSizeEstimator$Handle                                    : loaded 2 times (x 68B)
Class [Lcom.fasterxml.jackson.core.JsonParser$NumberType;                             : loaded 2 times (x 67B)
Class [Lcom.fasterxml.jackson.annotation.JsonAutoDetect$Visibility;                   : loaded 2 times (x 67B)
Class com.fasterxml.jackson.core.io.UTF8Writer                                        : loaded 2 times (x 98B)
Class com.fasterxml.jackson.databind.JsonNode                                         : loaded 2 times (x 185B)
Class com.fasterxml.jackson.databind.deser.DeserializerFactory                        : loaded 2 times (x 89B)
Class io.netty.channel.ChannelHandler$Sharable                                        : loaded 2 times (x 68B)
Class io.netty.buffer.ByteBufAllocator                                                : loaded 2 times (x 68B)
Class io.netty.util.internal.ReflectionUtil                                           : loaded 2 times (x 69B)
Class io.netty.util.internal.PlatformDependent0$1                                     : loaded 2 times (x 72B)
Class com.google.gson.internal.bind.ReflectiveTypeAdapterFactory$Adapter              : loaded 2 times (x 75B)
Class com.google.gson.internal.bind.TypeAdapters$10                                   : loaded 2 times (x 73B)
Class com.fasterxml.jackson.databind.introspect.AnnotatedWithParams                   : loaded 2 times (x 96B)
Class io.netty.handler.codec.MessageToMessageEncoder                                  : loaded 2 times (x 100B)
Class io.netty.buffer.ReadOnlyByteBuf                                                 : loaded 2 times (x 311B)
Class io.netty.buffer.UnpooledUnsafeHeapByteBuf                                       : loaded 2 times (x 307B)
Class io.netty.util.IntSupplier                                                       : loaded 2 times (x 68B)
Class io.netty.util.concurrent.AbstractEventExecutorGroup                             : loaded 2 times (x 180B)
Class io.netty.util.internal.PlatformDependent0$2                                     : loaded 2 times (x 73B)
Class io.netty.util.internal.logging.AbstractInternalLogger                           : loaded 2 times (x 159B)
Class com.google.gson.internal.bind.TypeAdapters$11                                   : loaded 2 times (x 73B)
Class [Lcom.google.gson.FieldNamingPolicy;                                            : loaded 2 times (x 67B)
Class com.fasterxml.jackson.core.util.Separators                                      : loaded 2 times (x 75B)
Class com.fasterxml.jackson.databind.JsonSerializable$Base                            : loaded 2 times (x 76B)
Class com.fasterxml.jackson.databind.ser.BeanSerializerFactory                        : loaded 2 times (x 126B)
Class io.netty.channel.CombinedChannelDuplexHandler$1                                 : loaded 2 times (x 184B)
Class io.netty.util.concurrent.ThreadProperties                                       : loaded 2 times (x 68B)
Class io.netty.channel.SelectStrategyFactory                                          : loaded 2 times (x 68B)
Class io.netty.util.internal.PlatformDependent0$3                                     : loaded 2 times (x 73B)
Class com.google.gson.internal.bind.TypeAdapters$12                                   : loaded 2 times (x 73B)
Class [Lcom.google.gson.ToNumberStrategy;                                             : loaded 2 times (x 67B)
Class com.fasterxml.jackson.databind.ser.std.ObjectArraySerializer                    : loaded 2 times (x 130B)
Class com.fasterxml.jackson.core.async.ByteBufferFeeder                               : loaded 2 times (x 68B)
Class com.fasterxml.jackson.databind.type.TypeBase                                    : loaded 2 times (x 136B)
Class com.fasterxml.jackson.core.TokenStreamFactory                                   : loaded 2 times (x 112B)
Class org.slf4j.event.LoggingEvent                                                    : loaded 2 times (x 68B)
Class io.netty.bootstrap.ServerBootstrap$ServerBootstrapAcceptor                      : loaded 2 times (x 99B)
Class kotlinx.io.unsafe.UnsafeBufferOperations                                        : loaded 2 times (x 69B)
Class io.netty.util.Signal$1                                                          : loaded 2 times (x 75B)
Class io.netty.buffer.WrappedUnpooledUnsafeDirectByteBuf                              : loaded 2 times (x 314B)
Class io.netty.handler.codec.CodecException                                           : loaded 2 times (x 80B)
Class io.netty.util.internal.SocketUtils                                              : loaded 2 times (x 69B)
Class io.netty.util.internal.PlatformDependent0$4                                     : loaded 2 times (x 73B)
Class com.google.gson.internal.bind.TypeAdapters$13                                   : loaded 2 times (x 73B)
Class com.fasterxml.jackson.databind.cfg.SerializerFactoryConfig                      : loaded 2 times (x 70B)
Class com.fasterxml.jackson.core.JsonParser$NumberType                                : loaded 2 times (x 77B)
Class com.fasterxml.jackson.databind.ser.std.SerializableSerializer                   : loaded 2 times (x 113B)
Class com.fasterxml.jackson.databind.ser.impl.FailingSerializer                       : loaded 2 times (x 111B)
Class com.fasterxml.jackson.databind.cfg.CoercionConfig                               : loaded 2 times (x 72B)
Class [Lcom.fasterxml.jackson.annotation.JsonInclude$Include;                         : loaded 2 times (x 67B)
Class com.fasterxml.jackson.databind.ser.DefaultSerializerProvider$Impl               : loaded 2 times (x 160B)
Class io.grpc.netty.shaded.io.netty.internal.tcnative.SSLTask                         : loaded 2 times (x 73B)
Class com.google.common.collect.ImmutableCollection                                   : loaded 2 times (x 123B)
Class io.ktor.util.Attributes                                                         : loaded 2 times (x 68B)
Class [Lio.ktor.util.pipeline.PipelinePhase;                                          : loaded 2 times (x 67B)
Class kotlinx.io.Buffer                                                               : loaded 2 times (x 114B)
Class kotlin.collections.builders.MapBuilder$Itr                                      : loaded 2 times (x 70B)
Class kotlinx.io.RawSource                                                            : loaded 2 times (x 68B)
Class io.netty.handler.codec.http.FullHttpResponse                                    : loaded 2 times (x 68B)
Class io.netty.buffer.PooledHeapByteBuf                                               : loaded 2 times (x 309B)
Class io.netty.util.AsciiString                                                       : loaded 2 times (x 84B)
Class io.netty.channel.AbstractChannel$AnnotatedNoRouteToHostException                : loaded 2 times (x 80B)
Class io.netty.channel.AbstractChannel$AbstractUnsafe                                 : loaded 2 times (x 92B)
Class io.netty.util.internal.PlatformDependent0$5                                     : loaded 2 times (x 73B)
Class kotlin.ranges.CharProgression$Companion                                         : loaded 2 times (x 69B)
Class com.google.gson.internal.bind.NumberTypeAdapter$1                               : loaded 2 times (x 74B)
Class com.google.gson.internal.bind.TypeAdapters$1                                    : loaded 2 times (x 73B)
Class com.google.gson.internal.bind.TypeAdapters$14                                   : loaded 2 times (x 73B)
Class com.fasterxml.jackson.databind.ser.std.NumberSerializers$LongSerializer         : loaded 2 times (x 116B)
Class com.fasterxml.jackson.databind.exc.UnrecognizedPropertyException                : loaded 2 times (x 99B)
Class com.fasterxml.jackson.databind.introspect.Annotated                             : loaded 2 times (x 79B)
Class com.fasterxml.jackson.core.JsonParser                                           : loaded 2 times (x 194B)
Class kotlin.sequences.SequencesKt                                                    : loaded 2 times (x 69B)
Class com.google.common.util.concurrent.ListenableFuture                              : loaded 2 times (x 68B)
Class io.ktor.util.date.DateJvmKt                                                     : loaded 2 times (x 69B)
Class io.ktor.utils.io.ByteChannel$Slot$Empty                                         : loaded 2 times (x 69B)
Class kotlin.jvm.internal.markers.KMutableSet                                         : loaded 2 times (x 68B)
Class io.ktor.util.pipeline.PipelineContext                                           : loaded 2 times (x 80B)
Class io.netty.bootstrap.AbstractBootstrap$PendingRegistrationPromise                 : loaded 2 times (x 304B)
Class io.netty.util.internal.PlatformDependent0$6                                     : loaded 2 times (x 73B)
Class com.google.gson.Strictness                                                      : loaded 2 times (x 77B)
Class com.google.gson.internal.bind.TypeAdapters$2                                    : loaded 2 times (x 73B)
Class com.google.gson.internal.bind.TypeAdapters$15                                   : loaded 2 times (x 73B)
Class com.google.gson.internal.sql.SqlTypesSupport$1                                  : loaded 2 times (x 72B)
Class com.fasterxml.jackson.databind.deser.std.StdKeyDeserializers                    : loaded 2 times (x 73B)
Class com.fasterxml.jackson.databind.util.StdDateFormat                               : loaded 2 times (x 106B)
Class com.fasterxml.jackson.databind.ObjectMapper                                     : loaded 2 times (x 332B)
Class io.ktor.util.pipeline.PipelinePhaseRelation$After                               : loaded 2 times (x 70B)
Class kotlin.text.StringsKt                                                           : loaded 2 times (x 69B)
Class io.netty.util.Attribute                                                         : loaded 2 times (x 68B)
Class com.google.gson.internal.bind.TypeAdapters$16                                   : loaded 2 times (x 73B)
Class com.google.gson.internal.bind.TypeAdapters$3                                    : loaded 2 times (x 73B)
Class com.google.gson.internal.sql.SqlTypesSupport$2                                  : loaded 2 times (x 72B)
Class com.fasterxml.jackson.databind.ser.std.IterableSerializer                       : loaded 2 times (x 128B)
Class com.fasterxml.jackson.databind.cfg.MapperConfig                                 : loaded 2 times (x 115B)
Class com.fasterxml.jackson.core.util.JacksonFeature                                  : loaded 2 times (x 68B)
Class com.fasterxml.jackson.databind.introspect.DefaultAccessorNamingStrategy$Provider: loaded 2 times (x 79B)
Class kotlin.LazyKt__LazyJVMKt                                                        : loaded 2 times (x 69B)
Class org.slf4j.helpers.NOPMDCAdapter                                                 : loaded 2 times (x 91B)
Class io.ktor.http.HeadersBuilder                                                     : loaded 2 times (x 111B)
Class io.ktor.utils.io.ByteWriteChannel                                               : loaded 2 times (x 68B)
Class io.netty.buffer.AbstractByteBufAllocator$1                                      : loaded 2 times (x 69B)
Class io.netty.util.concurrent.EventExecutorChooserFactory$EventExecutorChooser       : loaded 2 times (x 68B)
Class io.netty.util.internal.logging.InternalLoggerFactory                            : loaded 2 times (x 70B)
Class com.google.gson.internal.bind.TypeAdapters$17                                   : loaded 2 times (x 73B)
Class com.google.gson.internal.bind.TypeAdapters$4                                    : loaded 2 times (x 73B)
Class com.fasterxml.jackson.databind.deser.std.StdDeserializer                        : loaded 2 times (x 154B)
Class com.fasterxml.jackson.databind.node.TreeTraversingParser                        : loaded 2 times (x 220B)
Class com.fasterxml.jackson.databind.deser.DefaultDeserializationContext$Impl         : loaded 2 times (x 186B)
Class kotlin.jvm.internal.markers.KMutableList                                        : loaded 2 times (x 68B)
Class org.slf4j.spi.LoggingEventBuilder                                               : loaded 2 times (x 68B)
Class org.slf4j.helpers.NOPLoggerFactory                                              : loaded 2 times (x 73B)
Class kotlin.text.StringsKt__StringNumberConversionsKt                                : loaded 2 times (x 69B)
Class kotlinx.io.SegmentPool                                                          : loaded 2 times (x 69B)
Class kotlin.text.StringsKt__StringsKt                                                : loaded 2 times (x 69B)
Class io.netty.buffer.PooledByteBufAllocator$1                                        : loaded 2 times (x 74B)
Class io.netty.buffer.UnpooledUnsafeDirectByteBuf                                     : loaded 2 times (x 314B)
Class io.netty.channel.ChannelInitializer                                             : loaded 2 times (x 100B)
Class com.google.gson.annotations.JsonAdapter                                         : loaded 2 times (x 68B)
Class com.google.gson.internal.bind.TypeAdapters$18                                   : loaded 2 times (x 73B)
Class com.google.gson.internal.bind.TypeAdapters$5                                    : loaded 2 times (x 73B)
Class com.google.gson.internal.bind.SerializationDelegatingTypeAdapter                : loaded 2 times (x 72B)
Class com.fasterxml.jackson.databind.ser.BeanSerializerModifier                       : loaded 2 times (x 80B)
Class com.fasterxml.jackson.databind.deser.impl.MethodProperty                        : loaded 2 times (x 139B)
Class [Lcom.fasterxml.jackson.databind.type.LogicalType;                              : loaded 2 times (x 67B)
Class com.fasterxml.jackson.core.base.ParserBase                                      : loaded 2 times (x 256B)
Class io.netty.handler.codec.EncoderException                                         : loaded 2 times (x 80B)
Class io.netty.handler.codec.http.CombinedHttpHeaders                                 : loaded 2 times (x 121B)
Class io.netty.util.concurrent.DefaultPromise$LeanCancellationException               : loaded 2 times (x 80B)
Class io.netty.channel.socket.nio.NioServerSocketChannel                              : loaded 2 times (x 212B)
Class io.netty.util.internal.LongCounter                                              : loaded 2 times (x 68B)
Class com.google.gson.internal.bind.ReflectiveTypeAdapterFactory$FieldReflectionAdapter: loaded 2 times (x 75B)
Class com.google.gson.internal.bind.TypeAdapters$19                                   : loaded 2 times (x 73B)
Class com.google.gson.internal.bind.TypeAdapters$6                                    : loaded 2 times (x 73B)
Class com.fasterxml.jackson.databind.ser.std.StringSerializer                         : loaded 2 times (x 111B)
Class com.fasterxml.jackson.databind.deser.impl.PropertyBasedObjectIdGenerator        : loaded 2 times (x 78B)
Class com.fasterxml.jackson.databind.jsontype.SubtypeResolver                         : loaded 2 times (x 79B)
Class com.google.common.base.CommonPattern                                            : loaded 2 times (x 72B)
Class io.ktor.util.pipeline.PipelinePhase                                             : loaded 2 times (x 70B)
Class kotlin.io.path.PathsKt__PathRecursiveFunctionsKt                                : loaded 2 times (x 69B)
Class io.netty.buffer.WrappedByteBuf                                                  : loaded 2 times (x 282B)
Class io.netty.buffer.AbstractByteBufAllocator                                        : loaded 2 times (x 114B)
Class io.netty.buffer.ByteBufUtil$ThreadLocalUnsafeDirectByteBuf                      : loaded 2 times (x 315B)
Class io.netty.channel.socket.nio.SelectorProviderUtil                                : loaded 2 times (x 69B)
Class io.netty.util.concurrent.AbstractEventExecutor                                  : loaded 2 times (x 230B)
Class io.netty.util.concurrent.AbstractFuture                                         : loaded 2 times (x 126B)
Class com.google.gson.annotations.SerializedName                                      : loaded 2 times (x 68B)
Class com.google.gson.internal.bind.TypeAdapters$7                                    : loaded 2 times (x 73B)
Class com.fasterxml.jackson.databind.ser.Serializers                                  : loaded 2 times (x 68B)
Class com.fasterxml.jackson.core.util.DefaultPrettyPrinter                            : loaded 2 times (x 107B)
Class com.fasterxml.jackson.core.Base64Variants                                       : loaded 2 times (x 69B)
Class com.fasterxml.jackson.core.Versioned                                            : loaded 2 times (x 68B)
Class io.ktor.util.StringValues$DefaultImpls                                          : loaded 2 times (x 69B)
Class kotlin.jvm.internal.markers.KMutableMap                                         : loaded 2 times (x 68B)
Class io.netty.handler.codec.http.HttpRequest                                         : loaded 2 times (x 68B)
Class io.netty.handler.codec.http.HttpHeaderNames                                     : loaded 2 times (x 69B)
Class io.netty.channel.ChannelOutboundHandlerAdapter                                  : loaded 2 times (x 97B)
Class io.netty.buffer.AbstractUnsafeSwappedByteBuf                                    : loaded 2 times (x 289B)
Class io.netty.handler.codec.DecoderResult                                            : loaded 2 times (x 74B)
Class io.netty.handler.codec.http.LastHttpContent                                     : loaded 2 times (x 68B)
Class io.netty.handler.codec.DefaultHeaders$NameValidator$1                           : loaded 2 times (x 72B)
Class io.netty.buffer.PoolChunkList                                                   : loaded 2 times (x 82B)
Class io.netty.channel.MultithreadEventLoopGroup                                      : loaded 2 times (x 224B)
Class io.netty.channel.socket.ServerSocketChannel                                     : loaded 2 times (x 68B)
Class com.google.gson.internal.bind.CollectionTypeAdapterFactory$Adapter              : loaded 2 times (x 72B)
Class com.google.gson.internal.bind.TypeAdapters$8                                    : loaded 2 times (x 73B)
Class com.fasterxml.jackson.databind.deser.std.EnumDeserializer                       : loaded 2 times (x 168B)
Class [Lcom.fasterxml.jackson.annotation.JsonFormat$Shape;                            : loaded 2 times (x 67B)
Class com.fasterxml.jackson.core.sym.CharsToNameCanonicalizer$TableInfo               : loaded 2 times (x 70B)
Class com.fasterxml.jackson.databind.util.internal.Linked                             : loaded 2 times (x 68B)
Class com.fasterxml.jackson.databind.ser.BeanPropertyWriter                           : loaded 2 times (x 139B)
Class com.fasterxml.jackson.databind.ser.PropertyWriter                               : loaded 2 times (x 110B)
Class com.fasterxml.jackson.databind.type.CollectionType                              : loaded 2 times (x 142B)
Class io.netty.channel.ChannelInboundHandler                                          : loaded 2 times (x 68B)
Class io.ktor.util.pipeline.PipelineContext_jvmKt                                     : loaded 2 times (x 69B)
Class io.netty.channel.ChannelDuplexHandler                                           : loaded 2 times (x 116B)
Class com.google.gson.internal.bind.TypeAdapters$9                                    : loaded 2 times (x 73B)
Class [Lcom.fasterxml.jackson.databind.deser.ValueInstantiators;                      : loaded 2 times (x 67B)
Class [Lcom.fasterxml.jackson.databind.DeserializationFeature;                        : loaded 2 times (x 67B)
Class com.fasterxml.jackson.core.exc.StreamConstraintsException                       : loaded 2 times (x 85B)
Class com.fasterxml.jackson.core.io.DataOutputAsStream                                : loaded 2 times (x 84B)
Class org.slf4j.helpers.SubstituteLoggerFactory                                       : loaded 2 times (x 79B)
Class kotlin.enums.EnumEntries                                                        : loaded 2 times (x 68B)
Class io.netty.handler.codec.ValueConverter                                           : loaded 2 times (x 68B)
Class io.netty.handler.codec.http.EmptyHttpHeaders                                    : loaded 2 times (x 119B)
Class io.netty.bootstrap.ChannelInitializerExtensions                                 : loaded 2 times (x 70B)
Class io.netty.buffer.WrappedCompositeByteBuf                                         : loaded 2 times (x 402B)
Class io.netty.channel.ChannelMetadata                                                : loaded 2 times (x 69B)
Class com.google.gson.JsonParseException                                              : loaded 2 times (x 80B)
Class com.fasterxml.jackson.annotation.ObjectIdGenerators$PropertyGenerator           : loaded 2 times (x 78B)
Class com.fasterxml.jackson.databind.jsonFormatVisitors.JsonFormatVisitable           : loaded 2 times (x 68B)
Class com.fasterxml.jackson.core.util.DefaultPrettyPrinter$FixedSpaceIndenter         : loaded 2 times (x 75B)
Class com.fasterxml.jackson.core.json.UTF8DataInputJsonParser                         : loaded 2 times (x 271B)
Class com.fasterxml.jackson.core.type.ResolvedType                                    : loaded 2 times (x 92B)
Class com.fasterxml.jackson.databind.ser.DefaultSerializerProvider                    : loaded 2 times (x 160B)
Class com.fasterxml.jackson.core.JacksonException                                     : loaded 2 times (x 83B)
Class io.ktor.http.EmptyParameters                                                    : loaded 2 times (x 82B)
Class io.netty.handler.codec.http.EmptyHttpHeaders$InstanceInitializer                : loaded 2 times (x 69B)
Class io.netty.channel.nio.AbstractNioByteChannel$NioByteUnsafe                       : loaded 2 times (x 99B)
Class io.netty.buffer.PooledByteBufAllocator$PoolThreadLocalCache                     : loaded 2 times (x 72B)
Class io.netty.channel.nio.AbstractNioChannel$NioUnsafe                               : loaded 2 times (x 68B)
Class io.netty.util.internal.PriorityQueue                                            : loaded 2 times (x 68B)
Class com.fasterxml.jackson.databind.ser.impl.IndexedListSerializer                   : loaded 2 times (x 124B)
Class com.fasterxml.jackson.annotation.ObjectIdGenerators$Base                        : loaded 2 times (x 78B)
Class com.fasterxml.jackson.databind.deser.std.ContainerDeserializerBase              : loaded 2 times (x 159B)
Class com.fasterxml.jackson.core.json.ReaderBasedJsonParser                           : loaded 2 times (x 273B)
Class com.fasterxml.jackson.core.type.TypeReference                                   : loaded 2 times (x 76B)
Class io.netty.util.IllegalReferenceCountException                                    : loaded 2 times (x 80B)
Class com.fasterxml.jackson.databind.deser.std.EnumMapDeserializer                    : loaded 2 times (x 172B)
Class com.fasterxml.jackson.databind.deser.std.StringDeserializer                     : loaded 2 times (x 156B)
Class com.fasterxml.jackson.databind.cfg.MapperConfigBase                             : loaded 2 times (x 129B)
Class com.fasterxml.jackson.core.sym.CharsToNameCanonicalizer                         : loaded 2 times (x 70B)
Class com.fasterxml.jackson.databind.util.internal.PrivateMaxEntriesMap               : loaded 2 times (x 146B)
Class io.netty.handler.codec.DefaultHeaders$HeaderEntry                               : loaded 2 times (x 78B)
Class io.netty.util.CharsetUtil                                                       : loaded 2 times (x 69B)
Class io.netty.util.internal.UnpaddedInternalThreadLocalMap                           : loaded 2 times (x 69B)
Class io.netty.util.concurrent.MultithreadEventExecutorGroup                          : loaded 2 times (x 183B)
Class com.fasterxml.jackson.databind.ser.std.ClassSerializer                          : loaded 2 times (x 112B)
Class [Lcom.fasterxml.jackson.databind.cfg.EnumFeature;                               : loaded 2 times (x 67B)
Class com.fasterxml.jackson.annotation.JacksonAnnotationValue                         : loaded 2 times (x 68B)
Class io.ktor.http.Parameters                                                         : loaded 2 times (x 68B)
Class kotlin.UnsafeLazyImpl                                                           : loaded 2 times (x 74B)
Class kotlin.LazyKt__LazyJVMKt$WhenMappings                                           : loaded 2 times (x 69B)
Class io.netty.buffer.UnpooledByteBufAllocator$InstrumentedUnpooledUnsafeNoCleanerDirectByteBuf: loaded 2 times (x 315B)
Class io.netty.handler.codec.http.HttpObjectDecoder                                   : loaded 2 times (x 123B)
Class io.netty.util.NetUtil                                                           : loaded 2 times (x 69B)
Class [Lio.netty.buffer.PoolSubpageMetric;                                            : loaded 2 times (x 67B)
Class io.netty.buffer.AbstractByteBuf                                                 : loaded 2 times (x 302B)
Class io.netty.channel.socket.ServerSocketChannelConfig                               : loaded 2 times (x 68B)
Class io.netty.util.concurrent.RejectedExecutionHandler                               : loaded 2 times (x 68B)
Class io.netty.bootstrap.ChannelFactory                                               : loaded 2 times (x 68B)
Class com.google.gson.internal.sql.SqlDateTypeAdapter                                 : loaded 2 times (x 72B)
Class com.fasterxml.jackson.databind.ser.BeanSerializer                               : loaded 2 times (x 130B)
Class com.fasterxml.jackson.databind.introspect.AnnotationCollector$NoAnnotations     : loaded 2 times (x 79B)
Class com.fasterxml.jackson.core.TSFBuilder                                           : loaded 2 times (x 106B)
Class com.fasterxml.jackson.core.Base64Variant                                        : loaded 2 times (x 70B)
Class [Lcom.fasterxml.jackson.databind.util.ClassUtil$Ctor;                           : loaded 2 times (x 67B)
Class com.fasterxml.jackson.annotation.JsonManagedReference                           : loaded 2 times (x 68B)
Class io.grpc.netty.shaded.io.netty.internal.tcnative.SSLPrivateKeyMethodSignTask     : loaded 2 times (x 79B)
Class [Lcom.google.common.collect.ImmutableEntry;                                     : loaded 2 times (x 67B)
Class io.ktor.util.pipeline.PipelinePhaseRelation                                     : loaded 2 times (x 69B)
Class kotlin.LazyThreadSafetyMode                                                     : loaded 2 times (x 77B)
Class io.netty.handler.codec.http.HttpObjectDecoder$State                             : loaded 2 times (x 77B)
Class io.netty.handler.codec.http.HttpMessageDecoderResult                            : loaded 2 times (x 74B)
Class io.netty.channel.DefaultChannelPipeline$1                                       : loaded 2 times (x 71B)
Class [Lio.netty.util.Attribute;                                                      : loaded 2 times (x 67B)
Class [Lio.netty.util.concurrent.EventExecutor;                                       : loaded 2 times (x 67B)
Class io.netty.util.concurrent.PromiseTask$SentinelRunnable                           : loaded 2 times (x 74B)
Class io.netty.channel.Channel                                                        : loaded 2 times (x 68B)
Class com.fasterxml.jackson.databind.cfg.DeserializerFactoryConfig                    : loaded 2 times (x 85B)
Class com.fasterxml.jackson.core.JsonParser$Feature                                   : loaded 2 times (x 77B)
Class io.netty.handler.codec.http.HttpResponseStatus                                  : loaded 2 times (x 80B)
Class io.netty.buffer.PoolSubpageMetric                                               : loaded 2 times (x 68B)
Class io.netty.util.concurrent.EventExecutorChooserFactory                            : loaded 2 times (x 68B)
Class com.google.gson.internal.bind.ReflectiveTypeAdapterFactory$RecordAdapter        : loaded 2 times (x 75B)
Class com.fasterxml.jackson.databind.type.MapType                                     : loaded 2 times (x 145B)
Class com.fasterxml.jackson.core.io.SegmentedStringWriter                             : loaded 2 times (x 97B)
Class com.google.common.base.Platform                                                 : loaded 2 times (x 69B)
Class io.ktor.http.content.OutgoingContent$NoContent                                  : loaded 2 times (x 77B)
Class kotlin.SynchronizedLazyImpl                                                     : loaded 2 times (x 74B)
Class org.slf4j.LoggerFactory                                                         : loaded 2 times (x 69B)
Class kotlin.text.StringsKt__RegexExtensionsKt                                        : loaded 2 times (x 69B)
Class io.netty.channel.ChannelOption$1                                                : loaded 2 times (x 75B)
Class [Lio.netty.channel.ChannelHandler;                                              : loaded 2 times (x 67B)
Class io.netty.channel.socket.DefaultServerSocketChannelConfig                        : loaded 2 times (x 166B)
Class io.netty.channel.DefaultChannelPromise                                          : loaded 2 times (x 304B)
Class io.netty.util.concurrent.AbstractScheduledEventExecutor$1                       : loaded 2 times (x 87B)
Class io.netty.util.concurrent.DefaultThreadFactory                                   : loaded 2 times (x 75B)
Class com.google.gson.internal.reflect.ReflectionHelper$RecordNotSupportedHelper      : loaded 2 times (x 76B)
Class com.google.gson.JsonIOException                                                 : loaded 2 times (x 80B)
Class com.fasterxml.jackson.databind.ser.std.NumberSerializers$ShortSerializer        : loaded 2 times (x 116B)
Class com.fasterxml.jackson.databind.deser.ValueInstantiators                         : loaded 2 times (x 68B)
Class com.fasterxml.jackson.databind.deser.ContextualDeserializer                     : loaded 2 times (x 68B)
Class com.fasterxml.jackson.databind.deser.impl.TypeWrappedDeserializer               : loaded 2 times (x 96B)
Class com.fasterxml.jackson.databind.node.NumericNode                                 : loaded 2 times (x 195B)
Class com.fasterxml.jackson.databind.type.LogicalType                                 : loaded 2 times (x 77B)
Class com.fasterxml.jackson.databind.JsonSerializable                                 : loaded 2 times (x 68B)
Class kotlin.sequences.SequencesKt__SequencesJVMKt                                    : loaded 2 times (x 69B)
Class io.ktor.util.Platform$Jvm                                                       : loaded 2 times (x 69B)
Class kotlin.collections.AbstractList                                                 : loaded 2 times (x 195B)
Class kotlin.collections.AbstractCollection                                           : loaded 2 times (x 115B)
Class kotlin.text.Regex                                                               : loaded 2 times (x 70B)
Class io.netty.channel.socket.DuplexChannel                                           : loaded 2 times (x 68B)
Class io.netty.buffer.ByteBufUtil                                                     : loaded 2 times (x 69B)
Class io.netty.util.concurrent.AbstractScheduledEventExecutor$2                       : loaded 2 times (x 72B)
Class io.netty.util.concurrent.OrderedEventExecutor                                   : loaded 2 times (x 68B)
Class com.fasterxml.jackson.databind.ser.std.ToEmptyObjectSerializer                  : loaded 2 times (x 111B)
Class [Lcom.fasterxml.jackson.databind.SerializationFeature;                          : loaded 2 times (x 67B)
Class com.fasterxml.jackson.databind.type.ResolvedRecursiveType                       : loaded 2 times (x 138B)
Class com.fasterxml.jackson.databind.util.ClassUtil$Ctor                              : loaded 2 times (x 70B)
Class kotlin.collections.ArrayAsCollection                                            : loaded 2 times (x 103B)
Class kotlin.LazyKt__LazyKt                                                           : loaded 2 times (x 69B)
Class kotlin.text.StringsKt__StringBuilderJVMKt                                       : loaded 2 times (x 69B)
Class kotlin.jvm.internal.Ref$ObjectRef                                               : loaded 2 times (x 70B)
Class kotlinx.io.Source                                                               : loaded 2 times (x 68B)
Class io.netty.handler.codec.http.TooLongHttpHeaderException                          : loaded 2 times (x 80B)
Class io.netty.buffer.UnpooledDuplicatedByteBuf                                       : loaded 2 times (x 312B)
Class [Lio.netty.handler.codec.http.HttpObjectDecoder$State;                          : loaded 2 times (x 67B)
Class io.netty.handler.codec.ByteToMessageDecoder                                     : loaded 2 times (x 110B)
Class kotlin.ranges.CharRange                                                         : loaded 2 times (x 91B)
Class com.google.gson.LongSerializationPolicy$1                                       : loaded 2 times (x 78B)
Class com.fasterxml.jackson.core.sym.ByteQuadsCanonicalizer$TableInfo                 : loaded 2 times (x 70B)
Class com.fasterxml.jackson.core.async.NonBlockingInputFeeder                         : loaded 2 times (x 68B)
Class com.fasterxml.jackson.databind.BeanProperty                                     : loaded 2 times (x 68B)
Class com.fasterxml.jackson.core.JsonGenerator                                        : loaded 2 times (x 204B)
Class kotlin.UNINITIALIZED_VALUE                                                      : loaded 2 times (x 69B)
Class io.ktor.http.IllegalHeaderValueException                                        : loaded 2 times (x 81B)
Class io.netty.channel.ChannelPipelineException                                       : loaded 2 times (x 80B)
Class io.netty.channel.nio.AbstractNioMessageChannel                                  : loaded 2 times (x 200B)
Class com.google.gson.LongSerializationPolicy$2                                       : loaded 2 times (x 78B)
Class com.fasterxml.jackson.databind.ser.std.StdScalarSerializer                      : loaded 2 times (x 111B)
Class [Lcom.fasterxml.jackson.databind.deser.KeyDeserializers;                        : loaded 2 times (x 67B)
Class com.fasterxml.jackson.databind.introspect.ClassIntrospector$MixInResolver       : loaded 2 times (x 68B)
Class kotlin.sequences.SequencesKt__SequencesKt                                       : loaded 2 times (x 69B)
Class kotlin.comparisons.ComparisonsKt__ComparisonsKt                                 : loaded 2 times (x 69B)
Class kotlin.ranges.RangesKt__RangesKt                                                : loaded 2 times (x 69B)
Class kotlin.collections.SetsKt___SetsKt                                              : loaded 2 times (x 69B)
Class io.netty.channel.DefaultChannelPipeline$7                                       : loaded 2 times (x 69B)
Class io.netty.channel.DefaultMessageSizeEstimator                                    : loaded 2 times (x 73B)
Class com.fasterxml.jackson.databind.ser.std.BooleanSerializer                        : loaded 2 times (x 114B)
Class com.fasterxml.jackson.databind.exc.ValueInstantiationException                  : loaded 2 times (x 95B)
Class kotlin.sequences.FilteringSequence                                              : loaded 2 times (x 73B)
Class kotlin.comparisons.ComparisonsKt                                                : loaded 2 times (x 69B)
Class kotlin.comparisons.ComparisonsKt___ComparisonsKt                                : loaded 2 times (x 69B)
Class kotlin.text.CharsKt__CharJVMKt                                                  : loaded 2 times (x 69B)
Class io.netty.util.AsciiString$1                                                     : loaded 2 times (x 73B)
Class io.netty.util.internal.PlatformDependent                                        : loaded 2 times (x 69B)
Class [Lcom.google.gson.Strictness;                                                   : loaded 2 times (x 67B)
Class com.google.gson.reflect.TypeToken                                               : loaded 2 times (x 73B)
Class com.fasterxml.jackson.databind.deser.AbstractDeserializer                       : loaded 2 times (x 102B)
Class com.google.common.collect.ImmutableSet                                          : loaded 2 times (x 143B)
Class io.ktor.util.reflect.TypeInfo                                                   : loaded 2 times (x 70B)
Class io.ktor.http.content.OutgoingContent$ReadChannelContent                         : loaded 2 times (x 79B)
Class io.ktor.http.UnsafeHeaderException                                              : loaded 2 times (x 80B)
Class io.netty.util.internal.TypeParameterMatcher                                     : loaded 2 times (x 70B)
Class io.netty.util.AsciiString$2                                                     : loaded 2 times (x 73B)
Class io.netty.buffer.PooledUnsafeHeapByteBuf                                         : loaded 2 times (x 309B)
Class io.netty.buffer.EmptyByteBuf                                                    : loaded 2 times (x 282B)
Class io.netty.channel.SucceededChannelFuture                                         : loaded 2 times (x 172B)
Class com.google.gson.internal.sql.SqlTimestampTypeAdapter$1                          : loaded 2 times (x 73B)
Class com.google.gson.JsonPrimitive                                                   : loaded 2 times (x 91B)
Class com.fasterxml.jackson.databind.jsontype.DefaultBaseTypeLimitingValidator        : loaded 2 times (x 74B)
Class com.fasterxml.jackson.databind.introspect.NopAnnotationIntrospector             : loaded 2 times (x 155B)
Class kotlin.text.DelimitedRangesSequence                                             : loaded 2 times (x 73B)
Class io.ktor.utils.io.KtorDsl                                                        : loaded 2 times (x 68B)
Class org.slf4j.IMarkerFactory                                                        : loaded 2 times (x 68B)
Class com.fasterxml.jackson.annotation.JsonView                                       : loaded 2 times (x 68B)
Class io.netty.buffer.UnpooledUnsafeNoCleanerDirectByteBuf                            : loaded 2 times (x 315B)
Class io.netty.channel.ChannelHandlerMask$Skip                                        : loaded 2 times (x 68B)
Class [Lcom.google.gson.ReflectionAccessFilter$FilterResult;                          : loaded 2 times (x 67B)
Class com.google.gson.JsonElement                                                     : loaded 2 times (x 90B)
Class com.fasterxml.jackson.databind.introspect.ConcreteBeanPropertyBase              : loaded 2 times (x 104B)
Class com.fasterxml.jackson.core.TreeCodec                                            : loaded 2 times (x 76B)
Class kotlin.jvm.internal.markers.KMutableIterable                                    : loaded 2 times (x 68B)
Class io.ktor.util.StringValues                                                       : loaded 2 times (x 68B)
Class kotlin.sequences.SequencesKt___SequencesJvmKt                                   : loaded 2 times (x 69B)
Class com.fasterxml.jackson.core.json.JsonGeneratorImpl                               : loaded 2 times (x 216B)
Class io.netty.handler.codec.http.HttpHeaderValidationUtil                            : loaded 2 times (x 69B)
Class io.netty.handler.codec.Headers                                                  : loaded 2 times (x 68B)
Class [Lio.netty.util.AsciiString;                                                    : loaded 2 times (x 67B)
Class io.netty.util.internal.EmptyArrays                                              : loaded 2 times (x 69B)
Class com.google.gson.internal.bind.CollectionTypeAdapterFactory                      : loaded 2 times (x 73B)
Class com.fasterxml.jackson.databind.ser.std.ByteBufferSerializer                     : loaded 2 times (x 112B)
Class com.fasterxml.jackson.databind.ser.std.MapSerializer                            : loaded 2 times (x 145B)
Class com.fasterxml.jackson.databind.deser.std.AtomicReferenceDeserializer            : loaded 2 times (x 167B)
Class com.fasterxml.jackson.databind.introspect.AnnotatedClass                        : loaded 2 times (x 83B)
Class kotlin.ranges.RangesKt                                                          : loaded 2 times (x 69B)
Class io.netty.channel.ChannelInboundHandlerAdapter                                   : loaded 2 times (x 98B)
Class com.google.common.base.Supplier                                                 : loaded 2 times (x 68B)
Class com.intellij.cwm.plugin.provisioner.ProvisionedCodeWithMeEnterpriseConfiguration: loaded 2 times (x 76B)
Class io.netty.channel.nio.AbstractNioChannel$1                                       : loaded 2 times (x 74B)
Class io.netty.channel.ChannelPromise                                                 : loaded 2 times (x 68B)
Class io.netty.util.concurrent.GlobalEventExecutor                                    : loaded 2 times (x 276B)
Class com.fasterxml.jackson.databind.deser.impl.ErrorThrowingDeserializer             : loaded 2 times (x 96B)
Class com.fasterxml.jackson.annotation.JsonFormat$Features                            : loaded 2 times (x 73B)
Class kotlin.collections.ArraysUtilJVM                                                : loaded 2 times (x 69B)
Class io.ktor.utils.io.ByteWriteChannelOperations_jvmKt                               : loaded 2 times (x 69B)
Class io.netty.buffer.DuplicatedByteBuf                                               : loaded 2 times (x 311B)
Class io.netty.util.ConstantPool                                                      : loaded 2 times (x 75B)
Class io.netty.channel.DefaultChannelId                                               : loaded 2 times (x 77B)
Class io.netty.channel.nio.AbstractNioMessageChannel$NioMessageUnsafe                 : loaded 2 times (x 99B)
Class [Lio.netty.util.internal.PriorityQueueNode;                                     : loaded 2 times (x 67B)
Class com.google.gson.internal.sql.SqlTimeTypeAdapter                                 : loaded 2 times (x 72B)
Class com.google.gson.internal.bind.TreeTypeAdapter                                   : loaded 2 times (x 73B)
Class com.fasterxml.jackson.databind.introspect.AnnotatedField                        : loaded 2 times (x 88B)
Class com.fasterxml.jackson.databind.deser.std.ObjectArrayDeserializer                : loaded 2 times (x 170B)
Class com.fasterxml.jackson.databind.deser.ResolvableDeserializer                     : loaded 2 times (x 68B)
Class [Lcom.fasterxml.jackson.core.JsonParser$Feature;                                : loaded 2 times (x 67B)
Class com.fasterxml.jackson.databind.introspect.AccessorNamingStrategy                : loaded 2 times (x 73B)
Class com.google.common.base.Ticker                                                   : loaded 2 times (x 70B)
Class com.google.common.base.Strings                                                  : loaded 2 times (x 69B)
Class kotlin.collections.AbstractMutableList                                          : loaded 2 times (x 204B)
Class org.slf4j.helpers.BasicMarkerFactory                                            : loaded 2 times (x 80B)
Class kotlin.jvm.internal.markers.KMutableIterator                                    : loaded 2 times (x 68B)
Class io.ktor.utils.io.ByteReadChannelOperationsKt                                    : loaded 2 times (x 69B)
Class io.netty.handler.codec.http.HttpStatusClass$1                                   : loaded 2 times (x 80B)
Class io.netty.buffer.AbstractReferenceCountedByteBuf$1                               : loaded 2 times (x 72B)
Class io.netty.handler.codec.http.HttpMessage                                         : loaded 2 times (x 68B)
Class kotlin.KotlinNothingValueException                                              : loaded 2 times (x 80B)
Class com.google.gson.internal.bind.TypeAdapters$20                                   : loaded 2 times (x 73B)
Class com.fasterxml.jackson.databind.deser.DeserializerCache                          : loaded 2 times (x 70B)
Class com.fasterxml.jackson.annotation.JsonInclude$Include                            : loaded 2 times (x 77B)
Class com.fasterxml.jackson.databind.introspect.AccessorNamingStrategy$Provider       : loaded 2 times (x 72B)
Class com.fasterxml.jackson.databind.deser.BeanDeserializerFactory                    : loaded 2 times (x 155B)
Class com.google.common.collect.ImmutableMap                                          : loaded 2 times (x 118B)
Class com.google.common.base.Predicate                                                : loaded 2 times (x 68B)
Class kotlinx.io.Segment                                                              : loaded 2 times (x 70B)
Class io.netty.channel.nio.AbstractNioByteChannel                                     : loaded 2 times (x 201B)
Class io.netty.util.AbstractConstant                                                  : loaded 2 times (x 78B)
Class io.netty.channel.nio.AbstractNioChannel$AbstractNioUnsafe                       : loaded 2 times (x 99B)
Class io.netty.bootstrap.AbstractBootstrapConfig                                      : loaded 2 times (x 70B)
Class com.google.gson.internal.bind.TypeAdapters$21                                   : loaded 2 times (x 73B)
Class com.google.gson.FieldNamingPolicy$1                                             : loaded 2 times (x 81B)
Class com.fasterxml.jackson.databind.ser.std.InetAddressSerializer                    : loaded 2 times (x 117B)
Class com.fasterxml.jackson.databind.deser.std.CollectionDeserializer                 : loaded 2 times (x 171B)
Class com.fasterxml.jackson.databind.MapperFeature                                    : loaded 2 times (x 82B)
Class com.fasterxml.jackson.databind.cfg.CoercionConfigs                              : loaded 2 times (x 77B)
Class com.fasterxml.jackson.annotation.JsonFormat                                     : loaded 2 times (x 68B)
Class io.netty.channel.ChannelHandler                                                 : loaded 2 times (x 68B)
Class kotlin.collections.MapsKt___MapsJvmKt                                           : loaded 2 times (x 69B)
Class kotlin.collections.EmptySet                                                     : loaded 2 times (x 120B)
Class io.netty.buffer.ByteBufAllocatorMetricProvider                                  : loaded 2 times (x 68B)
Class io.netty.channel.ServerChannelRecvByteBufAllocator                              : loaded 2 times (x 80B)
Class com.google.gson.internal.bind.TypeAdapters$22                                   : loaded 2 times (x 73B)
Class com.google.gson.FieldNamingPolicy$2                                             : loaded 2 times (x 81B)
Class com.google.gson.internal.Excluder$1                                             : loaded 2 times (x 72B)
Class com.fasterxml.jackson.databind.deser.std.StdDelegatingDeserializer              : loaded 2 times (x 166B)
Class com.fasterxml.jackson.databind.deser.ValueInstantiator$Gettable                 : loaded 2 times (x 68B)
Class com.fasterxml.jackson.databind.ser.std.StdDelegatingSerializer                  : loaded 2 times (x 123B)
Class com.fasterxml.jackson.databind.jsonschema.SchemaAware                           : loaded 2 times (x 68B)
Class com.fasterxml.jackson.core.SerializableString                                   : loaded 2 times (x 68B)
Class com.fasterxml.jackson.databind.ser.impl.AttributePropertyWriter                 : loaded 2 times (x 141B)
Class [Lcom.google.common.collect.AbstractMapEntry;                                   : loaded 2 times (x 67B)
Class com.google.common.collect.ImmutableEntry                                        : loaded 2 times (x 80B)
Class com.fasterxml.jackson.databind.introspect.AnnotationCollector                   : loaded 2 times (x 75B)
Class kotlin.annotation.Target                                                        : loaded 2 times (x 68B)
Class io.ktor.http.content.OutgoingContent$ByteArrayContent                           : loaded 2 times (x 78B)
Class io.ktor.utils.io.ByteChannel$Slot$Companion                                     : loaded 2 times (x 69B)
Class io.ktor.utils.io.ByteChannel$flushAndClose$1                                    : loaded 2 times (x 86B)
Class io.ktor.utils.io.ByteChannel$Slot                                               : loaded 2 times (x 68B)
Class io.netty.handler.codec.http.DefaultHttpMessage                                  : loaded 2 times (x 90B)
Class io.netty.util.AsciiString$CharEqualityComparator                                : loaded 2 times (x 68B)
Class io.netty.bootstrap.ChannelInitializerExtensions$ServiceLoadingExtensions        : loaded 2 times (x 71B)
Class io.netty.channel.WriteBufferWaterMark                                           : loaded 2 times (x 69B)
Class io.netty.channel.ChannelProgressivePromise                                      : loaded 2 times (x 68B)
Class io.netty.util.concurrent.GlobalEventExecutor$1                                  : loaded 2 times (x 74B)
Class com.google.gson.internal.bind.TypeAdapters$23                                   : loaded 2 times (x 73B)
Class com.google.gson.FieldNamingPolicy$3                                             : loaded 2 times (x 81B)
Class com.fasterxml.jackson.databind.ser.std.ArraySerializerBase                      : loaded 2 times (x 123B)
Class com.fasterxml.jackson.databind.cfg.EnumFeature                                  : loaded 2 times (x 85B)
Class com.fasterxml.jackson.databind.cfg.ConfigOverride$Empty                         : loaded 2 times (x 78B)
Class com.fasterxml.jackson.databind.util.RootNameLookup                              : loaded 2 times (x 73B)
Class com.fasterxml.jackson.core.json.async.NonBlockingJsonParser                     : loaded 2 times (x 305B)
Class com.google.common.collect.CollectPreconditions                                  : loaded 2 times (x 69B)
Class io.ktor.util.pipeline.Pipeline                                                  : loaded 2 times (x 72B)
Class kotlin.text.StringsKt___StringsJvmKt                                            : loaded 2 times (x 69B)
Class kotlin.annotation.Retention                                                     : loaded 2 times (x 68B)
Class io.netty.buffer.PoolArena                                                       : loaded 2 times (x 150B)
Class io.netty.buffer.UnpooledHeapByteBuf                                             : loaded 2 times (x 307B)
Class io.netty.channel.AbstractChannel$CloseFuture                                    : loaded 2 times (x 304B)
Class com.google.gson.internal.bind.TypeAdapters$24                                   : loaded 2 times (x 73B)
Class com.google.gson.FieldNamingPolicy$4                                             : loaded 2 times (x 81B)
Class com.fasterxml.jackson.databind.type.TypeBindings                                : loaded 2 times (x 81B)
Class com.fasterxml.jackson.databind.introspect.VirtualAnnotatedMember                : loaded 2 times (x 90B)
Class com.fasterxml.jackson.databind.jsontype.impl.LaissezFaireSubTypeValidator       : loaded 2 times (x 72B)
Class kotlin.collections.ArraysKt___ArraysKt                                          : loaded 2 times (x 69B)
Class kotlin.collections.MapsKt___MapsKt                                              : loaded 2 times (x 69B)
Class io.netty.handler.codec.CharSequenceValueConverter                               : loaded 2 times (x 128B)
Class io.netty.channel.ChannelConfig                                                  : loaded 2 times (x 68B)
Class com.google.gson.internal.bind.TypeAdapters$25                                   : loaded 2 times (x 73B)
Class com.google.gson.FieldNamingPolicy$5                                             : loaded 2 times (x 81B)
Class com.fasterxml.jackson.databind.ser.std.StdJdkSerializers$AtomicLongSerializer   : loaded 2 times (x 112B)
Class com.fasterxml.jackson.databind.deser.std.StringArrayDeserializer                : loaded 2 times (x 158B)
Class io.ktor.events.EventDefinition                                                  : loaded 2 times (x 69B)
Class io.ktor.util.Platform$Native                                                    : loaded 2 times (x 69B)
Class io.ktor.util.collections.CopyOnWriteHashMap                                     : loaded 2 times (x 70B)
Class kotlin.collections.MapsKt__MapWithDefaultKt                                     : loaded 2 times (x 69B)
Class kotlin.collections.builders.MapBuilder$Companion                                : loaded 2 times (x 69B)
Class io.netty.buffer.UnsafeHeapSwappedByteBuf                                        : loaded 2 times (x 289B)
Class io.netty.util.ResourceLeakDetector                                              : loaded 2 times (x 77B)
Class io.netty.channel.ChannelId                                                      : loaded 2 times (x 68B)
Class com.google.gson.internal.bind.ArrayTypeAdapter                                  : loaded 2 times (x 72B)
Class com.google.gson.internal.bind.TypeAdapters$26                                   : loaded 2 times (x 73B)
Class com.google.gson.FieldNamingPolicy$6                                             : loaded 2 times (x 81B)
Class com.fasterxml.jackson.databind.deser.std.ArrayBlockingQueueDeserializer         : loaded 2 times (x 172B)
Class com.fasterxml.jackson.databind.ser.SerializerCache                              : loaded 2 times (x 70B)
Class com.fasterxml.jackson.databind.cfg.DatatypeFeatures$DefaultHolder               : loaded 2 times (x 69B)
Class [Lcom.fasterxml.jackson.databind.cfg.ConfigFeature;                             : loaded 2 times (x 67B)
Class com.fasterxml.jackson.databind.SerializationConfig                              : loaded 2 times (x 130B)
Class com.fasterxml.jackson.databind.type.IdentityEqualityType                        : loaded 2 times (x 136B)
Class io.ktor.http.HttpStatusCode                                                     : loaded 2 times (x 73B)
Class kotlin.enums.EnumEntriesKt                                                      : loaded 2 times (x 69B)
Class com.google.gson.internal.bind.ObjectTypeAdapter$1                               : loaded 2 times (x 74B)
Class kotlin.text.StringsKt___StringsKt                                               : loaded 2 times (x 69B)
Class [Lkotlin.LazyThreadSafetyMode;                                                  : loaded 2 times (x 67B)
Class io.netty.buffer.UnpooledByteBufAllocator$InstrumentedUnpooledUnsafeDirectByteBuf: loaded 2 times (x 314B)
Class io.netty.handler.codec.http.HttpDecoderConfig                                   : loaded 2 times (x 70B)
Class kotlin.io.path.PathsKt__PathReadWriteKt                                         : loaded 2 times (x 69B)
Class com.google.gson.internal.reflect.ReflectionHelper                               : loaded 2 times (x 69B)
Class com.google.gson.internal.bind.TypeAdapters$27                                   : loaded 2 times (x 73B)
Class com.google.gson.FieldNamingPolicy$7                                             : loaded 2 times (x 81B)
Class com.fasterxml.jackson.databind.ser.std.DateSerializer                           : loaded 2 times (x 123B)
Class com.fasterxml.jackson.databind.ser.std.CalendarSerializer                       : loaded 2 times (x 123B)
Class [Lcom.fasterxml.jackson.databind.deser.BeanDeserializerModifier;                : loaded 2 times (x 67B)
Class [Lcom.fasterxml.jackson.core.JsonGenerator$Feature;                             : loaded 2 times (x 67B)
Class com.fasterxml.jackson.databind.introspect.DefaultAccessorNamingStrategy$RecordNaming: loaded 2 times (x 78B)
Class io.netty.channel.EventLoopGroup                                                 : loaded 2 times (x 68B)
Class io.ktor.util.pipeline.PhaseContent                                              : loaded 2 times (x 70B)
Class io.ktor.utils.io.core.ByteReadPacketKt                                          : loaded 2 times (x 69B)
Class io.netty.util.internal.TypeParameterMatcher$1                                   : loaded 2 times (x 70B)
Class io.netty.handler.codec.http.HttpObjectDecoder$HeaderParser                      : loaded 2 times (x 73B)
Class io.netty.util.NetUtil$SoMaxConnAction                                           : loaded 2 times (x 72B)
Class io.netty.buffer.PoolChunkListMetric                                             : loaded 2 times (x 68B)
Class io.netty.buffer.PoolSubpage                                                     : loaded 2 times (x 76B)
Class io.netty.channel.DefaultChannelPipeline$PendingHandlerAddedTask                 : loaded 2 times (x 75B)
Class io.netty.util.concurrent.RejectedExecutionHandlers$1                            : loaded 2 times (x 72B)
Class io.netty.util.internal.PlatformDependent0                                       : loaded 2 times (x 69B)
Class [Lcom.google.gson.LongSerializationPolicy;                                      : loaded 2 times (x 67B)
Class com.fasterxml.jackson.databind.ser.impl.IteratorSerializer                      : loaded 2 times (x 129B)
Class com.fasterxml.jackson.databind.ser.impl.MapEntrySerializer                      : loaded 2 times (x 129B)
Class com.fasterxml.jackson.annotation.JsonAutoDetect$Visibility                      : loaded 2 times (x 77B)
Class kotlin.jvm.internal.markers.KMutableCollection                                  : loaded 2 times (x 68B)
Class io.ktor.util.pipeline.InvalidPhaseException                                     : loaded 2 times (x 80B)
Class kotlin.collections.EmptyMap                                                     : loaded 2 times (x 107B)
Class com.google.gson.Gson$FutureTypeAdapter                                          : loaded 2 times (x 74B)
Class io.netty.util.concurrent.FastThreadLocalThread                                  : loaded 2 times (x 106B)
Class io.ktor.utils.io.ByteChannel$awaitContent$1                                     : loaded 2 times (x 86B)
Class io.netty.util.internal.PriorityQueueNode                                        : loaded 2 times (x 68B)
Class io.netty.util.concurrent.DefaultFutureListeners                                 : loaded 2 times (x 70B)
Class io.netty.util.concurrent.DefaultPromise$StacklessCancellationException          : loaded 2 times (x 80B)
Class io.netty.util.internal.OutOfDirectMemoryError                                   : loaded 2 times (x 80B)
Class com.google.gson.internal.bind.MapTypeAdapterFactory                             : loaded 2 times (x 73B)
Class com.google.gson.internal.bind.TypeAdapters$29                                   : loaded 2 times (x 73B)
Class com.google.gson.JsonNull                                                        : loaded 2 times (x 90B)
Class com.fasterxml.jackson.databind.ser.std.StdJdkSerializers$AtomicBooleanSerializer: loaded 2 times (x 112B)
Class com.fasterxml.jackson.databind.deser.std.StdKeyDeserializer$EnumKD              : loaded 2 times (x 77B)
Class com.fasterxml.jackson.databind.deser.std.MapDeserializer                        : loaded 2 times (x 176B)
Class com.fasterxml.jackson.core.json.async.NonBlockingUtf8JsonParserBase             : loaded 2 times (x 295B)
Class io.ktor.http.BadContentTypeFormatException                                      : loaded 2 times (x 80B)
Class kotlin.collections.MapsKt                                                       : loaded 2 times (x 69B)
Class io.netty.util.internal.MacAddressUtil                                           : loaded 2 times (x 69B)
Class io.netty.channel.AbstractChannel$AbstractUnsafe$1                               : loaded 2 times (x 74B)
Class io.netty.util.internal.CleanerJava9$1                                           : loaded 2 times (x 73B)
Class io.netty.util.ReferenceCounted                                                  : loaded 2 times (x 68B)
Class kotlin.text.Charsets                                                            : loaded 2 times (x 69B)
Class kotlin.ranges.OpenEndRange                                                      : loaded 2 times (x 68B)
Class com.fasterxml.jackson.databind.deser.impl.FieldProperty                         : loaded 2 times (x 139B)
Class com.fasterxml.jackson.databind.deser.std.TokenBufferDeserializer                : loaded 2 times (x 155B)
Class com.fasterxml.jackson.databind.node.JsonNodeFactory                             : loaded 2 times (x 134B)
Class [Lcom.fasterxml.jackson.databind.cfg.JsonNodeFeature;                           : loaded 2 times (x 67B)
Class com.fasterxml.jackson.annotation.JsonFormat$Shape                               : loaded 2 times (x 77B)
Class com.fasterxml.jackson.core.json.UTF8JsonGenerator                               : loaded 2 times (x 217B)
Class com.fasterxml.jackson.databind.JavaType                                         : loaded 2 times (x 128B)
Class com.fasterxml.jackson.databind.DeserializationContext                           : loaded 2 times (x 178B)
Class io.netty.channel.ChannelOutboundBuffer                                          : loaded 2 times (x 70B)
Class kotlinx.io.Sink                                                                 : loaded 2 times (x 68B)
Class io.netty.util.Signal                                                            : loaded 2 times (x 87B)
Class io.netty.handler.codec.ByteToMessageDecoder$Cumulator                           : loaded 2 times (x 68B)
Class io.netty.channel.AbstractChannel$AbstractUnsafe$2                               : loaded 2 times (x 74B)
Class io.netty.bootstrap.ChannelInitializerExtensions$EmptyExtensions                 : loaded 2 times (x 70B)
Class io.netty.util.ResourceLeakHint                                                  : loaded 2 times (x 68B)
Class com.google.gson.internal.bind.DefaultDateTypeAdapter$DateType$1                 : loaded 2 times (x 71B)
Class com.fasterxml.jackson.databind.util.internal.PrivateMaxEntriesMap$Builder       : loaded 2 times (x 69B)
Class com.fasterxml.jackson.databind.type.MapLikeType                                 : loaded 2 times (x 145B)
Class kotlin.ranges.RangesKt___RangesKt                                               : loaded 2 times (x 69B)
Class io.netty.handler.codec.DefaultHeaders                                           : loaded 2 times (x 275B)
Class com.google.gson.internal.LazilyParsedNumber                                     : loaded 2 times (x 76B)
Class com.fasterxml.jackson.databind.ser.std.BooleanSerializer$AsNumber               : loaded 2 times (x 114B)
Class com.fasterxml.jackson.databind.node.ShortNode                                   : loaded 2 times (x 195B)
Class [Lcom.fasterxml.jackson.databind.cfg.DatatypeFeature;                           : loaded 2 times (x 67B)
Class [Lcom.fasterxml.jackson.databind.JavaType;                                      : loaded 2 times (x 67B)
Class com.fasterxml.jackson.databind.type.PlaceholderForType                          : loaded 2 times (x 139B)
Class com.google.common.base.PatternCompiler                                          : loaded 2 times (x 68B)
Class kotlin.collections.ArrayDeque$Companion                                         : loaded 2 times (x 69B)
Class com.google.common.collect.Hashing                                               : loaded 2 times (x 69B)
Class kotlin.text.CharsKt__CharKt                                                     : loaded 2 times (x 69B)
Class com.google.common.base.Preconditions                                            : loaded 2 times (x 69B)
Class kotlin.coroutines.jvm.internal.Boxing                                           : loaded 2 times (x 69B)
Class kotlin.collections.ArraysKt                                                     : loaded 2 times (x 69B)
Class io.netty.handler.codec.TooLongFrameException                                    : loaded 2 times (x 80B)
Class io.netty.buffer.UnpooledByteBufAllocator                                        : loaded 2 times (x 117B)
Class io.netty.buffer.ByteBufUtil$ThreadLocalDirectByteBuf                            : loaded 2 times (x 311B)
Class io.netty.util.concurrent.DefaultEventExecutorChooserFactory                     : loaded 2 times (x 72B)
Class com.google.gson.stream.JsonReader                                               : loaded 2 times (x 95B)
Class com.fasterxml.jackson.databind.node.ObjectNode                                  : loaded 2 times (x 279B)
Class com.fasterxml.jackson.databind.AnnotationIntrospector                           : loaded 2 times (x 155B)
Class io.ktor.http.Parameters$Companion                                               : loaded 2 times (x 69B)
Class kotlin.LazyKt                                                                   : loaded 2 times (x 69B)
Class org.slf4j.helpers.NOP_FallbackServiceProvider                                   : loaded 2 times (x 82B)
Class kotlin.collections.SetsKt__SetsKt                                               : loaded 2 times (x 69B)
Class io.ktor.utils.io.ByteChannel$Slot$Write                                         : loaded 2 times (x 77B)
Class io.netty.util.internal.TypeParameterMatcher$ReflectiveMatcher                   : loaded 2 times (x 71B)
Class io.netty.buffer.UnpooledSlicedByteBuf                                           : loaded 2 times (x 314B)
Class io.netty.channel.CombinedChannelDuplexHandler                                   : loaded 2 times (x 117B)
Class com.google.gson.internal.reflect.ReflectionHelper$RecordSupportedHelper         : loaded 2 times (x 76B)
Class com.fasterxml.jackson.databind.ser.std.StdJdkSerializers                        : loaded 2 times (x 69B)
Class com.fasterxml.jackson.databind.ser.std.ReferenceTypeSerializer                  : loaded 2 times (x 123B)
Class com.fasterxml.jackson.databind.ser.std.NumberSerializer                         : loaded 2 times (x 116B)
Class com.fasterxml.jackson.databind.PropertyName                                     : loaded 2 times (x 81B)
Class com.fasterxml.jackson.databind.deser.std.EnumSetDeserializer                    : loaded 2 times (x 165B)
Class com.fasterxml.jackson.databind.ser.impl.UnknownSerializer                       : loaded 2 times (x 112B)
Class com.fasterxml.jackson.core.Base64Variant$PaddingReadBehaviour                   : loaded 2 times (x 77B)
Class com.fasterxml.jackson.databind.util.LookupCache                                 : loaded 2 times (x 68B)
Class kotlin.collections.ArraysKt__ArraysJVMKt                                        : loaded 2 times (x 69B)
Class io.netty.bootstrap.ServerBootstrap$1                                            : loaded 2 times (x 100B)
Class com.google.gson.internal.bind.JsonAdapterAnnotationTypeAdapterFactory           : loaded 2 times (x 73B)
Class com.fasterxml.jackson.databind.ser.std.NumberSerializers$IntegerSerializer      : loaded 2 times (x 116B)
Class com.fasterxml.jackson.databind.ser.impl.UnsupportedTypeSerializer               : loaded 2 times (x 111B)
Class com.fasterxml.jackson.databind.deser.BeanDeserializerModifier                   : loaded 2 times (x 80B)
Class [Lcom.fasterxml.jackson.databind.deser.Deserializers;                           : loaded 2 times (x 67B)
Class [Lcom.fasterxml.jackson.databind.MapperFeature;                                 : loaded 2 times (x 67B)
Class com.fasterxml.jackson.databind.introspect.BasicBeanDescription                  : loaded 2 times (x 120B)
Class io.ktor.util.Platform$Js                                                        : loaded 2 times (x 70B)
Class kotlin.text.StringsKt__StringBuilderKt                                          : loaded 2 times (x 69B)
Class io.ktor.http.EmptyHeaders                                                       : loaded 2 times (x 82B)
Class io.netty.util.NetUtilInitializations$NetworkIfaceAndInetAddress                 : loaded 2 times (x 70B)
Class io.netty.util.concurrent.DefaultPromise                                         : loaded 2 times (x 180B)
Class com.google.gson.internal.bind.NumberTypeAdapter                                 : loaded 2 times (x 72B)
Class com.fasterxml.jackson.databind.AbstractTypeResolver                             : loaded 2 times (x 72B)
Class com.fasterxml.jackson.core.PrettyPrinter                                        : loaded 2 times (x 68B)
Class com.fasterxml.jackson.core.base.ParserMinimalBase                               : loaded 2 times (x 217B)
Class com.google.common.base.Ticker$1                                                 : loaded 2 times (x 70B)
Class kotlin.NoWhenBranchMatchedException                                             : loaded 2 times (x 80B)
Class io.netty.handler.codec.DecoderResultProvider                                    : loaded 2 times (x 68B)
Class io.netty.buffer.CompositeByteBuf                                                : loaded 2 times (x 402B)
Class io.netty.channel.AbstractChannel$AnnotatedSocketException                       : loaded 2 times (x 80B)
Class io.netty.util.concurrent.DefaultPromise$CauseHolder                             : loaded 2 times (x 70B)
Class io.netty.util.concurrent.Future                                                 : loaded 2 times (x 68B)
Class com.google.gson.ToNumberPolicy$1                                                : loaded 2 times (x 81B)
Class [Lcom.google.gson.FieldNamingStrategy;                                          : loaded 2 times (x 67B)
Class com.google.gson.internal.Excluder                                               : loaded 2 times (x 73B)
Class [Lcom.fasterxml.jackson.databind.ser.Serializers;                               : loaded 2 times (x 67B)
Class com.fasterxml.jackson.databind.ser.std.AsArraySerializerBase                    : loaded 2 times (x 124B)
Class com.fasterxml.jackson.databind.ser.std.DateTimeSerializerBase                   : loaded 2 times (x 120B)
Class com.fasterxml.jackson.databind.exc.InvalidDefinitionException                   : loaded 2 times (x 97B)
Class com.fasterxml.jackson.databind.DeserializationConfig                            : loaded 2 times (x 130B)
Class com.fasterxml.jackson.databind.jsontype.impl.StdSubtypeResolver                 : loaded 2 times (x 83B)
Class org.slf4j.helpers.SubstituteServiceProvider                                     : loaded 2 times (x 83B)
Class kotlinx.io.SinksJvmKt                                                           : loaded 2 times (x 69B)
Class io.netty.buffer.UnpooledByteBufAllocator$InstrumentedUnpooledHeapByteBuf        : loaded 2 times (x 307B)
Class io.netty.buffer.PoolArena$DirectArena                                           : loaded 2 times (x 150B)
Class io.netty.util.internal.SystemPropertyUtil                                       : loaded 2 times (x 69B)
Class com.google.gson.internal.ReflectionAccessFilterHelper                           : loaded 2 times (x 69B)
Class com.google.gson.internal.reflect.ReflectionHelper$RecordHelper                  : loaded 2 times (x 73B)
Class com.google.gson.ToNumberPolicy$2                                                : loaded 2 times (x 81B)
Class com.fasterxml.jackson.databind.ser.std.JsonValueSerializer                      : loaded 2 times (x 120B)
Class com.fasterxml.jackson.databind.deser.CreatorProperty                            : loaded 2 times (x 142B)
Class com.fasterxml.jackson.databind.annotation.JsonDeserialize                       : loaded 2 times (x 68B)
Class com.fasterxml.jackson.databind.introspect.AnnotationIntrospectorPair            : loaded 2 times (x 158B)
Class io.ktor.util.logging.KtorSimpleLoggerJvmKt                                      : loaded 2 times (x 69B)
Class io.ktor.util.CollectionsKt                                                      : loaded 2 times (x 69B)
Class kotlinx.io.BuffersJvmKt                                                         : loaded 2 times (x 69B)
Class io.netty.handler.codec.http.HttpObjectDecoder$1                                 : loaded 2 times (x 72B)
Class io.netty.buffer.SimpleLeakAwareByteBuf                                          : loaded 2 times (x 283B)
Class io.netty.util.concurrent.Promise                                                : loaded 2 times (x 68B)
Class io.netty.util.internal.PlatformDependent$1                                      : loaded 2 times (x 72B)
Class com.google.gson.internal.bind.ReflectiveTypeAdapterFactory$FieldsData           : loaded 2 times (x 70B)
Class com.google.gson.ToNumberPolicy$3                                                : loaded 2 times (x 81B)
Class com.fasterxml.jackson.databind.ser.impl.PropertyBasedObjectIdGenerator          : loaded 2 times (x 78B)
Class com.fasterxml.jackson.databind.node.BinaryNode                                  : loaded 2 times (x 195B)
Class com.fasterxml.jackson.databind.node.TextNode                                    : loaded 2 times (x 196B)
Class com.fasterxml.jackson.databind.introspect.BasicClassIntrospector                : loaded 2 times (x 95B)
Class com.fasterxml.jackson.databind.type.CollectionLikeType                          : loaded 2 times (x 142B)
Class com.fasterxml.jackson.databind.JsonMappingException                             : loaded 2 times (x 94B)
Class io.netty.bootstrap.AbstractBootstrap                                            : loaded 2 times (x 93B)
Class io.ktor.util.PlatformUtils                                                      : loaded 2 times (x 69B)
Class io.netty.buffer.UnpooledDirectByteBuf                                           : loaded 2 times (x 311B)
Class kotlinx.io._UtilKt                                                              : loaded 2 times (x 69B)
Class io.netty.buffer.UnpooledByteBufAllocator$InstrumentedUnpooledUnsafeHeapByteBuf  : loaded 2 times (x 307B)
Class io.netty.buffer.PoolArenaMetric                                                 : loaded 2 times (x 68B)
Class io.netty.util.concurrent.SingleThreadEventExecutor$1                            : loaded 2 times (x 72B)
Class io.netty.channel.SingleThreadEventLoop                                          : loaded 2 times (x 386B)
Class io.netty.util.internal.PlatformDependent$2                                      : loaded 2 times (x 72B)
Class com.google.gson.ToNumberPolicy$4                                                : loaded 2 times (x 81B)
Class com.fasterxml.jackson.databind.JsonSerializer                                   : loaded 2 times (x 85B)
Class com.fasterxml.jackson.databind.cfg.ContextAttributes                            : loaded 2 times (x 74B)
Class com.fasterxml.jackson.databind.cfg.DatatypeFeature                              : loaded 2 times (x 68B)
Class [Lcom.fasterxml.jackson.annotation.Nulls;                                       : loaded 2 times (x 67B)
Class [Lcom.fasterxml.jackson.core.Base64Variant$PaddingReadBehaviour;                : loaded 2 times (x 67B)
Class com.fasterxml.jackson.databind.introspect.VisibilityChecker                     : loaded 2 times (x 68B)
Class com.google.common.collect.ImmutableList                                         : loaded 2 times (x 204B)
Class kotlinx.io.RawSink                                                              : loaded 2 times (x 68B)
Class io.netty.util.concurrent.GlobalEventExecutor$TaskRunner                         : loaded 2 times (x 73B)
Class kotlin.ranges.CharProgression                                                   : loaded 2 times (x 79B)
Class com.google.gson.internal.sql.SqlTypesSupport                                    : loaded 2 times (x 69B)
Class com.google.gson.Gson                                                            : loaded 2 times (x 70B)
Class com.fasterxml.jackson.databind.deser.std.MapEntryDeserializer                   : loaded 2 times (x 166B)
Class com.fasterxml.jackson.databind.JsonDeserializer                                 : loaded 2 times (x 95B)
Class com.fasterxml.jackson.databind.ser.ResolvableSerializer                         : loaded 2 times (x 68B)
Class com.fasterxml.jackson.core.json.WriterBasedJsonGenerator                        : loaded 2 times (x 218B)
Class com.fasterxml.jackson.databind.introspect.ClassIntrospector                     : loaded 2 times (x 77B)
Class io.grpc.netty.shaded.io.netty.internal.tcnative.SSLPrivateKeyMethodTask         : loaded 2 times (x 78B)
Class io.netty.channel.ChannelOutboundInvoker                                         : loaded 2 times (x 68B)
Class kotlin.coroutines.jvm.internal.SuspendFunction                                  : loaded 2 times (x 68B)
Class kotlin.jvm.internal.Ref$BooleanRef                                              : loaded 2 times (x 69B)
Class io.netty.buffer.PooledUnsafeDirectByteBuf                                       : loaded 2 times (x 309B)
Class io.netty.buffer.SizeClasses                                                     : loaded 2 times (x 80B)
Class [Lio.netty.buffer.PoolArena;                                                    : loaded 2 times (x 67B)
Class io.netty.channel.DefaultChannelConfig                                           : loaded 2 times (x 129B)
Class io.netty.channel.ChannelFuture                                                  : loaded 2 times (x 68B)
Class com.google.gson.Gson$1                                                          : loaded 2 times (x 74B)
Class com.fasterxml.jackson.databind.ser.std.NumberSerializers$DoubleSerializer       : loaded 2 times (x 116B)
Class com.fasterxml.jackson.databind.ser.std.EnumSerializer                           : loaded 2 times (x 116B)
Class com.fasterxml.jackson.databind.ser.std.InetSocketAddressSerializer              : loaded 2 times (x 113B)
Class [Lcom.fasterxml.jackson.core.type.ResolvedType;                                 : loaded 2 times (x 67B)
Class com.fasterxml.jackson.databind.util.internal.LinkedDeque                        : loaded 2 times (x 199B)
Class com.fasterxml.jackson.core.util.ByteArrayBuilder                                : loaded 2 times (x 84B)
Class io.netty.handler.codec.http.HttpHeadersFactory                                  : loaded 2 times (x 68B)
Class io.netty.buffer.UnreleasableByteBuf                                             : loaded 2 times (x 282B)
Class io.netty.util.NettyRuntime$AvailableProcessorsHolder                            : loaded 2 times (x 71B)
Class com.google.gson.Gson$2                                                          : loaded 2 times (x 74B)
Class com.fasterxml.jackson.databind.ser.std.StdJdkSerializers$AtomicIntegerSerializer: loaded 2 times (x 112B)
Class com.fasterxml.jackson.databind.introspect.AnnotationCollector$EmptyCollector    : loaded 2 times (x 75B)
Class com.fasterxml.jackson.databind.util.Named                                       : loaded 2 times (x 68B)
Class io.netty.handler.codec.http.DefaultHttpResponse                                 : loaded 2 times (x 100B)
Class kotlin.coroutines.jvm.internal.DebugProbesKt                                    : loaded 2 times (x 69B)
Class io.netty.handler.codec.DefaultHeaders$ValueValidator$1                          : loaded 2 times (x 72B)
Class io.netty.bootstrap.ServerBootstrap$1$1                                          : loaded 2 times (x 74B)
Class io.netty.channel.socket.InternetProtocolFamily                                  : loaded 2 times (x 78B)
Class io.netty.channel.DefaultSelectStrategy                                          : loaded 2 times (x 72B)
Class io.netty.util.internal.InternalThreadLocalMap                                   : loaded 2 times (x 70B)
Class io.netty.util.internal.ThrowableUtil                                            : loaded 2 times (x 69B)
Class io.netty.util.DefaultAttributeMap                                               : loaded 2 times (x 76B)
Class io.netty.channel.ServerChannel                                                  : loaded 2 times (x 68B)
Class com.google.gson.internal.bind.ReflectiveTypeAdapterFactory$BoundField           : loaded 2 times (x 73B)
Class com.google.gson.Gson$3                                                          : loaded 2 times (x 73B)
Class com.fasterxml.jackson.core.util.DefaultPrettyPrinter$Indenter                   : loaded 2 times (x 68B)
Class io.netty.util.concurrent.EventExecutorGroup                                     : loaded 2 times (x 68B)
Class io.ktor.util.ConcurrentSafeAttributes                                           : loaded 2 times (x 86B)
Class kotlinx.io.Segment$Companion                                                    : loaded 2 times (x 69B)
Class io.netty.channel.ChannelHandlerMask                                             : loaded 2 times (x 69B)
Class io.netty.channel.DefaultChannelHandlerContext                                   : loaded 2 times (x 190B)
Class io.netty.util.concurrent.EventExecutor                                          : loaded 2 times (x 68B)
Class io.ktor.http.CodecsKt                                                           : loaded 2 times (x 69B)
Class com.google.gson.internal.bind.DefaultDateTypeAdapter$1                          : loaded 2 times (x 73B)
Class com.google.gson.Gson$4                                                          : loaded 2 times (x 74B)
Class com.google.gson.internal.ConstructorConstructor                                 : loaded 2 times (x 70B)
Class com.fasterxml.jackson.databind.ser.std.NumberSerializers$FloatSerializer        : loaded 2 times (x 116B)
Class com.fasterxml.jackson.databind.deser.Deserializers                              : loaded 2 times (x 68B)
Class com.fasterxml.jackson.databind.deser.std.ThrowableDeserializer                  : loaded 2 times (x 221B)
Class com.fasterxml.jackson.databind.cfg.CoercionInputShape                           : loaded 2 times (x 77B)
Class com.google.common.collect.Iterables                                             : loaded 2 times (x 69B)
Class io.netty.handler.codec.http.HttpObjectEncoder                                   : loaded 2 times (x 105B)
Class io.netty.util.ResourceLeakTracker                                               : loaded 2 times (x 68B)
Class io.netty.util.concurrent.ProgressivePromise                                     : loaded 2 times (x 68B)
Class com.google.gson.ReflectionAccessFilter$FilterResult                             : loaded 2 times (x 77B)
Class com.google.gson.Gson$5                                                          : loaded 2 times (x 74B)
Class com.fasterxml.jackson.databind.ser.std.TokenBufferSerializer                    : loaded 2 times (x 112B)
Class com.fasterxml.jackson.databind.KeyDeserializer                                  : loaded 2 times (x 70B)
Class com.fasterxml.jackson.databind.introspect.AnnotatedParameter                    : loaded 2 times (x 89B)
Class com.fasterxml.jackson.databind.Module$SetupContext                              : loaded 2 times (x 68B)
Class org.slf4j.helpers.BasicMDCAdapter                                               : loaded 2 times (x 93B)

---------------  S Y S T E M  ---------------

OS:
 Windows 11 , 64 bit Build 22621 (10.0.22621.5415)
OS uptime: 14 days 12:40 hours
Hyper-V role detected

CPU: total 20 (initial active 20) (10 cores per cpu, 2 threads per core) family 6 model 151 stepping 2 microcode 0x15, cx8, cmov, fxsr, ht, mmx, 3dnowpref, sse, sse2, sse3, ssse3, sse4.1, sse4.2, popcnt, lzcnt, tsc, tscinvbit, avx, avx2, erms, clmul, bmi1, bmi2, adx, sha, fma, vzeroupper, clflush, clflushopt, clwb, hv, serialize, rdtscp, rdpid, fsrm, f16c, cet_ibt, cet_ss
Processor Information for processor 0
  Max Mhz: 2100, Current Mhz: 2100, Mhz Limit: 2100
Processor Information for processor 1
  Max Mhz: 2100, Current Mhz: 2100, Mhz Limit: 2100
Processor Information for processor 2
  Max Mhz: 2100, Current Mhz: 2100, Mhz Limit: 2100
Processor Information for processor 3
  Max Mhz: 2100, Current Mhz: 2100, Mhz Limit: 2100
Processor Information for processor 4
  Max Mhz: 2100, Current Mhz: 2100, Mhz Limit: 2100
Processor Information for processor 5
  Max Mhz: 2100, Current Mhz: 2100, Mhz Limit: 2100
Processor Information for processor 6
  Max Mhz: 2100, Current Mhz: 2100, Mhz Limit: 2100
Processor Information for processor 7
  Max Mhz: 2100, Current Mhz: 2100, Mhz Limit: 2100
Processor Information for processor 8
  Max Mhz: 2100, Current Mhz: 2100, Mhz Limit: 2100
Processor Information for processor 9
  Max Mhz: 2100, Current Mhz: 2100, Mhz Limit: 2100
Processor Information for processor 10
  Max Mhz: 2100, Current Mhz: 2100, Mhz Limit: 2100
Processor Information for processor 11
  Max Mhz: 2100, Current Mhz: 2100, Mhz Limit: 2100
Processor Information for processor 12
  Max Mhz: 2100, Current Mhz: 2100, Mhz Limit: 2100
Processor Information for processor 13
  Max Mhz: 2100, Current Mhz: 2100, Mhz Limit: 2100
Processor Information for processor 14
  Max Mhz: 2100, Current Mhz: 2100, Mhz Limit: 2100
Processor Information for processor 15
  Max Mhz: 2100, Current Mhz: 2100, Mhz Limit: 2100
Processor Information for processor 16
  Max Mhz: 2100, Current Mhz: 1600, Mhz Limit: 1596
Processor Information for processor 17
  Max Mhz: 2100, Current Mhz: 1600, Mhz Limit: 1596
Processor Information for processor 18
  Max Mhz: 2100, Current Mhz: 1600, Mhz Limit: 1596
Processor Information for processor 19
  Max Mhz: 2100, Current Mhz: 1600, Mhz Limit: 1596

Memory: 4k page, system-wide physical 16227M (752M free)
TotalPageFile size 48995M (AvailPageFile size 803M)
current process WorkingSet (physical memory assigned to process): 1267M, peak: 1380M
current process commit charge ("private bytes"): 2288M, peak: 2290M

vm_info: OpenJDK 64-Bit Server VM (21.0.7+6-b1038.58) for windows-amd64 JRE (21.0.7+6-b1038.58), built on 2025-07-07 by "builduser" with MS VC++ 16.10 / 16.11 (VS2019)

END.
